Timestamp,Azimuth(deg),Elevation(deg)
2025/10/05 00:00:00.176,244.994,11.206
2025/10/05 00:00:01.579,246.03,11.206
2025/10/05 00:00:02.967,246.98,11.206
2025/10/05 00:00:04.604,248.01,11.206
2025/10/05 00:00:06.051,248.996,11.206
2025/10/05 00:00:07.478,250.015,11.206
2025/10/05 00:00:09.096,251.004,11.206
2025/10/05 00:00:11.951,227.045,6.784
2025/10/05 00:00:13.516,227.463,6.784
2025/10/05 00:00:14.915,228.015,6.784
2025/10/05 00:00:16.271,228.498,6.784
2025/10/05 00:00:17.669,229.015,6.784
2025/10/05 00:00:19.042,229.509,6.784
2025/10/05 00:00:20.584,230.001,6.784
2025/10/05 00:00:21.982,230.503,6.784
2025/10/05 00:00:23.366,231.006,6.784
2025/10/05 00:00:24.745,231.509,6.784
2025/10/05 00:00:26.318,232.006,6.784
2025/10/05 00:00:27.723,232.506,6.784
2025/10/05 00:00:29.089,233.0,6.784
2025/10/05 00:00:30.660,233.494,6.784
2025/10/05 00:00:32.059,234.0,6.784
2025/10/05 00:00:33.429,234.508,6.784
2025/10/05 00:00:34.782,235.013,6.784
2025/10/05 00:00:36.125,235.497,6.784
2025/10/05 00:00:37.656,236.007,6.784
2025/10/05 00:00:39.006,236.505,6.784
2025/10/05 00:00:40.361,237.01,6.784
2025/10/05 00:00:41.735,237.502,6.784
2025/10/05 00:00:43.326,238.004,6.784
2025/10/05 00:00:44.725,238.499,6.784
2025/10/05 00:00:46.091,238.976,6.784
2025/10/05 00:00:47.670,239.52,6.784
2025/10/05 00:00:49.079,240.012,6.784
2025/10/05 00:00:50.444,240.526,6.784
2025/10/05 00:00:51.812,240.998,6.784
2025/10/05 00:00:53.189,241.495,6.784
2025/10/05 00:00:54.734,242.0,6.784
2025/10/05 00:00:56.139,242.511,6.784
2025/10/05 00:00:57.487,243.0,6.784
2025/10/05 00:00:58.870,243.497,6.784
2025/10/05 00:01:00.262,244.027,6.784
2025/10/05 00:01:01.650,244.497,6.784
2025/10/05 00:01:03.049,245.005,6.784
2025/10/05 00:01:04.428,245.489,6.784
2025/10/05 00:01:05.825,246.002,6.784
2025/10/05 00:01:07.413,246.527,6.784
2025/10/05 00:01:08.775,246.997,6.784
2025/10/05 00:01:11.721,229.048,4.883
2025/10/05 00:01:13.123,229.457,4.883
2025/10/05 00:01:14.515,230.02,4.883
2025/10/05 00:01:15.880,230.506,4.883
2025/10/05 00:01:17.296,230.984,4.883
2025/10/05 00:01:18.690,231.528,4.883
2025/10/05 00:01:20.082,232.022,4.883
2025/10/05 00:01:21.463,232.508,4.883
2025/10/05 00:01:22.840,233.003,4.883
2025/10/05 00:01:24.397,233.481,4.883
2025/10/05 00:01:25.796,234.027,4.883
2025/10/05 00:01:27.157,234.508,4.883
2025/10/05 00:01:28.781,234.994,4.883
2025/10/05 00:01:30.176,235.521,4.883
2025/10/05 00:01:31.549,235.988,4.883
2025/10/05 00:01:32.924,236.529,4.883
2025/10/05 00:01:34.478,237.002,4.883
2025/10/05 00:01:35.872,237.477,4.883
2025/10/05 00:01:37.243,238.043,4.883
2025/10/05 00:01:38.607,238.488,4.883
2025/10/05 00:01:39.964,239.02,4.883
2025/10/05 00:01:41.520,239.493,4.883
2025/10/05 00:01:42.878,239.998,4.883
2025/10/05 00:01:44.265,240.517,4.883
2025/10/05 00:01:45.625,241.006,4.883
2025/10/05 00:01:46.995,241.506,4.883
2025/10/05 00:01:48.407,241.998,4.883
2025/10/05 00:01:49.784,242.525,4.883
2025/10/05 00:01:51.149,243.006,4.883
2025/10/05 00:01:52.516,243.495,4.883
2025/10/05 00:01:54.135,244.008,4.883
2025/10/05 00:01:55.517,244.489,4.883
2025/10/05 00:01:56.923,245.022,4.883
2025/10/05 00:01:59.852,229.031,4.29
2025/10/05 00:02:01.233,229.46,4.29
2025/10/05 00:02:02.605,230.014,4.29
2025/10/05 00:02:03.960,230.509,4.29
2025/10/05 00:02:05.590,231.0,4.29
2025/10/05 00:02:06.956,231.506,4.29
2025/10/05 00:02:08.324,232.008,4.29
2025/10/05 00:02:09.700,232.497,4.29
2025/10/05 00:02:11.054,233.003,4.29
2025/10/05 00:02:12.619,233.489,4.29
2025/10/05 00:02:14.027,234.022,4.29
2025/10/05 00:02:15.386,234.491,4.29
2025/10/05 00:02:16.749,235.008,4.29
2025/10/05 00:02:18.345,235.483,4.29
2025/10/05 00:02:19.718,236.029,4.29
2025/10/05 00:02:21.121,236.499,4.29
2025/10/05 00:02:22.696,237.018,4.29
2025/10/05 00:02:24.103,237.496,4.29
2025/10/05 00:02:25.509,238.004,4.29
2025/10/05 00:02:26.885,238.51,4.29
2025/10/05 00:02:28.251,239.007,4.29
2025/10/05 00:02:29.791,239.479,4.29
2025/10/05 00:02:31.218,240.023,4.29
2025/10/05 00:02:32.581,240.523,4.29
2025/10/05 00:02:33.943,240.99,4.29
2025/10/05 00:02:35.513,241.509,4.29
2025/10/05 00:02:36.905,242.017,4.29
2025/10/05 00:02:38.281,242.517,4.29
2025/10/05 00:02:39.654,242.965,4.29
2025/10/05 00:02:41.025,243.528,4.29
2025/10/05 00:02:42.575,244.011,4.29
2025/10/05 00:02:43.963,244.486,4.29
2025/10/05 00:02:45.335,245.013,4.29
2025/10/05 00:02:48.459,223.041,11.206
2025/10/05 00:02:49.894,223.922,11.206
2025/10/05 00:02:51.509,225.035,11.206
2025/10/05 00:02:52.914,225.993,11.206
2025/10/05 00:02:54.320,227.001,11.206
2025/10/05 00:02:55.741,228.009,11.206
2025/10/05 00:02:57.379,229.009,11.206
2025/10/05 00:02:58.770,230.001,11.206
2025/10/05 00:03:00.184,231.0,11.206
2025/10/05 00:03:01.591,232.006,11.206
2025/10/05 00:03:03.191,233.019,11.206
2025/10/05 00:03:04.629,233.989,11.206
2025/10/05 00:03:06.046,235.016,11.206
2025/10/05 00:03:07.625,236.002,11.206
2025/10/05 00:03:09.042,236.996,11.206
2025/10/05 00:03:10.466,238.023,11.206
2025/10/05 00:03:11.869,238.993,11.206
2025/10/05 00:03:13.463,240.004,11.206
2025/10/05 00:03:14.892,241.009,11.206
2025/10/05 00:03:16.509,242.006,11.206
2025/10/05 00:03:17.918,243.019,11.206
2025/10/05 00:03:19.344,244.019,11.206
2025/10/05 00:03:20.750,244.986,11.206
2025/10/05 00:03:22.398,246.016,11.206
2025/10/05 00:03:23.843,247.008,11.206
2025/10/05 00:03:25.248,247.991,11.206
2025/10/05 00:03:26.856,248.988,11.206
2025/10/05 00:03:28.318,250.031,11.206
2025/10/05 00:03:29.737,250.985,11.206
2025/10/05 00:03:32.806,227.037,6.784
2025/10/05 00:03:34.162,227.474,6.784
2025/10/05 00:03:35.576,228.004,6.784
2025/10/05 00:03:37.144,228.515,6.784
2025/10/05 00:03:38.527,229.009,6.784
2025/10/05 00:03:39.898,229.512,6.784
2025/10/05 00:03:41.268,230.001,6.784
2025/10/05 00:03:42.646,230.501,6.784
2025/10/05 00:03:44.259,230.998,6.784
2025/10/05 00:03:45.617,231.511,6.784
2025/10/05 00:03:46.990,231.984,6.784
2025/10/05 00:03:48.550,232.519,6.784
2025/10/05 00:03:49.933,232.992,6.784
2025/10/05 00:03:51.324,233.516,6.784
2025/10/05 00:03:52.708,234.0,6.784
2025/10/05 00:03:54.064,234.502,6.784
2025/10/05 00:03:55.479,235.008,6.784
2025/10/05 00:03:56.860,235.499,6.784
2025/10/05 00:03:58.231,236.007,6.784
2025/10/05 00:03:59.590,236.491,6.784
2025/10/05 00:04:01.169,237.029,6.784
2025/10/05 00:04:02.541,237.488,6.784
2025/10/05 00:04:03.935,238.01,6.784
2025/10/05 00:04:05.312,238.507,6.784
2025/10/05 00:04:06.891,238.996,6.784
2025/10/05 00:04:08.279,239.504,6.784
2025/10/05 00:04:09.672,240.001,6.784
2025/10/05 00:04:11.022,240.523,6.784
2025/10/05 00:04:12.446,240.998,6.784
2025/10/05 00:04:13.843,241.498,6.784
2025/10/05 00:04:15.207,242.006,6.784
2025/10/05 00:04:16.571,242.509,6.784
2025/10/05 00:04:18.174,243.0,6.784
2025/10/05 00:04:19.573,243.533,6.784
2025/10/05 00:04:20.944,243.995,6.784
2025/10/05 00:04:22.325,244.492,6.784
2025/10/05 00:04:23.702,245.008,6.784
2025/10/05 00:04:25.261,245.5,6.784
2025/10/05 00:04:26.651,246.002,6.784
2025/10/05 00:04:28.009,246.527,6.784
2025/10/05 00:04:29.557,246.983,6.784
2025/10/05 00:04:32.266,229.031,4.883
2025/10/05 00:04:33.628,229.46,4.883
2025/10/05 00:04:35.229,230.017,4.883
2025/10/05 00:04:36.613,230.492,4.883
2025/10/05 00:04:37.999,231.02,4.883
2025/10/05 00:04:39.556,231.52,4.883
2025/10/05 00:04:40.944,232.0,4.883
2025/10/05 00:04:42.345,232.5,4.883
2025/10/05 00:04:43.741,233.003,4.883
2025/10/05 00:04:45.107,233.5,4.883
2025/10/05 00:04:46.658,234.019,4.883
2025/10/05 00:04:48.030,234.491,4.883
2025/10/05 00:04:49.385,235.008,4.883
2025/10/05 00:04:50.779,235.513,4.883
2025/10/05 00:04:52.390,235.999,4.883
2025/10/05 00:04:53.797,236.496,4.883
2025/10/05 00:04:55.155,237.01,4.883
2025/10/05 00:04:56.511,237.485,4.883
2025/10/05 00:04:58.075,238.018,4.883
2025/10/05 00:04:59.442,238.499,4.883
2025/10/05 00:05:00.836,239.007,4.883
2025/10/05 00:05:02.201,239.487,4.883
2025/10/05 00:05:03.783,240.031,4.883
2025/10/05 00:05:05.140,240.498,4.883
2025/10/05 00:05:06.514,241.023,4.883
2025/10/05 00:05:07.920,241.492,4.883
2025/10/05 00:05:09.284,242.009,4.883
2025/10/05 00:05:10.754,242.498,4.883
2025/10/05 00:05:12.141,243.006,4.883
2025/10/05 00:05:13.508,243.517,4.883
2025/10/05 00:05:14.887,244.008,4.883
2025/10/05 00:05:16.469,244.492,4.883
2025/10/05 00:05:17.850,245.016,4.883
2025/10/05 00:05:20.511,229.039,4.292
2025/10/05 00:05:22.137,229.451,4.292
2025/10/05 00:05:23.492,230.042,4.292
2025/10/05 00:05:24.845,230.498,4.292
2025/10/05 00:05:26.247,230.998,4.292
2025/10/05 00:05:27.823,231.503,4.292
2025/10/05 00:05:29.207,232.003,4.292
2025/10/05 00:05:30.573,232.508,4.292
2025/10/05 00:05:31.954,233.003,4.292
2025/10/05 00:05:33.349,233.492,4.292
2025/10/05 00:05:34.749,234.005,4.292
2025/10/05 00:05:36.141,234.535,4.292
2025/10/05 00:05:37.508,234.997,4.292
2025/10/05 00:05:38.839,235.51,4.292
2025/10/05 00:05:40.405,235.999,4.292
2025/10/05 00:05:41.761,236.51,4.292
2025/10/05 00:05:43.195,236.985,4.292
2025/10/05 00:05:44.782,237.496,4.292
2025/10/05 00:05:46.202,238.001,4.292
2025/10/05 00:05:47.569,238.537,4.292
2025/10/05 00:05:48.910,239.004,4.292
2025/10/05 00:05:50.294,239.498,4.292
2025/10/05 00:05:51.768,240.015,4.292
2025/10/05 00:05:53.182,240.506,4.292
2025/10/05 00:05:54.530,241.009,4.292
2025/10/05 00:05:55.895,241.492,4.292
2025/10/05 00:05:57.471,242.017,4.292
2025/10/05 00:05:58.870,242.495,4.292
2025/10/05 00:06:00.235,243.011,4.292
2025/10/05 00:06:01.773,243.511,4.292
2025/10/05 00:06:03.189,244.008,4.292
2025/10/05 00:06:04.547,244.47,4.292
2025/10/05 00:06:05.933,244.997,4.292
2025/10/05 00:06:09.010,223.041,11.206
2025/10/05 00:06:10.463,223.922,11.206
2025/10/05 00:06:12.042,225.016,11.206
2025/10/05 00:06:13.479,226.01,11.206
2025/10/05 00:06:14.902,227.001,11.206
2025/10/05 00:06:16.318,228.009,11.206
2025/10/05 00:06:17.770,228.984,11.206
2025/10/05 00:06:19.232,230.047,11.206
2025/10/05 00:06:20.630,230.992,11.206
2025/10/05 00:06:22.272,232.003,11.206
2025/10/05 00:06:23.671,233.0,11.206
2025/10/05 00:06:25.054,234.011,11.206
2025/10/05 00:06:26.664,235.016,11.206
2025/10/05 00:06:28.068,236.002,11.206
2025/10/05 00:06:29.487,236.993,11.206
2025/10/05 00:06:30.889,238.01,11.206
2025/10/05 00:06:32.533,239.001,11.206
2025/10/05 00:06:33.992,240.004,11.206
2025/10/05 00:06:35.412,241.001,11.206
2025/10/05 00:06:36.979,242.0,11.206
2025/10/05 00:06:38.410,243.025,11.206
2025/10/05 00:06:39.807,243.997,11.206
2025/10/05 00:06:41.455,245.005,11.206
2025/10/05 00:06:42.874,246.008,11.206
2025/10/05 00:06:44.276,247.002,11.206
2025/10/05 00:06:45.722,248.007,11.206
2025/10/05 00:06:47.118,249.007,11.206
2025/10/05 00:06:48.547,250.001,11.206
2025/10/05 00:06:49.948,251.02,11.206
2025/10/05 00:06:53.112,227.059,6.786
2025/10/05 00:06:54.481,227.463,6.786
2025/10/05 00:06:56.055,228.009,6.786
2025/10/05 00:06:57.410,228.512,6.786
2025/10/05 00:06:58.800,229.001,6.786
2025/10/05 00:07:00.168,229.52,6.786
2025/10/05 00:07:01.684,229.998,6.786
2025/10/05 00:07:03.068,230.506,6.786
2025/10/05 00:07:04.441,231.003,6.786
2025/10/05 00:07:05.817,231.495,6.786
2025/10/05 00:07:07.203,232.022,6.786
2025/10/05 00:07:08.559,232.497,6.786
2025/10/05 00:07:09.943,232.994,6.786
2025/10/05 00:07:11.503,233.5,6.786
2025/10/05 00:07:12.922,234.002,6.786
2025/10/05 00:07:14.289,234.511,6.786
2025/10/05 00:07:15.863,234.997,6.786
2025/10/05 00:07:17.237,235.494,6.786
2025/10/05 00:07:18.633,236.005,6.786
2025/10/05 00:07:20.004,236.51,6.786
2025/10/05 00:07:21.392,236.996,6.786
2025/10/05 00:07:22.808,237.51,6.786
2025/10/05 00:07:24.186,237.999,6.786
2025/10/05 00:07:25.580,238.504,6.786
2025/10/05 00:07:26.935,239.02,6.786
2025/10/05 00:07:28.533,239.487,6.786
2025/10/05 00:07:29.908,239.998,6.786
2025/10/05 00:07:31.293,240.512,6.786
2025/10/05 00:07:32.868,241.014,6.786
2025/10/05 00:07:34.263,241.501,6.786
2025/10/05 00:07:35.648,242.003,6.786
2025/10/05 00:07:37.026,242.509,6.786
2025/10/05 00:07:38.447,243.008,6.786
2025/10/05 00:07:39.841,243.497,6.786
2025/10/05 00:07:41.198,244.011,6.786
2025/10/05 00:07:42.586,244.492,6.786
2025/10/05 00:07:43.962,245.024,6.786
2025/10/05 00:07:45.524,245.511,6.786
2025/10/05 00:07:46.946,245.989,6.786
2025/10/05 00:07:48.320,246.508,6.786
2025/10/05 00:07:49.918,246.999,6.786
2025/10/05 00:07:52.599,229.048,4.886
2025/10/05 00:07:54.036,229.454,4.886
2025/10/05 00:07:55.406,230.025,4.886
2025/10/05 00:07:56.799,230.492,4.886
2025/10/05 00:07:58.184,231.011,4.886
2025/10/05 00:07:59.572,231.498,4.886
2025/10/05 00:08:00.968,232.022,4.886
2025/10/05 00:08:02.546,232.508,4.886
2025/10/05 00:08:03.928,233.005,4.886
2025/10/05 00:08:05.298,233.481,4.886
2025/10/05 00:08:06.887,234.022,4.886
2025/10/05 00:08:08.278,234.497,4.886
2025/10/05 00:08:09.618,235.024,4.886
2025/10/05 00:08:11.018,235.494,4.886
2025/10/05 00:08:12.404,236.01,4.886
2025/10/05 00:08:14.029,236.505,4.886
2025/10/05 00:08:15.364,236.985,4.886
2025/10/05 00:08:16.754,237.518,4.886
2025/10/05 00:08:18.133,237.999,4.886
2025/10/05 00:08:19.696,238.504,4.886
2025/10/05 00:08:21.108,238.998,4.886
2025/10/05 00:08:22.489,239.512,4.886
2025/10/05 00:08:23.854,240.028,4.886
2025/10/05 00:08:25.451,240.473,4.886
2025/10/05 00:08:26.832,241.003,4.886
2025/10/05 00:08:28.230,241.55,4.886
2025/10/05 00:08:29.598,241.992,4.886
2025/10/05 00:08:30.975,242.503,4.886
2025/10/05 00:08:32.555,242.984,4.886
2025/10/05 00:08:33.947,243.517,4.886
2025/10/05 00:08:35.296,244.016,4.886
2025/10/05 00:08:36.874,244.514,4.886
2025/10/05 00:08:38.251,244.989,4.886
2025/10/05 00:08:40.825,229.031,4.287
2025/10/05 00:08:42.184,229.438,4.287
2025/10/05 00:08:43.742,230.031,4.287
2025/10/05 00:08:45.112,230.501,4.287
2025/10/05 00:08:46.498,231.006,4.287
2025/10/05 00:08:47.864,231.514,4.287
2025/10/05 00:08:49.247,232.008,4.287
2025/10/05 00:08:50.787,232.5,4.287
2025/10/05 00:08:52.164,233.005,4.287
2025/10/05 00:08:53.544,233.505,4.287
2025/10/05 00:08:54.916,234.013,4.287
2025/10/05 00:08:56.457,234.491,4.287
2025/10/05 00:08:57.855,234.997,4.287
2025/10/05 00:08:59.258,235.491,4.287
2025/10/05 00:09:00.626,236.035,4.287
2025/10/05 00:09:01.960,236.488,4.287
2025/10/05 00:09:03.572,237.021,4.287
2025/10/05 00:09:04.927,237.51,4.287
2025/10/05 00:09:06.326,237.999,4.287
2025/10/05 00:09:07.895,238.49,4.287
2025/10/05 00:09:09.302,239.023,4.287
2025/10/05 00:09:10.666,239.49,4.287
2025/10/05 00:09:12.013,240.012,4.287
2025/10/05 00:09:13.389,240.515,4.287
2025/10/05 00:09:15.036,240.992,4.287
2025/10/05 00:09:16.408,241.517,4.287
2025/10/05 00:09:17.816,242.003,4.287
2025/10/05 00:09:19.174,242.478,4.287
2025/10/05 00:09:20.778,243.033,4.287
2025/10/05 00:09:22.148,243.492,4.287
2025/10/05 00:09:23.525,244.003,4.287
2025/10/05 00:09:24.881,244.508,4.287
2025/10/05 00:09:26.247,245.019,4.287
2025/10/05 00:09:29.355,223.008,11.206
2025/10/05 00:09:30.780,223.922,11.206
2025/10/05 00:09:32.365,225.016,11.206
2025/10/05 00:09:33.805,226.004,11.206
2025/10/05 00:09:35.201,226.996,11.206
2025/10/05 00:09:36.796,228.02,11.206
2025/10/05 00:09:38.194,229.006,11.206
2025/10/05 00:09:39.612,229.998,11.206
2025/10/05 00:09:41.024,231.025,11.206
2025/10/05 00:09:42.626,231.989,11.206
2025/10/05 00:09:44.066,233.008,11.206
2025/10/05 00:09:45.478,234.013,11.206
2025/10/05 00:09:47.054,234.994,11.206
2025/10/05 00:09:48.491,236.013,11.206
2025/10/05 00:09:49.889,236.996,11.206
2025/10/05 00:09:51.571,238.029,11.206
2025/10/05 00:09:52.975,239.004,11.206
2025/10/05 00:09:54.412,239.993,11.206
2025/10/05 00:09:55.836,241.014,11.206
2025/10/05 00:09:57.447,242.031,11.206
2025/10/05 00:09:58.872,242.981,11.206
2025/10/05 00:10:00.278,244.011,11.206
2025/10/05 00:10:01.932,245.027,11.206
2025/10/05 00:10:03.347,245.972,11.206
2025/10/05 00:10:04.765,247.018,11.206
2025/10/05 00:10:06.197,248.015,11.206
2025/10/05 00:10:07.783,248.991,11.206
2025/10/05 00:10:09.202,249.999,11.206
2025/10/05 00:10:10.637,251.012,11.206
2025/10/05 00:10:13.729,227.034,6.784
2025/10/05 00:10:15.107,227.482,6.784
2025/10/05 00:10:16.480,227.996,6.784
2025/10/05 00:10:18.078,228.509,6.784
2025/10/05 00:10:19.437,228.995,6.784
2025/10/05 00:10:20.822,229.512,6.784
2025/10/05 00:10:22.172,230.017,6.784
2025/10/05 00:10:23.744,230.487,6.784
2025/10/05 00:10:25.129,230.987,6.784
2025/10/05 00:10:26.522,231.539,6.784
2025/10/05 00:10:27.887,231.989,6.784
2025/10/05 00:10:29.245,232.519,6.784
2025/10/05 00:10:30.646,233.005,6.784
2025/10/05 00:10:32.027,233.511,6.784
2025/10/05 00:10:33.394,234.008,6.784
2025/10/05 00:10:34.783,234.494,6.784
2025/10/05 00:10:36.331,235.024,6.784
2025/10/05 00:10:37.725,235.48,6.784
2025/10/05 00:10:39.107,236.024,6.784
2025/10/05 00:10:40.476,236.502,6.784
2025/10/05 00:10:41.873,237.013,6.784
2025/10/05 00:10:43.431,237.502,6.784
2025/10/05 00:10:44.803,238.001,6.784
2025/10/05 00:10:46.193,238.507,6.784
2025/10/05 00:10:47.736,239.004,6.784
2025/10/05 00:10:49.130,239.498,6.784
2025/10/05 00:10:50.501,240.001,6.784
2025/10/05 00:10:51.887,240.515,6.784
2025/10/05 00:10:53.255,240.998,6.784
2025/10/05 00:10:54.630,241.501,6.784
2025/10/05 00:10:56.011,241.998,6.784
2025/10/05 00:10:57.382,242.511,6.784
2025/10/05 00:10:58.755,243.003,6.784
2025/10/05 00:11:00.306,243.522,6.784
2025/10/05 00:11:01.727,244.022,6.784
2025/10/05 00:11:03.107,244.472,6.784
2025/10/05 00:11:04.484,245.008,6.784
2025/10/05 00:11:06.159,245.53,6.784
2025/10/05 00:11:07.499,245.978,6.784
2025/10/05 00:11:08.889,246.488,6.784
2025/10/05 00:11:10.281,246.997,6.784
2025/10/05 00:11:13.130,229.028,4.886
2025/10/05 00:11:14.497,229.484,4.886
2025/10/05 00:11:15.880,230.003,4.886
2025/10/05 00:11:17.223,230.498,4.886
2025/10/05 00:11:18.630,231.0,4.886
2025/10/05 00:11:20.010,231.514,4.886
2025/10/05 00:11:21.342,232.017,4.886
2025/10/05 00:11:22.727,232.497,4.886
2025/10/05 00:11:24.316,233.016,4.886
2025/10/05 00:11:25.720,233.472,4.886
2025/10/05 00:11:27.128,234.027,4.886
2025/10/05 00:11:28.499,234.447,4.886
2025/10/05 00:11:30.065,235.06,4.886
2025/10/05 00:11:31.448,235.505,4.886
2025/10/05 00:11:32.792,236.021,4.886
2025/10/05 00:11:34.164,236.496,4.886
2025/10/05 00:11:35.723,237.013,4.886
2025/10/05 00:11:37.110,237.499,4.886
2025/10/05 00:11:38.523,237.993,4.886
2025/10/05 00:11:39.886,238.507,4.886
2025/10/05 00:11:41.235,239.009,4.886
2025/10/05 00:11:42.638,239.493,4.886
2025/10/05 00:11:44.012,240.017,4.886
2025/10/05 00:11:45.369,240.498,4.886
2025/10/05 00:11:46.746,241.003,4.886
2025/10/05 00:11:48.338,241.495,4.886
2025/10/05 00:11:49.756,242.022,4.886
2025/10/05 00:11:51.144,242.467,4.886
2025/10/05 00:11:52.508,243.055,4.886
2025/10/05 00:11:54.051,243.506,4.886
2025/10/05 00:11:55.437,244.014,4.886
2025/10/05 00:11:56.820,244.492,4.886
2025/10/05 00:11:58.201,245.002,4.886
2025/10/05 00:12:01.096,229.039,4.287
2025/10/05 00:12:02.481,229.465,4.287
2025/10/05 00:12:03.889,230.014,4.287
2025/10/05 00:12:05.254,230.495,4.287
2025/10/05 00:12:06.813,231.0,4.287
2025/10/05 00:12:08.213,231.539,4.287
2025/10/05 00:12:09.568,231.984,4.287
2025/10/05 00:12:10.918,232.536,4.287
2025/10/05 00:12:12.304,232.978,4.287
2025/10/05 00:12:13.875,233.505,4.287
2025/10/05 00:12:15.264,234.002,4.287
2025/10/05 00:12:16.641,234.5,4.287
2025/10/05 00:12:18.028,235.016,4.287
2025/10/05 00:12:19.589,235.505,4.287
2025/10/05 00:12:20.985,236.002,4.287
2025/10/05 00:12:22.364,236.505,4.287
2025/10/05 00:12:23.933,237.007,4.287
2025/10/05 00:12:25.335,237.499,4.287
2025/10/05 00:12:26.717,238.001,4.287
2025/10/05 00:12:28.090,238.51,4.287
2025/10/05 00:12:29.477,239.004,4.287
2025/10/05 00:12:30.924,239.518,4.287
2025/10/05 00:12:32.326,240.001,4.287
2025/10/05 00:12:33.704,240.493,4.287
2025/10/05 00:12:35.109,240.998,4.287
2025/10/05 00:12:36.657,241.525,4.287
2025/10/05 00:12:38.036,241.995,4.287
2025/10/05 00:12:39.435,242.495,4.287
2025/10/05 00:12:41.035,243.006,4.287
2025/10/05 00:12:42.430,243.519,4.287
2025/10/05 00:12:43.800,243.986,4.287
2025/10/05 00:12:45.184,244.494,4.287
2025/10/05 00:12:46.757,245.035,4.287
2025/10/05 00:12:49.655,223.03,11.206
2025/10/05 00:12:51.062,223.931,11.206
2025/10/05 00:12:52.653,225.005,11.206
2025/10/05 00:12:54.076,226.002,11.206
2025/10/05 00:12:55.522,227.01,11.206
2025/10/05 00:12:57.118,228.004,11.206
2025/10/05 00:12:58.577,229.004,11.206
2025/10/05 00:12:59.961,229.998,11.206
2025/10/05 00:13:01.555,231.017,11.206
2025/10/05 00:13:02.948,231.995,11.206
2025/10/05 00:13:04.349,233.016,11.206
2025/10/05 00:13:05.981,234.011,11.206
2025/10/05 00:13:07.399,234.997,11.206
2025/10/05 00:13:08.794,236.005,11.206
2025/10/05 00:13:10.212,237.007,11.206
2025/10/05 00:13:11.690,238.012,11.206
2025/10/05 00:13:13.078,239.009,11.206
2025/10/05 00:13:14.487,239.976,11.206
2025/10/05 00:13:15.891,241.031,11.206
2025/10/05 00:13:17.510,242.006,11.206
2025/10/05 00:13:18.939,242.984,11.206
2025/10/05 00:13:20.330,244.016,11.206
2025/10/05 00:13:21.932,245.011,11.206
2025/10/05 00:13:23.371,246.0,11.206
2025/10/05 00:13:24.771,246.991,11.206
2025/10/05 00:13:26.402,248.002,11.206
2025/10/05 00:13:27.821,249.01,11.206
2025/10/05 00:13:29.211,250.015,11.206
2025/10/05 00:13:30.830,251.028,11.206
2025/10/05 00:13:33.687,227.04,6.784
2025/10/05 00:13:35.359,227.468,6.784
2025/10/05 00:13:36.754,228.012,6.784
2025/10/05 00:13:38.125,228.49,6.784
2025/10/05 00:13:39.500,229.026,6.784
2025/10/05 00:13:40.954,229.493,6.784
2025/10/05 00:13:42.312,230.014,6.784
2025/10/05 00:13:43.670,230.49,6.784
2025/10/05 00:13:45.055,231.003,6.784
2025/10/05 00:13:46.618,231.492,6.784
2025/10/05 00:13:48.040,231.992,6.784
2025/10/05 00:13:49.413,232.528,6.784
2025/10/05 00:13:51.019,233.005,6.784
2025/10/05 00:13:52.375,233.525,6.784
2025/10/05 00:13:53.726,233.994,6.784
2025/10/05 00:13:55.098,234.524,6.784
2025/10/05 00:13:56.481,234.969,6.784
2025/10/05 00:13:58.080,235.521,6.784
2025/10/05 00:13:59.482,236.01,6.784
2025/10/05 00:14:00.853,236.505,6.784
2025/10/05 00:14:02.224,236.996,6.784
2025/10/05 00:14:03.816,237.496,6.784
2025/10/05 00:14:05.184,238.021,6.784
2025/10/05 00:14:06.592,238.499,6.784
2025/10/05 00:14:07.985,239.004,6.784
2025/10/05 00:14:09.339,239.504,6.784
2025/10/05 00:14:10.909,239.99,6.784
2025/10/05 00:14:12.291,240.526,6.784
2025/10/05 00:14:13.660,241.001,6.784
2025/10/05 00:14:15.018,241.509,6.784
2025/10/05 00:14:16.595,242.014,6.784
2025/10/05 00:14:17.966,242.476,6.784
2025/10/05 00:14:19.348,243.028,6.784
2025/10/05 00:14:20.756,243.497,6.784
2025/10/05 00:14:22.321,244.014,6.784
2025/10/05 00:14:23.728,244.492,6.784
2025/10/05 00:14:25.095,245.008,6.784
2025/10/05 00:14:26.470,245.511,6.784
2025/10/05 00:14:27.993,246.002,6.784
2025/10/05 00:14:29.384,246.497,6.784
2025/10/05 00:14:30.751,246.999,6.784
2025/10/05 00:14:33.673,229.039,4.883
2025/10/05 00:14:35.100,229.46,4.883
2025/10/05 00:14:36.450,230.028,4.883
2025/10/05 00:14:38.017,230.512,4.883
2025/10/05 00:14:39.382,230.998,4.883
2025/10/05 00:14:40.750,231.511,4.883
2025/10/05 00:14:42.137,231.989,4.883
2025/10/05 00:14:43.504,232.519,4.883
2025/10/05 00:14:45.207,232.994,4.883
2025/10/05 00:14:46.593,233.508,4.883
2025/10/05 00:14:47.951,234.008,4.883
2025/10/05 00:14:49.312,234.494,4.883
2025/10/05 00:14:50.913,235.027,4.883
2025/10/05 00:14:52.273,235.499,4.883
2025/10/05 00:14:53.661,235.963,4.883
2025/10/05 00:14:55.022,236.551,4.883
2025/10/05 00:14:56.382,237.01,4.883
2025/10/05 00:14:57.943,237.496,4.883
2025/10/05 00:14:59.315,237.999,4.883
2025/10/05 00:15:00.664,238.499,4.883
2025/10/05 00:15:02.024,239.023,4.883
2025/10/05 00:15:03.611,239.512,4.883
2025/10/05 00:15:04.966,239.965,4.883
2025/10/05 00:15:06.328,240.526,4.883
2025/10/05 00:15:07.712,241.003,4.883
2025/10/05 00:15:09.271,241.523,4.883
2025/10/05 00:15:10.643,242.0,4.883
2025/10/05 00:15:12.011,242.506,4.883
2025/10/05 00:15:13.393,243.003,4.883
2025/10/05 00:15:14.916,243.503,4.883
2025/10/05 00:15:16.297,244.003,4.883
2025/10/05 00:15:17.657,244.505,4.883
2025/10/05 00:15:19.029,244.994,4.883
2025/10/05 00:15:21.680,229.048,4.284
2025/10/05 00:15:23.052,229.451,4.284
2025/10/05 00:15:24.425,230.006,4.284
2025/10/05 00:15:25.783,230.528,4.284
2025/10/05 00:15:27.126,231.006,4.284
2025/10/05 00:15:28.706,231.509,4.284
2025/10/05 00:15:30.069,232.008,4.284
2025/10/05 00:15:31.442,232.506,4.284
2025/10/05 00:15:32.800,232.997,4.284
2025/10/05 00:15:34.398,233.497,4.284
2025/10/05 00:15:35.767,233.994,4.284
2025/10/05 00:15:37.156,234.516,4.284
2025/10/05 00:15:38.530,234.991,4.284
2025/10/05 00:15:40.208,235.524,4.284
2025/10/05 00:15:41.576,235.994,4.284
2025/10/05 00:15:42.961,236.507,4.284
2025/10/05 00:15:44.341,237.013,4.284
2025/10/05 00:15:45.743,237.496,4.284
2025/10/05 00:15:47.151,237.988,4.284
2025/10/05 00:15:48.514,238.526,4.284
2025/10/05 00:15:49.856,238.998,4.284
2025/10/05 00:15:51.458,239.504,4.284
2025/10/05 00:15:52.862,240.006,4.284
2025/10/05 00:15:54.241,240.495,4.284
2025/10/05 00:15:55.611,241.017,4.284
2025/10/05 00:15:56.984,241.506,4.284
2025/10/05 00:15:58.547,241.992,4.284
2025/10/05 00:15:59.911,242.511,4.284
2025/10/05 00:16:01.318,243.003,4.284
2025/10/05 00:16:02.876,243.492,4.284
2025/10/05 00:16:04.281,244.011,4.284
2025/10/05 00:16:05.640,244.525,4.284
2025/10/05 00:16:07.020,244.994,4.284
2025/10/05 00:16:10.091,223.052,11.206
2025/10/05 00:16:11.503,223.936,11.206
2025/10/05 00:16:12.926,224.991,11.206
2025/10/05 00:16:14.523,226.018,11.206
2025/10/05 00:16:15.937,227.001,11.206
2025/10/05 00:16:17.341,228.012,11.206
2025/10/05 00:16:18.933,229.015,11.206
2025/10/05 00:16:20.352,229.995,11.206
2025/10/05 00:16:21.759,231.028,11.206
2025/10/05 00:16:23.165,232.006,11.206
2025/10/05 00:16:24.780,232.997,11.206
2025/10/05 00:16:26.215,234.002,11.206
2025/10/05 00:16:27.597,235.002,11.206
2025/10/05 00:16:29.189,236.016,11.206
2025/10/05 00:16:30.619,236.974,11.206
2025/10/05 00:16:32.046,238.034,11.206
2025/10/05 00:16:33.432,239.009,11.206
2025/10/05 00:16:34.862,239.998,11.206
2025/10/05 00:16:36.268,241.009,11.206
2025/10/05 00:16:37.729,242.047,11.206
2025/10/05 00:16:39.351,242.97,11.206
2025/10/05 00:16:40.790,244.008,11.206
2025/10/05 00:16:42.210,245.013,11.206
2025/10/05 00:16:43.601,245.994,11.206
2025/10/05 00:16:45.036,247.021,11.206
2025/10/05 00:16:46.443,247.98,11.206
2025/10/05 00:16:47.862,249.013,11.206
2025/10/05 00:16:49.498,249.999,11.206
2025/10/05 00:16:50.939,250.996,11.206
2025/10/05 00:16:54.136,227.037,6.784
2025/10/05 00:16:55.532,227.463,6.784
2025/10/05 00:16:56.895,227.982,6.784
2025/10/05 00:16:58.281,228.539,6.784
2025/10/05 00:16:59.889,228.99,6.784
2025/10/05 00:17:01.284,229.534,6.784
2025/10/05 00:17:02.637,230.001,6.784
2025/10/05 00:17:04.036,230.512,6.784
2025/10/05 00:17:05.390,230.989,6.784
2025/10/05 00:17:06.967,231.522,6.784
2025/10/05 00:17:08.346,232.008,6.784
2025/10/05 00:17:09.725,232.506,6.784
2025/10/05 00:17:11.119,233.011,6.784
2025/10/05 00:17:12.723,233.505,6.784
2025/10/05 00:17:14.128,233.997,6.784
2025/10/05 00:17:15.492,234.513,6.784
2025/10/05 00:17:17.025,235.024,6.784
2025/10/05 00:17:18.466,235.505,6.784
2025/10/05 00:17:19.845,235.991,6.784
2025/10/05 00:17:21.223,236.494,6.784
2025/10/05 00:17:22.587,236.999,6.784
2025/10/05 00:17:24.076,237.499,6.784
2025/10/05 00:17:25.443,238.045,6.784
2025/10/05 00:17:26.808,238.488,6.784
2025/10/05 00:17:28.213,239.026,6.784
2025/10/05 00:17:29.751,239.487,6.784
2025/10/05 00:17:31.160,240.015,6.784
2025/10/05 00:17:32.511,240.512,6.784
2025/10/05 00:17:34.101,240.984,6.784
2025/10/05 00:17:35.498,241.523,6.784
2025/10/05 00:17:36.838,242.006,6.784
2025/10/05 00:17:38.195,242.503,6.784
2025/10/05 00:17:39.571,243.011,6.784
2025/10/05 00:17:41.090,243.528,6.784
2025/10/05 00:17:42.449,243.959,6.784
2025/10/05 00:17:43.797,244.508,6.784
2025/10/05 00:17:45.171,245.005,6.784
2025/10/05 00:17:46.736,245.511,6.784
2025/10/05 00:17:48.144,246.002,6.784
2025/10/05 00:17:49.503,246.494,6.784
2025/10/05 00:17:50.865,247.018,6.784
2025/10/05 00:17:53.823,229.001,4.886
2025/10/05 00:17:55.175,229.46,4.886
2025/10/05 00:17:56.571,230.006,4.886
2025/10/05 00:17:58.066,230.506,4.886
2025/10/05 00:17:59.438,231.003,4.886
2025/10/05 00:18:00.808,231.503,4.886
2025/10/05 00:18:02.181,232.003,4.886
2025/10/05 00:18:03.791,232.503,4.886
2025/10/05 00:18:05.164,233.005,4.886
2025/10/05 00:18:06.532,233.519,4.886
2025/10/05 00:18:07.880,233.991,4.886
2025/10/05 00:18:09.273,234.505,4.886
2025/10/05 00:18:10.833,234.997,4.886
2025/10/05 00:18:12.188,235.524,4.886
2025/10/05 00:18:13.574,235.988,4.886
2025/10/05 00:18:15.170,236.516,4.886
2025/10/05 00:18:16.562,236.993,4.886
2025/10/05 00:18:17.911,237.51,4.886
2025/10/05 00:18:19.292,237.993,4.886
2025/10/05 00:18:20.668,238.507,4.886
2025/10/05 00:18:22.210,239.007,4.886
2025/10/05 00:18:23.620,239.501,4.886
2025/10/05 00:18:24.961,240.015,4.886
2025/10/05 00:18:26.332,240.504,4.886
2025/10/05 00:18:27.755,241.017,4.886
2025/10/05 00:18:29.106,241.481,4.886
2025/10/05 00:18:30.457,242.014,4.886
2025/10/05 00:18:31.861,242.506,4.886
2025/10/05 00:18:33.223,242.995,4.886
2025/10/05 00:18:34.782,243.508,4.886
2025/10/05 00:18:36.175,244.011,4.886
2025/10/05 00:18:37.586,244.519,4.886
2025/10/05 00:18:39.194,245.005,4.886
2025/10/05 00:18:41.803,229.009,4.287
2025/10/05 00:18:43.167,229.457,4.287
2025/10/05 00:18:44.536,230.02,4.287
2025/10/05 00:18:46.138,230.506,4.287
2025/10/05 00:18:47.511,231.003,4.287
2025/10/05 00:18:48.910,231.503,4.287
2025/10/05 00:18:50.283,232.014,4.287
2025/10/05 00:18:51.663,232.5,4.287
2025/10/05 00:18:53.094,232.992,4.287
2025/10/05 00:18:54.461,233.505,4.287
2025/10/05 00:18:55.840,234.024,4.287
2025/10/05 00:18:57.217,234.491,4.287
2025/10/05 00:18:58.782,235.01,4.287
2025/10/05 00:19:00.149,235.491,4.287
2025/10/05 00:19:01.537,235.98,4.287
2025/10/05 00:19:03.122,236.529,4.287
2025/10/05 00:19:04.514,237.004,4.287
2025/10/05 00:19:05.926,237.507,4.287
2025/10/05 00:19:07.300,238.001,4.287
2025/10/05 00:19:08.650,238.523,4.287
2025/10/05 00:19:10.237,239.001,4.287
2025/10/05 00:19:11.624,239.515,4.287
2025/10/05 00:19:13.015,239.987,4.287
2025/10/05 00:19:14.407,240.509,4.287
2025/10/05 00:19:15.962,241.028,4.287
2025/10/05 00:19:17.350,241.492,4.287
2025/10/05 00:19:18.720,241.998,4.287
2025/10/05 00:19:20.112,242.506,4.287
2025/10/05 00:19:21.468,242.989,4.287
2025/10/05 00:19:23.020,243.541,4.287
2025/10/05 00:19:24.398,244.0,4.287
2025/10/05 00:19:25.778,244.483,4.287
2025/10/05 00:19:27.147,245.035,4.287
2025/10/05 00:19:30.260,223.041,11.206
2025/10/05 00:19:31.680,223.922,11.206
2025/10/05 00:19:33.283,225.005,11.206
2025/10/05 00:19:34.721,225.985,11.206
2025/10/05 00:19:36.150,227.023,11.206
2025/10/05 00:19:37.743,228.009,11.206
2025/10/05 00:19:39.187,228.998,11.206
2025/10/05 00:19:40.586,230.031,11.206
2025/10/05 00:19:42.218,231.011,11.206
2025/10/05 00:19:43.641,231.984,11.206
2025/10/05 00:19:45.023,233.011,11.206
2025/10/05 00:19:46.458,233.994,11.206
2025/10/05 00:19:48.094,235.002,11.206
2025/10/05 00:19:49.505,236.007,11.206
2025/10/05 00:19:50.925,237.013,11.206
2025/10/05 00:19:52.537,237.996,11.206
2025/10/05 00:19:53.953,238.993,11.206
2025/10/05 00:19:55.363,239.993,11.206
2025/10/05 00:19:56.959,241.023,11.206
2025/10/05 00:19:58.376,242.014,11.206
2025/10/05 00:19:59.772,242.984,11.206
2025/10/05 00:20:01.211,244.014,11.206
2025/10/05 00:20:02.829,245.038,11.206
2025/10/05 00:20:04.259,245.978,11.206
2025/10/05 00:20:05.684,246.999,11.206
2025/10/05 00:20:07.301,248.018,11.206
2025/10/05 00:20:08.730,248.996,11.206
2025/10/05 00:20:10.145,250.007,11.206
2025/10/05 00:20:11.752,251.023,11.206
2025/10/05 00:20:14.594,227.043,6.784
2025/10/05 00:20:15.970,227.474,6.784
2025/10/05 00:20:17.557,227.974,6.784
2025/10/05 00:20:18.939,228.539,6.784
2025/10/05 00:20:20.339,228.998,6.784
2025/10/05 00:20:21.703,229.495,6.784
2025/10/05 00:20:23.297,230.02,6.784
2025/10/05 00:20:24.689,230.501,6.784
2025/10/05 00:20:26.069,230.989,6.784
2025/10/05 00:20:27.445,231.525,6.784
2025/10/05 00:20:28.990,232.008,6.784
2025/10/05 00:20:30.394,232.508,6.784
2025/10/05 00:20:31.766,232.989,6.784
2025/10/05 00:20:33.139,233.5,6.784
2025/10/05 00:20:34.546,234.016,6.784
2025/10/05 00:20:36.198,234.513,6.784
2025/10/05 00:20:37.613,234.997,6.784
2025/10/05 00:20:38.970,235.499,6.784
2025/10/05 00:20:40.309,236.013,6.784
2025/10/05 00:20:41.684,236.499,6.784
2025/10/05 00:20:43.335,237.002,6.784
2025/10/05 00:20:44.709,237.515,6.784
2025/10/05 00:20:46.104,237.99,6.784
2025/10/05 00:20:47.467,238.512,6.784
2025/10/05 00:20:48.870,239.015,6.784
2025/10/05 00:20:50.248,239.493,6.784
2025/10/05 00:20:51.625,240.009,6.784
2025/10/05 00:20:52.975,240.52,6.784
2025/10/05 00:20:54.603,240.979,6.784
2025/10/05 00:20:55.985,241.534,6.784
2025/10/05 00:20:57.357,242.003,6.784
2025/10/05 00:20:58.735,242.514,6.784
2025/10/05 00:21:00.279,242.981,6.784
2025/10/05 00:21:01.661,243.495,6.784
2025/10/05 00:21:03.046,244.005,6.784
2025/10/05 00:21:04.395,244.516,6.784
2025/10/05 00:21:06.016,245.005,6.784
2025/10/05 00:21:07.378,245.5,6.784
2025/10/05 00:21:08.791,246.008,6.784
2025/10/05 00:21:10.167,246.505,6.784
2025/10/05 00:21:11.518,246.999,6.784
2025/10/05 00:21:14.574,229.053,4.883
2025/10/05 00:21:15.984,229.465,4.883
2025/10/05 00:21:17.373,230.003,4.883
2025/10/05 00:21:18.792,230.514,4.883
2025/10/05 00:21:20.170,231.011,4.883
2025/10/05 00:21:21.535,231.5,4.883
2025/10/05 00:21:22.906,231.992,4.883
2025/10/05 00:21:24.275,232.486,4.883
2025/10/05 00:21:25.841,233.011,4.883
2025/10/05 00:21:27.224,233.489,4.883
2025/10/05 00:21:28.579,234.024,4.883
2025/10/05 00:21:29.946,234.486,4.883
2025/10/05 00:21:31.311,234.958,4.883
2025/10/05 00:21:32.909,235.554,4.883
2025/10/05 00:21:34.261,236.024,4.883
2025/10/05 00:21:35.638,236.485,4.883
2025/10/05 00:21:37.215,236.999,4.883
2025/10/05 00:21:38.619,237.513,4.883
2025/10/05 00:21:39.986,238.004,4.883
2025/10/05 00:21:41.354,238.493,4.883
2025/10/05 00:21:42.699,239.007,4.883
2025/10/05 00:21:44.371,239.501,4.883
2025/10/05 00:21:45.724,240.001,4.883
2025/10/05 00:21:47.094,240.512,4.883
2025/10/05 00:21:48.454,241.02,4.883
2025/10/05 00:21:50.024,241.525,4.883
2025/10/05 00:21:51.368,241.995,4.883
2025/10/05 00:21:52.737,242.481,4.883
2025/10/05 00:21:54.133,243.011,4.883
2025/10/05 00:21:55.490,243.511,4.883
2025/10/05 00:21:57.060,243.995,4.883
2025/10/05 00:21:58.447,244.516,4.883
2025/10/05 00:21:59.816,245.0,4.883
2025/10/05 00:22:02.520,229.045,4.29
2025/10/05 00:22:03.997,229.468,4.29
2025/10/05 00:22:05.374,229.99,4.29
2025/10/05 00:22:06.729,230.523,4.29
2025/10/05 00:22:08.313,231.0,4.29
2025/10/05 00:22:09.665,231.514,4.29
2025/10/05 00:22:11.089,231.989,4.29
2025/10/05 00:22:12.449,232.517,4.29
2025/10/05 00:22:13.988,233.011,4.29
2025/10/05 00:22:15.384,233.467,4.29
2025/10/05 00:22:16.758,234.035,4.29
2025/10/05 00:22:18.146,234.516,4.29
2025/10/05 00:22:19.511,234.986,4.29
2025/10/05 00:22:21.062,235.505,4.29
2025/10/05 00:22:22.470,235.985,4.29
2025/10/05 00:22:23.837,236.532,4.29
2025/10/05 00:22:25.213,236.985,4.29
2025/10/05 00:22:26.797,237.507,4.29
2025/10/05 00:22:28.171,238.001,4.29
2025/10/05 00:22:29.541,238.479,4.29
2025/10/05 00:22:30.925,239.029,4.29
2025/10/05 00:22:32.499,239.509,4.29
2025/10/05 00:22:33.872,240.001,4.29
2025/10/05 00:22:35.243,240.52,4.29
2025/10/05 00:22:36.607,240.979,4.29
2025/10/05 00:22:38.146,241.506,4.29
2025/10/05 00:22:39.537,242.009,4.29
2025/10/05 00:22:40.904,242.525,4.29
2025/10/05 00:22:42.279,242.981,4.29
2025/10/05 00:22:43.838,243.506,4.29
2025/10/05 00:22:45.245,243.986,4.29
2025/10/05 00:22:46.595,244.527,4.29
2025/10/05 00:22:47.948,245.027,4.29
2025/10/05 00:22:51.073,223.022,11.203
2025/10/05 00:22:52.509,223.95,11.203
2025/10/05 00:22:53.915,224.977,11.203
2025/10/05 00:22:55.529,225.985,11.203
2025/10/05 00:22:56.962,227.021,11.203
2025/10/05 00:22:58.442,227.976,11.203
2025/10/05 00:22:59.924,229.039,11.203
2025/10/05 00:23:01.427,230.014,11.203
2025/10/05 00:23:02.840,230.981,11.203
2025/10/05 00:23:04.412,232.006,11.203
2025/10/05 00:23:05.808,232.997,11.203
2025/10/05 00:23:07.214,234.011,11.203
2025/10/05 00:23:08.640,234.986,11.203
2025/10/05 00:23:10.209,236.024,11.203
2025/10/05 00:23:11.655,236.985,11.203
2025/10/05 00:23:13.097,238.015,11.203
2025/10/05 00:23:14.719,239.026,11.203
2025/10/05 00:23:16.146,239.971,11.203
2025/10/05 00:23:17.590,241.045,11.203
2025/10/05 00:23:19.222,241.968,11.203
2025/10/05 00:23:20.676,243.025,11.203
2025/10/05 00:23:22.063,244.0,11.203
2025/10/05 00:23:23.467,244.994,11.203
2025/10/05 00:23:25.117,246.005,11.203
2025/10/05 00:23:26.584,247.06,11.203
2025/10/05 00:23:28.030,247.98,11.203
2025/10/05 00:23:29.621,248.993,11.203
2025/10/05 00:23:31.052,250.031,11.203
2025/10/05 00:23:32.456,251.007,11.203
2025/10/05 00:23:35.486,227.001,6.781
2025/10/05 00:23:36.880,227.446,6.781
2025/10/05 00:23:38.248,227.99,6.781
2025/10/05 00:23:39.612,228.515,6.781
2025/10/05 00:23:41.136,229.028,6.781
2025/10/05 00:23:42.499,229.484,6.781
2025/10/05 00:23:43.897,230.025,6.781
2025/10/05 00:23:45.268,230.506,6.781
2025/10/05 00:23:46.833,230.981,6.781
2025/10/05 00:23:48.208,231.525,6.781
2025/10/05 00:23:49.580,231.986,6.781
2025/10/05 00:23:50.956,232.552,6.781
2025/10/05 00:23:52.338,232.953,6.781
2025/10/05 00:23:53.894,233.544,6.781
2025/10/05 00:23:55.266,233.986,6.781
2025/10/05 00:23:56.629,234.519,6.781
2025/10/05 00:23:57.991,235.041,6.781
2025/10/05 00:23:59.552,235.483,6.781
2025/10/05 00:24:00.964,236.021,6.781
2025/10/05 00:24:02.306,236.51,6.781
2025/10/05 00:24:03.665,236.991,6.781
2025/10/05 00:24:05.218,237.496,6.781
2025/10/05 00:24:06.559,238.018,6.781
2025/10/05 00:24:07.937,238.501,6.781
2025/10/05 00:24:09.315,239.018,6.781
2025/10/05 00:24:10.936,239.482,6.781
2025/10/05 00:24:12.316,240.034,6.781
2025/10/05 00:24:13.684,240.49,6.781
2025/10/05 00:24:15.268,241.006,6.781
2025/10/05 00:24:16.664,241.531,6.781
2025/10/05 00:24:18.034,241.968,6.781
2025/10/05 00:24:19.405,242.522,6.781
2025/10/05 00:24:20.765,242.978,6.781
2025/10/05 00:24:22.240,243.533,6.781
2025/10/05 00:24:23.573,244.0,6.781
2025/10/05 00:24:24.940,244.511,6.781
2025/10/05 00:24:26.316,244.994,6.781
2025/10/05 00:24:27.860,245.522,6.781
2025/10/05 00:24:29.239,245.975,6.781
2025/10/05 00:24:30.639,246.538,6.781
2025/10/05 00:24:32.063,246.994,6.781
2025/10/05 00:24:35.057,229.061,4.883
2025/10/05 00:24:36.415,229.471,4.883
2025/10/05 00:24:37.807,229.995,4.883
2025/10/05 00:24:39.200,230.487,4.883
2025/10/05 00:24:40.783,231.064,4.883
2025/10/05 00:24:42.164,231.492,4.883
2025/10/05 00:24:43.525,232.017,4.883
2025/10/05 00:24:45.056,232.495,4.883
2025/10/05 00:24:46.440,232.997,4.883
2025/10/05 00:24:47.832,233.489,4.883
2025/10/05 00:24:49.201,234.049,4.883
2025/10/05 00:24:50.575,234.483,4.883
2025/10/05 00:24:52.160,234.988,4.883
2025/10/05 00:24:53.548,235.497,4.883
2025/10/05 00:24:54.913,236.005,4.883
2025/10/05 00:24:56.267,236.524,4.883
2025/10/05 00:24:57.626,236.993,4.883
2025/10/05 00:24:59.214,237.504,4.883
2025/10/05 00:25:00.571,238.045,4.883
2025/10/05 00:25:01.951,238.49,4.883
2025/10/05 00:25:03.348,238.998,4.883
2025/10/05 00:25:04.919,239.504,4.883
2025/10/05 00:25:06.320,240.006,4.883
2025/10/05 00:25:07.692,240.504,4.883
2025/10/05 00:25:09.040,240.992,4.883
2025/10/05 00:25:10.594,241.525,4.883
2025/10/05 00:25:11.984,242.0,4.883
2025/10/05 00:25:13.362,242.484,4.883
2025/10/05 00:25:14.725,243.025,4.883
2025/10/05 00:25:16.268,243.519,4.883
2025/10/05 00:25:17.653,244.003,4.883
2025/10/05 00:25:19.015,244.514,4.883
2025/10/05 00:25:20.384,244.978,4.883
2025/10/05 00:25:23.470,229.053,4.287
2025/10/05 00:25:24.874,229.46,4.287
2025/10/05 00:25:26.286,230.014,4.287
2025/10/05 00:25:27.885,230.525,4.287
2025/10/05 00:25:29.277,230.995,4.287
2025/10/05 00:25:30.670,231.495,4.287
2025/10/05 00:25:32.016,232.039,4.287
2025/10/05 00:25:33.573,232.495,4.287
2025/10/05 00:25:34.937,233.014,4.287
2025/10/05 00:25:36.307,233.494,4.287
2025/10/05 00:25:37.672,233.994,4.287
2025/10/05 00:25:39.351,234.516,4.287
2025/10/05 00:25:40.721,234.972,4.287
2025/10/05 00:25:42.106,235.527,4.287
2025/10/05 00:25:43.496,236.01,4.287
2025/10/05 00:25:44.856,236.491,4.287
2025/10/05 00:25:46.265,237.01,4.287
2025/10/05 00:25:47.651,237.488,4.287
2025/10/05 00:25:49.005,238.029,4.287
2025/10/05 00:25:50.358,238.49,4.287
2025/10/05 00:25:51.965,238.982,4.287
2025/10/05 00:25:53.347,239.52,4.287
2025/10/05 00:25:54.722,240.004,4.287
2025/10/05 00:25:56.076,240.504,4.287
2025/10/05 00:25:57.694,241.014,4.287
2025/10/05 00:25:59.034,241.506,4.287
2025/10/05 00:26:00.398,241.987,4.287
2025/10/05 00:26:01.781,242.52,4.287
2025/10/05 00:26:03.267,243.003,4.287
2025/10/05 00:26:04.673,243.497,4.287
2025/10/05 00:26:06.068,244.003,4.287
2025/10/05 00:26:07.418,244.536,4.287
2025/10/05 00:26:08.985,245.0,4.287
2025/10/05 00:26:11.921,223.057,11.206
2025/10/05 00:26:13.330,223.936,11.206
2025/10/05 00:26:14.752,225.005,11.206
2025/10/05 00:26:16.146,225.999,11.206
2025/10/05 00:26:17.802,227.007,11.206
2025/10/05 00:26:19.208,228.012,11.206
2025/10/05 00:26:20.646,229.001,11.206
2025/10/05 00:26:22.273,230.009,11.206
2025/10/05 00:26:23.732,231.011,11.206
2025/10/05 00:26:25.144,231.997,11.206
2025/10/05 00:26:26.808,232.981,11.206
2025/10/05 00:26:28.258,234.022,11.206
2025/10/05 00:26:29.673,235.03,11.206
2025/10/05 00:26:31.258,235.983,11.206
2025/10/05 00:26:32.644,237.004,11.206
2025/10/05 00:26:34.077,238.01,11.206
2025/10/05 00:26:35.732,239.001,11.206
2025/10/05 00:26:37.195,239.998,11.206
2025/10/05 00:26:38.631,241.014,11.206
2025/10/05 00:26:40.228,241.989,11.206
2025/10/05 00:26:41.646,243.0,11.206
2025/10/05 00:26:43.044,244.014,11.206
2025/10/05 00:26:44.426,245.013,11.206
2025/10/05 00:26:46.070,245.989,11.206
2025/10/05 00:26:47.497,247.032,11.206
2025/10/05 00:26:48.912,247.999,11.206
2025/10/05 00:26:50.488,248.985,11.206
2025/10/05 00:26:51.897,250.01,11.206
2025/10/05 00:26:53.330,251.042,11.206
2025/10/05 00:26:56.326,227.048,6.786
2025/10/05 00:26:57.716,227.457,6.786
2025/10/05 00:26:59.113,227.99,6.786
2025/10/05 00:27:00.686,228.526,6.786
2025/10/05 00:27:02.061,229.02,6.786
2025/10/05 00:27:03.459,229.498,6.786
2025/10/05 00:27:04.822,229.998,6.786
2025/10/05 00:27:06.298,230.509,6.786
2025/10/05 00:27:07.673,230.995,6.786
2025/10/05 00:27:09.023,231.509,6.786
2025/10/05 00:27:10.378,232.017,6.786
2025/10/05 00:27:11.923,232.47,6.786
2025/10/05 00:27:13.309,233.038,6.786
2025/10/05 00:27:14.649,233.503,6.786
2025/10/05 00:27:16.024,234.0,6.786
2025/10/05 00:27:17.617,234.491,6.786
2025/10/05 00:27:19.004,235.016,6.786
2025/10/05 00:27:20.388,235.499,6.786
2025/10/05 00:27:21.754,236.046,6.786
2025/10/05 00:27:23.324,236.472,6.786
2025/10/05 00:27:24.703,236.988,6.786
2025/10/05 00:27:26.066,237.507,6.786
2025/10/05 00:27:27.478,238.029,6.786
2025/10/05 00:27:28.845,238.488,6.786
2025/10/05 00:27:30.325,239.02,6.786
2025/10/05 00:27:31.703,239.507,6.786
2025/10/05 00:27:33.085,239.99,6.786
2025/10/05 00:27:34.445,240.493,6.786
2025/10/05 00:27:36.053,241.009,6.786
2025/10/05 00:27:37.424,241.512,6.786
2025/10/05 00:27:38.788,242.028,6.786
2025/10/05 00:27:40.358,242.478,6.786
2025/10/05 00:27:41.713,243.008,6.786
2025/10/05 00:27:43.071,243.508,6.786
2025/10/05 00:27:44.471,243.997,6.786
2025/10/05 00:27:45.845,244.519,6.786
2025/10/05 00:27:47.394,244.997,6.786
2025/10/05 00:27:48.801,245.505,6.786
2025/10/05 00:27:50.219,245.945,6.786
2025/10/05 00:27:51.622,246.532,6.786
2025/10/05 00:27:53.184,247.04,6.786
2025/10/05 00:27:55.852,229.034,4.886
2025/10/05 00:27:57.214,229.471,4.886
2025/10/05 00:27:58.797,229.995,4.886
2025/10/05 00:28:00.156,230.52,4.886
2025/10/05 00:28:01.532,231.006,4.886
2025/10/05 00:28:02.870,231.503,4.886
2025/10/05 00:28:04.437,231.986,4.886
2025/10/05 00:28:05.826,232.511,4.886
2025/10/05 00:28:07.200,232.978,4.886
2025/10/05 00:28:08.571,233.525,4.886
2025/10/05 00:28:10.135,234.024,4.886
2025/10/05 00:28:11.539,234.491,4.886
2025/10/05 00:28:12.902,235.013,4.886
2025/10/05 00:28:14.303,235.486,4.886
2025/10/05 00:28:15.678,236.013,4.886
2025/10/05 00:28:17.081,236.491,4.886
2025/10/05 00:28:18.458,237.021,4.886
2025/10/05 00:28:19.833,237.502,4.886
2025/10/05 00:28:21.224,237.999,4.886
2025/10/05 00:28:22.816,238.485,4.886
2025/10/05 00:28:24.198,239.018,4.886
2025/10/05 00:28:25.556,239.507,4.886
2025/10/05 00:28:26.914,239.979,4.886
2025/10/05 00:28:28.478,240.539,4.886
2025/10/05 00:28:29.865,241.017,4.886
2025/10/05 00:28:31.227,241.525,4.886
2025/10/05 00:28:32.603,242.053,4.886
2025/10/05 00:28:34.020,242.467,4.886
2025/10/05 00:28:35.375,243.003,4.886
2025/10/05 00:28:36.764,243.495,4.886
2025/10/05 00:28:38.114,244.03,4.886
2025/10/05 00:28:39.473,244.511,4.886
2025/10/05 00:28:41.057,245.005,4.886
2025/10/05 00:28:43.624,229.037,4.284
2025/10/05 00:28:45.178,229.484,4.284
2025/10/05 00:28:46.602,230.006,4.284
2025/10/05 00:28:47.982,230.506,4.284
2025/10/05 00:28:49.364,230.935,4.284
2025/10/05 00:28:50.961,231.574,4.284
2025/10/05 00:28:52.308,231.989,4.284
2025/10/05 00:28:53.677,232.5,4.284
2025/10/05 00:28:55.061,233.036,4.284
2025/10/05 00:28:56.603,233.481,4.284
2025/10/05 00:28:58.029,234.019,4.284
2025/10/05 00:28:59.383,234.48,4.284
2025/10/05 00:29:00.794,234.994,4.284
2025/10/05 00:29:02.374,235.53,4.284
2025/10/05 00:29:03.806,236.007,4.284
2025/10/05 00:29:05.159,236.477,4.284
2025/10/05 00:29:06.540,236.982,4.284
2025/10/05 00:29:07.951,237.529,4.284
2025/10/05 00:29:09.541,237.982,4.284
2025/10/05 00:29:10.936,238.523,4.284
2025/10/05 00:29:12.333,239.009,4.284
2025/10/05 00:29:13.709,239.501,4.284
2025/10/05 00:29:15.268,240.001,4.284
2025/10/05 00:29:16.622,240.515,4.284
2025/10/05 00:29:17.975,240.979,4.284
2025/10/05 00:29:19.318,241.528,4.284
2025/10/05 00:29:20.686,241.965,4.284
2025/10/05 00:29:22.112,242.536,4.284
2025/10/05 00:29:23.458,242.973,4.284
2025/10/05 00:29:24.846,243.525,4.284
2025/10/05 00:29:26.246,243.981,4.284
2025/10/05 00:29:27.821,244.514,4.284
2025/10/05 00:29:29.218,245.016,4.284
2025/10/05 00:29:32.456,223.022,11.208
2025/10/05 00:29:33.917,223.953,11.208
2025/10/05 00:29:35.318,225.007,11.208
2025/10/05 00:29:36.713,225.996,11.208
2025/10/05 00:29:38.309,227.015,11.208
2025/10/05 00:29:39.734,228.02,11.208
2025/10/05 00:29:41.161,229.001,11.208
2025/10/05 00:29:42.790,230.003,11.208
2025/10/05 00:29:44.227,231.02,11.208
2025/10/05 00:29:45.638,232.0,11.208
2025/10/05 00:29:47.252,233.027,11.208
2025/10/05 00:29:48.675,233.972,11.208
2025/10/05 00:29:50.105,235.035,11.208
2025/10/05 00:29:51.500,235.996,11.208
2025/10/05 00:29:53.153,237.035,11.208
2025/10/05 00:29:54.594,237.979,11.208
2025/10/05 00:29:56.192,239.02,11.208
2025/10/05 00:29:57.588,239.993,11.208
2025/10/05 00:29:59.002,241.014,11.208
2025/10/05 00:30:00.422,242.003,11.208
2025/10/05 00:30:02.043,243.041,11.208
2025/10/05 00:30:03.472,243.992,11.208
2025/10/05 00:30:04.854,244.997,11.208
2025/10/05 00:30:06.502,246.002,11.208
2025/10/05 00:30:07.982,247.002,11.208
2025/10/05 00:30:09.381,248.007,11.208
2025/10/05 00:30:10.761,249.023,11.208
2025/10/05 00:30:12.228,250.01,11.208
2025/10/05 00:30:13.643,250.982,11.208
2025/10/05 00:30:16.698,227.034,6.784
2025/10/05 00:30:18.106,227.452,6.784
2025/10/05 00:30:19.494,228.029,6.784
2025/10/05 00:30:20.866,228.523,6.784
2025/10/05 00:30:22.370,229.02,6.784
2025/10/05 00:30:23.730,229.506,6.784
2025/10/05 00:30:25.123,229.992,6.784
2025/10/05 00:30:26.505,230.498,6.784
2025/10/05 00:30:28.081,231.031,6.784
2025/10/05 00:30:29.472,231.481,6.784
2025/10/05 00:30:30.836,231.978,6.784
2025/10/05 00:30:32.214,232.533,6.784
2025/10/05 00:30:33.800,233.005,6.784
2025/10/05 00:30:35.207,233.525,6.784
2025/10/05 00:30:36.590,233.978,6.784
2025/10/05 00:30:37.951,234.524,6.784
2025/10/05 00:30:39.331,234.98,6.784
2025/10/05 00:30:40.900,235.516,6.784
2025/10/05 00:30:42.283,236.01,6.784
2025/10/05 00:30:43.643,236.499,6.784
2025/10/05 00:30:45.015,236.991,6.784
2025/10/05 00:30:46.618,237.502,6.784
2025/10/05 00:30:47.999,238.004,6.784
2025/10/05 00:30:49.389,238.501,6.784
2025/10/05 00:30:50.765,238.996,6.784
2025/10/05 00:30:52.290,239.52,6.784
2025/10/05 00:30:53.684,239.984,6.784
2025/10/05 00:30:55.044,240.515,6.784
2025/10/05 00:30:56.409,241.006,6.784
2025/10/05 00:30:57.788,241.49,6.784
2025/10/05 00:30:59.188,242.006,6.784
2025/10/05 00:31:00.556,242.525,6.784
2025/10/05 00:31:01.928,242.989,6.784
2025/10/05 00:31:03.298,243.508,6.784
2025/10/05 00:31:04.895,244.033,6.784
2025/10/05 00:31:06.284,244.503,6.784
2025/10/05 00:31:07.660,244.989,6.784
2025/10/05 00:31:09.020,245.516,6.784
2025/10/05 00:31:10.652,245.994,6.784
2025/10/05 00:31:12.015,246.48,6.784
2025/10/05 00:31:13.437,247.029,6.784
2025/10/05 00:31:16.286,229.028,4.888
2025/10/05 00:31:17.676,229.454,4.888
2025/10/05 00:31:19.044,230.012,4.888
2025/10/05 00:31:20.468,230.509,4.888
2025/10/05 00:31:22.046,231.011,4.888
2025/10/05 00:31:23.478,231.509,4.888
2025/10/05 00:31:24.853,232.028,4.888
2025/10/05 00:31:26.200,232.492,4.888
2025/10/05 00:31:27.798,233.008,4.888
2025/10/05 00:31:29.172,233.494,4.888
2025/10/05 00:31:30.503,234.011,4.888
2025/10/05 00:31:31.889,234.491,4.888
2025/10/05 00:31:33.459,235.016,4.888
2025/10/05 00:31:34.869,235.505,4.888
2025/10/05 00:31:36.224,236.01,4.888
2025/10/05 00:31:37.601,236.483,4.888
2025/10/05 00:31:38.991,236.982,4.888
2025/10/05 00:31:40.563,237.535,4.888
2025/10/05 00:31:41.951,238.007,4.888
2025/10/05 00:31:43.327,238.529,4.888
2025/10/05 00:31:44.687,239.007,4.888
2025/10/05 00:31:46.096,239.507,4.888
2025/10/05 00:31:47.448,239.974,4.888
2025/10/05 00:31:48.849,240.493,4.888
2025/10/05 00:31:50.231,241.017,4.888
2025/10/05 00:31:51.854,241.514,4.888
2025/10/05 00:31:53.222,242.003,4.888
2025/10/05 00:31:54.634,242.514,4.888
2025/10/05 00:31:56.012,243.0,4.888
2025/10/05 00:31:57.564,243.495,4.888
2025/10/05 00:31:58.975,243.997,4.888
2025/10/05 00:32:00.335,244.505,4.888
2025/10/05 00:32:01.691,244.997,4.888
2025/10/05 00:32:04.761,229.039,4.29
2025/10/05 00:32:06.159,229.482,4.29
2025/10/05 00:32:07.541,229.973,4.29
2025/10/05 00:32:08.918,230.528,4.29
2025/10/05 00:32:10.418,231.011,4.29
2025/10/05 00:32:11.782,231.465,4.29
2025/10/05 00:32:13.183,232.052,4.29
2025/10/05 00:32:14.534,232.528,4.29
2025/10/05 00:32:16.113,232.978,4.29
2025/10/05 00:32:17.504,233.522,4.29
2025/10/05 00:32:18.875,234.002,4.29
2025/10/05 00:32:20.262,234.5,4.29
2025/10/05 00:32:21.622,235.01,4.29
2025/10/05 00:32:23.184,235.494,4.29
2025/10/05 00:32:24.582,236.01,4.29
2025/10/05 00:32:25.980,236.518,4.29
2025/10/05 00:32:27.353,236.961,4.29
2025/10/05 00:32:28.954,237.543,4.29
2025/10/05 00:32:30.326,237.974,4.29
2025/10/05 00:32:31.704,238.515,4.29
2025/10/05 00:32:33.256,238.996,4.29
2025/10/05 00:32:34.651,239.512,4.29
2025/10/05 00:32:36.062,239.995,4.29
2025/10/05 00:32:37.427,240.504,4.29
2025/10/05 00:32:38.797,240.987,4.29
2025/10/05 00:32:40.368,241.506,4.29
2025/10/05 00:32:41.744,242.017,4.29
2025/10/05 00:32:43.122,242.484,4.29
2025/10/05 00:32:44.486,243.036,4.29
2025/10/05 00:32:46.068,243.481,4.29
2025/10/05 00:32:47.472,244.016,4.29
2025/10/05 00:32:48.840,244.516,4.29
2025/10/05 00:32:50.213,244.972,4.29
2025/10/05 00:32:53.521,223.038,11.206
2025/10/05 00:32:54.939,223.909,11.206
2025/10/05 00:32:56.441,225.04,11.206
2025/10/05 00:32:57.864,226.004,11.206
2025/10/05 00:32:59.277,227.001,11.206
2025/10/05 00:33:00.905,228.015,11.206
2025/10/05 00:33:02.327,228.976,11.206
2025/10/05 00:33:03.753,230.039,11.206
2025/10/05 00:33:05.344,231.022,11.206
2025/10/05 00:33:06.768,232.011,11.206
2025/10/05 00:33:08.169,232.986,11.206
2025/10/05 00:33:09.565,234.011,11.206
2025/10/05 00:33:11.192,234.986,11.206
2025/10/05 00:33:12.627,236.016,11.206
2025/10/05 00:33:14.004,236.999,11.206
2025/10/05 00:33:15.617,237.993,11.206
2025/10/05 00:33:17.107,239.018,11.206
2025/10/05 00:33:18.499,240.015,11.206
2025/10/05 00:33:20.127,241.006,11.206
2025/10/05 00:33:21.583,242.011,11.206
2025/10/05 00:33:22.962,243.006,11.206
2025/10/05 00:33:24.613,244.027,11.206
2025/10/05 00:33:26.060,244.983,11.206
2025/10/05 00:33:27.454,246.01,11.206
2025/10/05 00:33:28.846,247.008,11.206
2025/10/05 00:33:30.313,247.983,11.206
2025/10/05 00:33:31.732,249.015,11.206
2025/10/05 00:33:33.128,250.004,11.206
2025/10/05 00:33:34.737,251.012,11.206
2025/10/05 00:33:37.552,227.043,6.784
2025/10/05 00:33:38.929,227.488,6.784
2025/10/05 00:33:40.474,228.004,6.784
2025/10/05 00:33:41.842,228.507,6.784
2025/10/05 00:33:43.214,229.001,6.784
2025/10/05 00:33:44.603,229.493,6.784
2025/10/05 00:33:46.163,230.025,6.784
2025/10/05 00:33:47.571,230.517,6.784
2025/10/05 00:33:48.934,230.976,6.784
2025/10/05 00:33:50.496,231.539,6.784
2025/10/05 00:33:51.864,231.97,6.784
2025/10/05 00:33:53.232,232.528,6.784
2025/10/05 00:33:54.624,233.008,6.784
2025/10/05 00:33:55.993,233.516,6.784
2025/10/05 00:33:57.490,234.011,6.784
2025/10/05 00:33:58.856,234.486,6.784
2025/10/05 00:34:00.229,235.005,6.784
2025/10/05 00:34:01.616,235.513,6.784
2025/10/05 00:34:03.170,235.98,6.784
2025/10/05 00:34:04.585,236.507,6.784
2025/10/05 00:34:05.938,237.015,6.784
2025/10/05 00:34:07.504,237.504,6.784
2025/10/05 00:34:08.908,238.004,6.784
2025/10/05 00:34:10.254,238.51,6.784
2025/10/05 00:34:11.642,239.004,6.784
2025/10/05 00:34:13.009,239.507,6.784
2025/10/05 00:34:14.492,240.004,6.784
2025/10/05 00:34:15.855,240.479,6.784
2025/10/05 00:34:17.246,241.045,6.784
2025/10/05 00:34:18.623,241.492,6.784
2025/10/05 00:34:20.206,242.0,6.784
2025/10/05 00:34:21.583,242.517,6.784
2025/10/05 00:34:22.955,242.987,6.784
2025/10/05 00:34:24.341,243.514,6.784
2025/10/05 00:34:25.925,244.011,6.784
2025/10/05 00:34:27.314,244.522,6.784
2025/10/05 00:34:28.725,244.989,6.784
2025/10/05 00:34:30.095,245.48,6.784
2025/10/05 00:34:31.682,246.019,6.784
2025/10/05 00:34:33.071,246.508,6.784
2025/10/05 00:34:34.412,247.01,6.784
2025/10/05 00:34:37.168,229.039,4.88
2025/10/05 00:34:38.542,229.484,4.88
2025/10/05 00:34:39.921,229.992,4.88
2025/10/05 00:34:41.302,230.512,4.88
2025/10/05 00:34:42.649,230.992,4.88
2025/10/05 00:34:44.238,231.503,4.88
2025/10/05 00:34:45.593,232.006,4.88
2025/10/05 00:34:46.978,232.519,4.88
2025/10/05 00:34:48.524,233.003,4.88
2025/10/05 00:34:49.937,233.494,4.88
2025/10/05 00:34:51.320,234.008,4.88
2025/10/05 00:34:52.684,234.5,4.88
2025/10/05 00:34:54.059,235.03,4.88
2025/10/05 00:34:55.509,235.477,4.88
2025/10/05 00:34:56.919,236.005,4.88
2025/10/05 00:34:58.294,236.527,4.88
2025/10/05 00:34:59.649,236.993,4.88
2025/10/05 00:35:01.237,237.507,4.88
2025/10/05 00:35:02.622,238.004,4.88
2025/10/05 00:35:03.984,238.507,4.88
2025/10/05 00:35:05.583,239.007,4.88
2025/10/05 00:35:06.995,239.515,4.88
2025/10/05 00:35:08.359,239.995,4.88
2025/10/05 00:35:09.739,240.501,4.88
2025/10/05 00:35:11.115,241.025,4.88
2025/10/05 00:35:12.505,241.49,4.88
2025/10/05 00:35:13.851,242.017,4.88
2025/10/05 00:35:15.252,242.522,4.88
2025/10/05 00:35:16.615,242.973,4.88
2025/10/05 00:35:18.235,243.53,4.88
2025/10/05 00:35:19.595,244.008,4.88
2025/10/05 00:35:20.992,244.5,4.88
2025/10/05 00:35:22.575,244.981,4.88
2025/10/05 00:35:25.209,229.006,4.287
2025/10/05 00:35:26.564,229.473,4.287
2025/10/05 00:35:27.919,229.99,4.287
2025/10/05 00:35:29.334,230.517,4.287
2025/10/05 00:35:30.979,231.025,4.287
2025/10/05 00:35:32.389,231.498,4.287
2025/10/05 00:35:33.747,232.003,4.287
2025/10/05 00:35:35.105,232.492,4.287
2025/10/05 00:35:36.485,233.0,4.287
2025/10/05 00:35:38.076,233.538,4.287
2025/10/05 00:35:39.463,233.942,4.287
2025/10/05 00:35:40.836,234.557,4.287
2025/10/05 00:35:42.190,234.997,4.287
2025/10/05 00:35:43.793,235.494,4.287
2025/10/05 00:35:45.176,236.01,4.287
2025/10/05 00:35:46.539,236.499,4.287
2025/10/05 00:35:47.908,237.013,4.287
2025/10/05 00:35:49.437,237.496,4.287
2025/10/05 00:35:50.834,238.015,4.287
2025/10/05 00:35:52.204,238.471,4.287
2025/10/05 00:35:53.590,239.02,4.287
2025/10/05 00:35:55.189,239.496,4.287
2025/10/05 00:35:56.561,240.023,4.287
2025/10/05 00:35:57.962,240.515,4.287
2025/10/05 00:35:59.583,240.987,4.287
2025/10/05 00:36:00.985,241.517,4.287
2025/10/05 00:36:02.395,242.009,4.287
2025/10/05 00:36:03.769,242.503,4.287
2025/10/05 00:36:05.396,242.997,4.287
2025/10/05 00:36:06.771,243.511,4.287
2025/10/05 00:36:08.174,244.0,4.287
2025/10/05 00:36:09.568,244.492,4.287
2025/10/05 00:36:10.923,245.033,4.287
2025/10/05 00:36:14.064,223.002,11.206
2025/10/05 00:36:15.502,223.925,11.206
2025/10/05 00:36:17.111,225.005,11.206
2025/10/05 00:36:18.573,226.007,11.206
2025/10/05 00:36:19.974,227.029,11.206
2025/10/05 00:36:21.603,228.007,11.206
2025/10/05 00:36:23.029,229.006,11.206
2025/10/05 00:36:24.424,230.003,11.206
2025/10/05 00:36:25.850,230.995,11.206
2025/10/05 00:36:27.470,232.019,11.206
2025/10/05 00:36:28.872,233.011,11.206
2025/10/05 00:36:30.294,234.008,11.206
2025/10/05 00:36:31.709,234.986,11.206
2025/10/05 00:36:33.275,236.029,11.206
2025/10/05 00:36:34.719,236.993,11.206
2025/10/05 00:36:36.119,238.012,11.206
2025/10/05 00:36:37.764,239.001,11.206
2025/10/05 00:36:39.177,240.001,11.206
2025/10/05 00:36:40.588,241.006,11.206
2025/10/05 00:36:42.213,242.031,11.206
2025/10/05 00:36:43.626,242.997,11.206
2025/10/05 00:36:45.022,243.986,11.206
2025/10/05 00:36:46.630,245.005,11.206
2025/10/05 00:36:48.044,246.005,11.206
2025/10/05 00:36:49.445,246.999,11.206
2025/10/05 00:36:50.869,248.021,11.206
2025/10/05 00:36:52.500,248.993,11.206
2025/10/05 00:36:53.909,249.999,11.206
2025/10/05 00:36:55.340,251.007,11.206
2025/10/05 00:36:58.381,227.059,6.781
2025/10/05 00:36:59.767,227.466,6.781
2025/10/05 00:37:01.156,227.998,6.781
2025/10/05 00:37:02.521,228.534,6.781
2025/10/05 00:37:04.094,228.965,6.781
2025/10/05 00:37:05.467,229.536,6.781
2025/10/05 00:37:06.836,230.02,6.781
2025/10/05 00:37:08.209,230.49,6.781
2025/10/05 00:37:09.778,231.022,6.781
2025/10/05 00:37:11.169,231.498,6.781
2025/10/05 00:37:12.557,232.003,6.781
2025/10/05 00:37:13.970,232.511,6.781
2025/10/05 00:37:15.505,232.989,6.781
2025/10/05 00:37:16.903,233.489,6.781
2025/10/05 00:37:18.281,234.035,6.781
2025/10/05 00:37:19.645,234.505,6.781
2025/10/05 00:37:21.240,235.019,6.781
2025/10/05 00:37:22.648,235.483,6.781
2025/10/05 00:37:24.024,236.018,6.781
2025/10/05 00:37:25.589,236.505,6.781
2025/10/05 00:37:26.967,237.004,6.781
2025/10/05 00:37:28.335,237.507,6.781
2025/10/05 00:37:29.689,237.988,6.781
2025/10/05 00:37:31.104,238.499,6.781
2025/10/05 00:37:32.569,239.004,6.781
2025/10/05 00:37:33.944,239.518,6.781
2025/10/05 00:37:35.341,239.99,6.781
2025/10/05 00:37:36.681,240.523,6.781
2025/10/05 00:37:38.298,241.009,6.781
2025/10/05 00:37:39.677,241.501,6.781
2025/10/05 00:37:41.025,241.989,6.781
2025/10/05 00:37:42.601,242.511,6.781
2025/10/05 00:37:43.984,243.008,6.781
2025/10/05 00:37:45.366,243.53,6.781
2025/10/05 00:37:46.774,243.992,6.781
2025/10/05 00:37:48.139,244.5,6.781
2025/10/05 00:37:49.740,245.005,6.781
2025/10/05 00:37:51.113,245.494,6.781
2025/10/05 00:37:52.488,246.019,6.781
2025/10/05 00:37:53.858,246.486,6.781
2025/10/05 00:37:55.410,247.032,6.781
2025/10/05 00:37:58.142,229.015,4.883
2025/10/05 00:37:59.515,229.454,4.883
2025/10/05 00:38:00.867,230.023,4.883
2025/10/05 00:38:02.287,230.465,4.883
2025/10/05 00:38:03.669,231.006,4.883
2025/10/05 00:38:05.058,231.542,4.883
2025/10/05 00:38:06.449,231.943,4.883
2025/10/05 00:38:08.023,232.528,4.883
2025/10/05 00:38:09.406,233.014,4.883
2025/10/05 00:38:10.782,233.511,4.883
2025/10/05 00:38:12.166,233.972,4.883
2025/10/05 00:38:13.763,234.524,4.883
2025/10/05 00:38:15.120,234.975,4.883
2025/10/05 00:38:16.513,235.53,4.883
2025/10/05 00:38:17.899,235.996,4.883
2025/10/05 00:38:19.465,236.505,4.883
2025/10/05 00:38:20.852,237.002,4.883
2025/10/05 00:38:22.224,237.499,4.883
2025/10/05 00:38:23.595,238.007,4.883
2025/10/05 00:38:25.005,238.496,4.883
2025/10/05 00:38:26.570,239.018,4.883
2025/10/05 00:38:27.945,239.49,4.883
2025/10/05 00:38:29.318,240.006,4.883
2025/10/05 00:38:30.921,240.493,4.883
2025/10/05 00:38:32.312,241.012,4.883
2025/10/05 00:38:33.676,241.517,4.883
2025/10/05 00:38:35.032,242.006,4.883
2025/10/05 00:38:36.572,242.481,4.883
2025/10/05 00:38:37.950,243.003,4.883
2025/10/05 00:38:39.318,243.508,4.883
2025/10/05 00:38:40.718,244.005,4.883
2025/10/05 00:38:42.268,244.53,4.883
2025/10/05 00:38:43.639,244.975,4.883
2025/10/05 00:38:46.186,229.039,4.284
2025/10/05 00:38:47.759,229.473,4.284
2025/10/05 00:38:49.168,230.028,4.284
2025/10/05 00:38:50.538,230.509,4.284
2025/10/05 00:38:51.911,231.02,4.284
2025/10/05 00:38:53.501,231.481,4.284
2025/10/05 00:38:54.864,232.017,4.284
2025/10/05 00:38:56.253,232.495,4.284
2025/10/05 00:38:57.648,233.008,4.284
2025/10/05 00:38:59.011,233.505,4.284
2025/10/05 00:39:00.377,233.994,4.284
2025/10/05 00:39:01.752,234.513,4.284
2025/10/05 00:39:03.119,234.997,4.284
2025/10/05 00:39:04.484,235.508,4.284
2025/10/05 00:39:06.052,236.013,4.284
2025/10/05 00:39:07.438,236.496,4.284
2025/10/05 00:39:08.837,237.015,4.284
2025/10/05 00:39:10.203,237.496,4.284
2025/10/05 00:39:11.773,237.999,4.284
2025/10/05 00:39:13.167,238.512,4.284
2025/10/05 00:39:14.532,239.007,4.284
2025/10/05 00:39:15.895,239.501,4.284
2025/10/05 00:39:17.312,240.001,4.284
2025/10/05 00:39:18.694,240.504,4.284
2025/10/05 00:39:20.081,241.023,4.284
2025/10/05 00:39:21.454,241.487,4.284
2025/10/05 00:39:22.826,242.033,4.284
2025/10/05 00:39:24.400,242.495,4.284
2025/10/05 00:39:25.779,242.997,4.284
2025/10/05 00:39:27.155,243.5,4.284
2025/10/05 00:39:28.745,244.047,4.284
2025/10/05 00:39:30.129,244.483,4.284
2025/10/05 00:39:31.483,244.994,4.284
2025/10/05 00:39:34.451,223.046,11.208
2025/10/05 00:39:35.879,223.911,11.208
2025/10/05 00:39:37.320,225.029,11.208
2025/10/05 00:39:38.938,225.996,11.208
2025/10/05 00:39:40.371,227.007,11.208
2025/10/05 00:39:41.813,228.004,11.208
2025/10/05 00:39:43.205,229.039,11.208
2025/10/05 00:39:44.659,229.992,11.208
2025/10/05 00:39:46.065,230.995,11.208
2025/10/05 00:39:47.476,232.014,11.208
2025/10/05 00:39:49.069,233.016,11.208
2025/10/05 00:39:50.496,234.002,11.208
2025/10/05 00:39:51.891,235.002,11.208
2025/10/05 00:39:53.495,236.013,11.208
2025/10/05 00:39:54.928,236.977,11.208
2025/10/05 00:39:56.323,238.026,11.208
2025/10/05 00:39:57.742,239.018,11.208
2025/10/05 00:39:59.382,239.995,11.208
2025/10/05 00:40:00.760,241.003,11.208
2025/10/05 00:40:02.191,242.009,11.208
2025/10/05 00:40:03.792,243.003,11.208
2025/10/05 00:40:05.209,243.997,11.208
2025/10/05 00:40:06.622,245.005,11.208
2025/10/05 00:40:08.034,246.027,11.208
2025/10/05 00:40:09.490,246.991,11.208
2025/10/05 00:40:10.917,248.002,11.208
2025/10/05 00:40:12.312,249.007,11.208
2025/10/05 00:40:13.923,250.01,11.208
2025/10/05 00:40:15.338,251.034,11.208
2025/10/05 00:40:18.345,227.018,6.781
2025/10/05 00:40:19.750,227.433,6.781
2025/10/05 00:40:21.108,228.034,6.781
2025/10/05 00:40:22.485,228.504,6.781
2025/10/05 00:40:23.861,229.012,6.781
2025/10/05 00:40:25.441,229.52,6.781
2025/10/05 00:40:26.804,229.984,6.781
2025/10/05 00:40:28.210,230.498,6.781
2025/10/05 00:40:29.795,231.031,6.781
2025/10/05 00:40:31.172,231.492,6.781
2025/10/05 00:40:32.549,231.984,6.781
2025/10/05 00:40:33.905,232.525,6.781
2025/10/05 00:40:35.314,233.008,6.781
2025/10/05 00:40:36.705,233.508,6.781
2025/10/05 00:40:38.078,233.989,6.781
2025/10/05 00:40:39.437,234.53,6.781
2025/10/05 00:40:40.809,235.002,6.781
2025/10/05 00:40:42.372,235.51,6.781
2025/10/05 00:40:43.767,235.991,6.781
2025/10/05 00:40:45.123,236.518,6.781
2025/10/05 00:40:46.696,237.004,6.781
2025/10/05 00:40:48.095,237.51,6.781
2025/10/05 00:40:49.455,237.99,6.781
2025/10/05 00:40:50.843,238.493,6.781
2025/10/05 00:40:52.207,239.034,6.781
2025/10/05 00:40:53.876,239.498,6.781
2025/10/05 00:40:55.253,240.017,6.781
2025/10/05 00:40:56.652,240.509,6.781
2025/10/05 00:40:58.000,241.001,6.781
2025/10/05 00:40:59.575,241.492,6.781
2025/10/05 00:41:00.951,242.006,6.781
2025/10/05 00:41:02.316,242.52,6.781
2025/10/05 00:41:03.679,242.997,6.781
2025/10/05 00:41:05.050,243.492,6.781
2025/10/05 00:41:06.431,244.005,6.781
2025/10/05 00:41:07.804,244.527,6.781
2025/10/05 00:41:09.193,244.967,6.781
2025/10/05 00:41:10.556,245.541,6.781
2025/10/05 00:41:12.178,245.986,6.781
2025/10/05 00:41:13.561,246.527,6.781
2025/10/05 00:41:14.937,247.002,6.781
2025/10/05 00:41:17.909,229.061,4.883
2025/10/05 00:41:19.273,229.46,4.883
2025/10/05 00:41:20.633,229.998,4.883
2025/10/05 00:41:22.034,230.523,4.883
2025/10/05 00:41:23.570,231.006,4.883
2025/10/05 00:41:24.954,231.509,4.883
2025/10/05 00:41:26.339,232.0,4.883
2025/10/05 00:41:27.689,232.517,4.883
2025/10/05 00:41:29.082,233.003,4.883
2025/10/05 00:41:30.657,233.505,4.883
2025/10/05 00:41:32.065,234.002,4.883
2025/10/05 00:41:33.447,234.522,4.883
2025/10/05 00:41:34.810,234.999,4.883
2025/10/05 00:41:36.429,235.483,4.883
2025/10/05 00:41:37.797,236.016,4.883
2025/10/05 00:41:39.151,236.499,4.883
2025/10/05 00:41:40.722,237.018,4.883
2025/10/05 00:41:42.126,237.499,4.883
2025/10/05 00:41:43.526,238.012,4.883
2025/10/05 00:41:44.885,238.515,4.883
2025/10/05 00:41:46.283,238.993,4.883
2025/10/05 00:41:47.901,239.504,4.883
2025/10/05 00:41:49.284,240.009,4.883
2025/10/05 00:41:50.625,240.509,4.883
2025/10/05 00:41:51.994,241.003,4.883
2025/10/05 00:41:53.581,241.495,4.883
2025/10/05 00:41:54.953,241.998,4.883
2025/10/05 00:41:56.327,242.517,4.883
2025/10/05 00:41:57.682,243.017,4.883
2025/10/05 00:41:59.055,243.481,4.883
2025/10/05 00:42:00.637,244.005,4.883
2025/10/05 00:42:01.978,244.486,4.883
2025/10/05 00:42:03.376,245.022,4.883
2025/10/05 00:42:05.884,229.037,4.287
2025/10/05 00:42:07.448,229.465,4.287
2025/10/05 00:42:08.830,230.001,4.287
2025/10/05 00:42:10.200,230.501,4.287
2025/10/05 00:42:11.810,231.0,4.287
2025/10/05 00:42:13.215,231.52,4.287
2025/10/05 00:42:14.571,232.025,4.287
2025/10/05 00:42:15.944,232.495,4.287
2025/10/05 00:42:17.568,233.003,4.287
2025/10/05 00:42:18.969,233.492,4.287
2025/10/05 00:42:20.386,234.008,4.287
2025/10/05 00:42:21.741,234.538,4.287
2025/10/05 00:42:23.360,234.977,4.287
2025/10/05 00:42:24.716,235.532,4.287
2025/10/05 00:42:26.110,235.991,4.287
2025/10/05 00:42:27.491,236.507,4.287
2025/10/05 00:42:29.044,237.002,4.287
2025/10/05 00:42:30.458,237.504,4.287
2025/10/05 00:42:31.821,238.012,4.287
2025/10/05 00:42:33.175,238.507,4.287
2025/10/05 00:42:34.759,238.996,4.287
2025/10/05 00:42:36.173,239.507,4.287
2025/10/05 00:42:37.554,240.009,4.287
2025/10/05 00:42:38.900,240.509,4.287
2025/10/05 00:42:40.269,240.995,4.287
2025/10/05 00:42:41.734,241.528,4.287
2025/10/05 00:42:43.068,241.984,4.287
2025/10/05 00:42:44.445,242.514,4.287
2025/10/05 00:42:45.831,243.003,4.287
2025/10/05 00:42:47.388,243.514,4.287
2025/10/05 00:42:48.793,244.005,4.287
2025/10/05 00:42:50.126,244.505,4.287
2025/10/05 00:42:51.520,245.0,4.287
2025/10/05 00:42:54.719,223.052,11.208
2025/10/05 00:42:56.135,223.928,11.208
2025/10/05 00:42:57.738,225.013,11.208
2025/10/05 00:42:59.163,226.002,11.208
2025/10/05 00:43:00.582,227.015,11.208
2025/10/05 00:43:02.199,228.015,11.208
2025/10/05 00:43:03.627,228.993,11.208
2025/10/05 00:43:05.034,229.99,11.208
2025/10/05 00:43:06.634,231.028,11.208
2025/10/05 00:43:08.066,231.981,11.208
2025/10/05 00:43:09.485,233.016,11.208
2025/10/05 00:43:10.893,234.005,11.208
2025/10/05 00:43:12.483,235.032,11.208
2025/10/05 00:43:13.891,235.983,11.208
2025/10/05 00:43:15.313,237.007,11.208
2025/10/05 00:43:16.937,238.004,11.208
2025/10/05 00:43:18.369,239.018,11.208
2025/10/05 00:43:19.773,240.001,11.208
2025/10/05 00:43:21.410,241.02,11.208
2025/10/05 00:43:22.848,241.992,11.208
2025/10/05 00:43:24.236,243.006,11.208
2025/10/05 00:43:25.658,244.003,11.208
2025/10/05 00:43:27.301,245.0,11.208
2025/10/05 00:43:28.736,246.01,11.208
2025/10/05 00:43:30.172,247.01,11.208
2025/10/05 00:43:31.773,248.01,11.208
2025/10/05 00:43:33.185,248.993,11.208
2025/10/05 00:43:34.577,250.01,11.208
2025/10/05 00:43:36.230,251.018,11.208
2025/10/05 00:43:39.112,227.034,6.784
2025/10/05 00:43:40.692,227.441,6.784
2025/10/05 00:43:42.069,228.04,6.784
2025/10/05 00:43:43.418,228.504,6.784
2025/10/05 00:43:44.794,229.017,6.784
2025/10/05 00:43:46.389,229.49,6.784
2025/10/05 00:43:47.761,230.006,6.784
2025/10/05 00:43:49.171,230.514,6.784
2025/10/05 00:43:50.502,231.014,6.784
2025/10/05 00:43:52.101,231.5,6.784
2025/10/05 00:43:53.471,231.981,6.784
2025/10/05 00:43:54.844,232.533,6.784
2025/10/05 00:43:56.225,233.0,6.784
2025/10/05 00:43:57.787,233.505,6.784
2025/10/05 00:43:59.176,234.005,6.784
2025/10/05 00:44:00.555,234.491,6.784
2025/10/05 00:44:01.922,235.019,6.784
2025/10/05 00:44:03.486,235.488,6.784
2025/10/05 00:44:04.890,236.005,6.784
2025/10/05 00:44:06.251,236.51,6.784
2025/10/05 00:44:07.847,237.013,6.784
2025/10/05 00:44:09.215,237.515,6.784
2025/10/05 00:44:10.557,237.993,6.784
2025/10/05 00:44:11.960,238.51,6.784
2025/10/05 00:44:13.323,238.996,6.784
2025/10/05 00:44:14.765,239.509,6.784
2025/10/05 00:44:16.139,240.012,6.784
2025/10/05 00:44:17.526,240.515,6.784
2025/10/05 00:44:18.911,241.001,6.784
2025/10/05 00:44:20.482,241.506,6.784
2025/10/05 00:44:21.889,241.995,6.784
2025/10/05 00:44:23.253,242.52,6.784
2025/10/05 00:44:24.856,243.011,6.784
2025/10/05 00:44:26.266,243.492,6.784
2025/10/05 00:44:27.616,244.005,6.784
2025/10/05 00:44:28.989,244.508,6.784
2025/10/05 00:44:30.640,245.011,6.784
2025/10/05 00:44:32.048,245.494,6.784
2025/10/05 00:44:33.411,245.997,6.784
2025/10/05 00:44:34.782,246.51,6.784
2025/10/05 00:44:36.183,246.977,6.784
2025/10/05 00:44:39.239,229.045,4.883
2025/10/05 00:44:40.606,229.465,4.883
2025/10/05 00:44:41.971,230.009,4.883
2025/10/05 00:44:43.367,230.512,4.883
2025/10/05 00:44:44.792,230.998,4.883
2025/10/05 00:44:46.146,231.506,4.883
2025/10/05 00:44:47.552,232.008,4.883
2025/10/05 00:44:48.902,232.503,4.883
2025/10/05 00:44:50.502,233.011,4.883
2025/10/05 00:44:51.893,233.489,4.883
2025/10/05 00:44:53.250,234.016,4.883
2025/10/05 00:44:54.809,234.497,4.883
2025/10/05 00:44:56.192,235.01,4.883
2025/10/05 00:44:57.570,235.513,4.883
2025/10/05 00:44:58.946,235.991,4.883
2025/10/05 00:45:00.327,236.507,4.883
2025/10/05 00:45:01.884,237.01,4.883
2025/10/05 00:45:03.296,237.502,4.883
2025/10/05 00:45:04.668,237.993,4.883
2025/10/05 00:45:06.048,238.504,4.883
2025/10/05 00:45:07.613,239.007,4.883
2025/10/05 00:45:08.994,239.509,4.883
2025/10/05 00:45:10.355,240.004,4.883
2025/10/05 00:45:11.727,240.506,4.883
2025/10/05 00:45:13.100,241.009,4.883
2025/10/05 00:45:14.515,241.512,4.883
2025/10/05 00:45:15.912,241.998,4.883
2025/10/05 00:45:17.289,242.525,4.883
2025/10/05 00:45:18.655,243.011,4.883
2025/10/05 00:45:20.271,243.481,4.883
2025/10/05 00:45:21.662,244.016,4.883
2025/10/05 00:45:23.025,244.508,4.883
2025/10/05 00:45:24.394,244.992,4.883
2025/10/05 00:45:27.410,229.053,4.287
2025/10/05 00:45:28.770,229.462,4.287
2025/10/05 00:45:30.142,230.009,4.287
2025/10/05 00:45:31.682,230.509,4.287
2025/10/05 00:45:33.019,230.998,4.287
2025/10/05 00:45:34.405,231.52,4.287
2025/10/05 00:45:35.790,231.967,4.287
2025/10/05 00:45:37.134,232.533,4.287
2025/10/05 00:45:38.552,233.008,4.287
2025/10/05 00:45:39.911,233.505,4.287
2025/10/05 00:45:41.307,233.994,4.287
2025/10/05 00:45:42.661,234.516,4.287
2025/10/05 00:45:44.016,234.999,4.287
2025/10/05 00:45:45.516,235.513,4.287
2025/10/05 00:45:46.874,235.994,4.287
2025/10/05 00:45:48.256,236.496,4.287
2025/10/05 00:45:49.652,237.021,4.287
2025/10/05 00:45:51.250,237.504,4.287
2025/10/05 00:45:52.680,238.01,4.287
2025/10/05 00:45:54.033,238.493,4.287
2025/10/05 00:45:55.403,238.993,4.287
2025/10/05 00:45:56.772,239.518,4.287
2025/10/05 00:45:58.364,240.004,4.287
2025/10/05 00:45:59.766,240.498,4.287
2025/10/05 00:46:01.144,241.028,4.287
2025/10/05 00:46:02.677,241.509,4.287
2025/10/05 00:46:04.033,242.009,4.287
2025/10/05 00:46:05.424,242.47,4.287
2025/10/05 00:46:06.808,243.028,4.287
2025/10/05 00:46:08.177,243.506,4.287
2025/10/05 00:46:09.581,243.997,4.287
2025/10/05 00:46:10.970,244.527,4.287
2025/10/05 00:46:12.327,244.994,4.287
2025/10/05 00:46:15.422,223.049,11.206
2025/10/05 00:46:16.859,223.933,11.206
2025/10/05 00:46:18.292,225.013,11.206
2025/10/05 00:46:19.856,226.015,11.206
2025/10/05 00:46:21.263,226.988,11.206
2025/10/05 00:46:22.676,228.012,11.206
2025/10/05 00:46:24.244,228.998,11.206
2025/10/05 00:46:25.678,230.012,11.206
2025/10/05 00:46:27.068,231.003,11.206
2025/10/05 00:46:28.671,232.006,11.206
2025/10/05 00:46:30.084,233.014,11.206
2025/10/05 00:46:31.476,233.994,11.206
2025/10/05 00:46:32.891,235.01,11.206
2025/10/05 00:46:34.532,236.007,11.206
2025/10/05 00:46:35.952,237.004,11.206
2025/10/05 00:46:37.371,237.993,11.206
2025/10/05 00:46:38.991,239.015,11.206
2025/10/05 00:46:40.405,240.015,11.206
2025/10/05 00:46:41.804,241.006,11.206
2025/10/05 00:46:43.199,242.006,11.206
2025/10/05 00:46:44.623,242.989,11.206
2025/10/05 00:46:46.084,244.022,11.206
2025/10/05 00:46:47.512,244.992,11.206
2025/10/05 00:46:49.107,246.027,11.206
2025/10/05 00:46:50.539,246.991,11.206
2025/10/05 00:46:51.941,247.988,11.206
2025/10/05 00:46:53.349,249.032,11.206
2025/10/05 00:46:55.073,249.996,11.206
2025/10/05 00:46:56.477,251.001,11.206
2025/10/05 00:46:59.529,227.051,6.784
2025/10/05 00:47:00.919,227.449,6.784
2025/10/05 00:47:02.297,228.026,6.784
2025/10/05 00:47:03.630,228.501,6.784
2025/10/05 00:47:05.216,229.034,6.784
2025/10/05 00:47:06.623,229.479,6.784
2025/10/05 00:47:07.976,230.02,6.784
2025/10/05 00:47:09.356,230.501,6.784
2025/10/05 00:47:10.964,231.011,6.784
2025/10/05 00:47:12.345,231.495,6.784
2025/10/05 00:47:13.720,232.008,6.784
2025/10/05 00:47:15.097,232.519,6.784
2025/10/05 00:47:16.456,233.003,6.784
2025/10/05 00:47:17.853,233.541,6.784
2025/10/05 00:47:19.247,233.961,6.784
2025/10/05 00:47:20.616,234.5,6.784
2025/10/05 00:47:21.990,235.032,6.784
2025/10/05 00:47:23.584,235.477,6.784
2025/10/05 00:47:24.947,236.046,6.784
2025/10/05 00:47:26.324,236.485,6.784
2025/10/05 00:47:27.888,236.985,6.784
2025/10/05 00:47:29.291,237.518,6.784
2025/10/05 00:47:30.665,238.012,6.784
2025/10/05 00:47:32.032,238.51,6.784
2025/10/05 00:47:33.439,238.979,6.784
2025/10/05 00:47:34.863,239.509,6.784
2025/10/05 00:47:36.200,240.028,6.784
2025/10/05 00:47:37.593,240.484,6.784
2025/10/05 00:47:38.976,240.992,6.784
2025/10/05 00:47:40.548,241.517,6.784
2025/10/05 00:47:41.909,242.022,6.784
2025/10/05 00:47:43.267,242.498,6.784
2025/10/05 00:47:44.660,243.014,6.784
2025/10/05 00:47:46.226,243.503,6.784
2025/10/05 00:47:47.616,243.986,6.784
2025/10/05 00:47:48.979,244.516,6.784
2025/10/05 00:47:50.352,245.005,6.784
2025/10/05 00:47:51.882,245.505,6.784
2025/10/05 00:47:53.278,246.013,6.784
2025/10/05 00:47:54.667,246.519,6.784
2025/10/05 00:47:56.032,246.983,6.784
2025/10/05 00:47:59.049,229.026,4.883
2025/10/05 00:48:00.430,229.451,4.883
2025/10/05 00:48:01.822,230.031,4.883
2025/10/05 00:48:03.370,230.498,4.883
2025/10/05 00:48:04.770,230.998,4.883
2025/10/05 00:48:06.156,231.506,4.883
2025/10/05 00:48:07.742,232.019,4.883
2025/10/05 00:48:09.121,232.511,4.883
2025/10/05 00:48:10.528,232.983,4.883
2025/10/05 00:48:11.889,233.503,4.883
2025/10/05 00:48:13.286,234.002,4.883
2025/10/05 00:48:14.899,234.502,4.883
2025/10/05 00:48:16.251,235.016,4.883
2025/10/05 00:48:17.639,235.51,4.883
2025/10/05 00:48:18.990,236.01,4.883
2025/10/05 00:48:20.568,236.496,4.883
2025/10/05 00:48:21.976,237.015,4.883
2025/10/05 00:48:23.323,237.499,4.883
2025/10/05 00:48:24.696,238.001,4.883
2025/10/05 00:48:26.288,238.512,4.883
2025/10/05 00:48:27.662,239.001,4.883
2025/10/05 00:48:29.026,239.512,4.883
2025/10/05 00:48:30.400,239.99,4.883
2025/10/05 00:48:31.891,240.526,4.883
2025/10/05 00:48:33.244,241.006,4.883
2025/10/05 00:48:34.626,241.492,4.883
2025/10/05 00:48:36.009,242.014,4.883
2025/10/05 00:48:37.608,242.506,4.883
2025/10/05 00:48:38.999,242.976,4.883
2025/10/05 00:48:40.372,243.536,4.883
2025/10/05 00:48:41.982,244.016,4.883
2025/10/05 00:48:43.359,244.494,4.883
2025/10/05 00:48:44.725,245.011,4.883
2025/10/05 00:48:47.248,229.037,4.284
2025/10/05 00:48:48.664,229.446,4.284
2025/10/05 00:48:50.040,230.034,4.284
2025/10/05 00:48:51.405,230.501,4.284
2025/10/05 00:48:52.769,231.009,4.284
2025/10/05 00:48:54.330,231.509,4.284
2025/10/05 00:48:55.758,232.006,4.284
2025/10/05 00:48:57.114,232.506,4.284
2025/10/05 00:48:58.482,233.027,4.284
2025/10/05 00:48:59.852,233.486,4.284
2025/10/05 00:49:01.425,234.022,4.284
2025/10/05 00:49:02.793,234.5,4.284
2025/10/05 00:49:04.158,235.002,4.284
2025/10/05 00:49:05.531,235.505,4.284
2025/10/05 00:49:07.119,236.024,4.284
2025/10/05 00:49:08.505,236.485,4.284
2025/10/05 00:49:09.888,237.004,4.284
2025/10/05 00:49:11.258,237.488,4.284
2025/10/05 00:49:12.639,238.023,4.284
2025/10/05 00:49:14.031,238.523,4.284
2025/10/05 00:49:15.367,238.996,4.284
2025/10/05 00:49:16.711,239.507,4.284
2025/10/05 00:49:18.125,239.99,4.284
2025/10/05 00:49:19.795,240.537,4.284
2025/10/05 00:49:21.182,240.984,4.284
2025/10/05 00:49:22.565,241.512,4.284
2025/10/05 00:49:23.920,242.02,4.284
2025/10/05 00:49:25.316,242.492,4.284
2025/10/05 00:49:26.891,243.017,4.284
2025/10/05 00:49:28.255,243.503,4.284
2025/10/05 00:49:29.638,244.019,4.284
2025/10/05 00:49:30.993,244.503,4.284
2025/10/05 00:49:32.550,245.002,4.284
2025/10/05 00:49:35.454,223.044,11.208
2025/10/05 00:49:37.101,223.933,11.208
2025/10/05 00:49:38.555,225.002,11.208
2025/10/05 00:49:39.981,226.013,11.208
2025/10/05 00:49:41.600,227.007,11.208
2025/10/05 00:49:43.028,227.998,11.208
2025/10/05 00:49:44.456,229.026,11.208
2025/10/05 00:49:45.865,229.998,11.208
2025/10/05 00:49:47.475,231.0,11.208
2025/10/05 00:49:48.879,232.019,11.208
2025/10/05 00:49:50.336,233.014,11.208
2025/10/05 00:49:51.974,233.994,11.208
2025/10/05 00:49:53.407,234.994,11.208
2025/10/05 00:49:54.821,235.996,11.208
2025/10/05 00:49:56.244,237.015,11.208
2025/10/05 00:49:57.864,238.007,11.208
2025/10/05 00:49:59.286,239.012,11.208
2025/10/05 00:50:00.674,240.012,11.208
2025/10/05 00:50:02.100,240.962,11.208
2025/10/05 00:50:03.724,242.025,11.208
2025/10/05 00:50:05.149,243.014,11.208
2025/10/05 00:50:06.768,244.003,11.208
2025/10/05 00:50:08.202,245.008,11.208
2025/10/05 00:50:09.616,246.008,11.208
2025/10/05 00:50:11.028,247.002,11.208
2025/10/05 00:50:12.640,248.021,11.208
2025/10/05 00:50:14.063,248.999,11.208
2025/10/05 00:50:15.475,250.004,11.208
2025/10/05 00:50:16.862,250.998,11.208
2025/10/05 00:50:19.940,227.037,6.781
2025/10/05 00:50:21.362,227.452,6.781
2025/10/05 00:50:22.895,228.018,6.781
2025/10/05 00:50:24.252,228.487,6.781
2025/10/05 00:50:25.635,229.026,6.781
2025/10/05 00:50:26.993,229.512,6.781
2025/10/05 00:50:28.604,229.99,6.781
2025/10/05 00:50:29.970,230.509,6.781
2025/10/05 00:50:31.399,230.998,6.781
2025/10/05 00:50:32.764,231.503,6.781
2025/10/05 00:50:34.445,232.025,6.781
2025/10/05 00:50:35.843,232.486,6.781
2025/10/05 00:50:37.184,232.997,6.781
2025/10/05 00:50:38.596,233.503,6.781
2025/10/05 00:50:40.189,234.013,6.781
2025/10/05 00:50:41.604,234.491,6.781
2025/10/05 00:50:42.952,235.03,6.781
2025/10/05 00:50:44.308,235.519,6.781
2025/10/05 00:50:45.674,235.991,6.781
2025/10/05 00:50:47.233,236.513,6.781
2025/10/05 00:50:48.627,236.996,6.781
2025/10/05 00:50:50.018,237.513,6.781
2025/10/05 00:50:51.375,237.993,6.781
2025/10/05 00:50:52.940,238.512,6.781
2025/10/05 00:50:54.350,239.007,6.781
2025/10/05 00:50:55.726,239.493,6.781
2025/10/05 00:50:57.084,240.006,6.781
2025/10/05 00:50:58.659,240.506,6.781
2025/10/05 00:51:00.042,240.995,6.781
2025/10/05 00:51:01.438,241.534,6.781
2025/10/05 00:51:03.003,242.003,6.781
2025/10/05 00:51:04.385,242.509,6.781
2025/10/05 00:51:05.778,242.997,6.781
2025/10/05 00:51:07.165,243.506,6.781
2025/10/05 00:51:08.517,244.052,6.781
2025/10/05 00:51:09.973,244.472,6.781
2025/10/05 00:51:11.342,245.019,6.781
2025/10/05 00:51:12.731,245.516,6.781
2025/10/05 00:51:14.111,245.98,6.781
2025/10/05 00:51:15.693,246.519,6.781
2025/10/05 00:51:17.081,246.997,6.781
2025/10/05 00:51:20.070,229.039,4.883
2025/10/05 00:51:21.445,229.473,4.883
2025/10/05 00:51:22.830,230.014,4.883
2025/10/05 00:51:24.189,230.52,4.883
2025/10/05 00:51:25.570,231.011,4.883
2025/10/05 00:51:27.126,231.489,4.883
2025/10/05 00:51:28.491,232.028,4.883
2025/10/05 00:51:29.878,232.495,4.883
2025/10/05 00:51:31.224,233.005,4.883
2025/10/05 00:51:32.641,233.525,4.883
2025/10/05 00:51:34.018,233.986,4.883
2025/10/05 00:51:35.377,234.502,4.883
2025/10/05 00:51:36.771,235.019,4.883
2025/10/05 00:51:38.132,235.508,4.883
2025/10/05 00:51:39.695,235.988,4.883
2025/10/05 00:51:41.061,236.505,4.883
2025/10/05 00:51:42.476,237.01,4.883
2025/10/05 00:51:44.046,237.504,4.883
2025/10/05 00:51:45.467,238.01,4.883
2025/10/05 00:51:46.832,238.49,4.883
2025/10/05 00:51:48.202,239.001,4.883
2025/10/05 00:51:49.584,239.529,4.883
2025/10/05 00:51:50.989,239.995,4.883
2025/10/05 00:51:52.354,240.52,4.883
2025/10/05 00:51:53.734,240.998,4.883
2025/10/05 00:51:55.115,241.487,4.883
2025/10/05 00:51:56.688,242.042,4.883
2025/10/05 00:51:58.072,242.489,4.883
2025/10/05 00:51:59.458,242.992,4.883
2025/10/05 00:52:01.059,243.53,4.883
2025/10/05 00:52:02.448,244.0,4.883
2025/10/05 00:52:03.825,244.505,4.883
2025/10/05 00:52:05.194,244.992,4.883
2025/10/05 00:52:08.073,229.034,4.29
2025/10/05 00:52:09.442,229.446,4.29
2025/10/05 00:52:10.832,230.025,4.29
2025/10/05 00:52:12.205,230.509,4.29
2025/10/05 00:52:13.606,230.987,4.29
2025/10/05 00:52:15.190,231.514,4.29
2025/10/05 00:52:16.553,232.017,4.29
2025/10/05 00:52:17.955,232.497,4.29
2025/10/05 00:52:19.308,233.0,4.29
2025/10/05 00:52:20.899,233.536,4.29
2025/10/05 00:52:22.292,233.975,4.29
2025/10/05 00:52:23.706,234.5,4.29
2025/10/05 00:52:25.069,234.961,4.29
2025/10/05 00:52:26.679,235.519,4.29
2025/10/05 00:52:28.034,236.002,4.29
2025/10/05 00:52:29.384,236.538,4.29
2025/10/05 00:52:30.782,236.991,4.29
2025/10/05 00:52:32.357,237.51,4.29
2025/10/05 00:52:33.764,238.021,4.29
2025/10/05 00:52:35.137,238.496,4.29
2025/10/05 00:52:36.483,239.009,4.29
2025/10/05 00:52:38.083,239.515,4.29
2025/10/05 00:52:39.471,239.99,4.29
2025/10/05 00:52:40.842,240.52,4.29
2025/10/05 00:52:42.206,240.99,4.29
2025/10/05 00:52:43.564,241.525,4.29
2025/10/05 00:52:45.216,241.992,4.29
2025/10/05 00:52:46.586,242.495,4.29
2025/10/05 00:52:48.002,243.008,4.29
2025/10/05 00:52:49.369,243.511,4.29
2025/10/05 00:52:50.762,244.019,4.29
2025/10/05 00:52:52.165,244.494,4.29
2025/10/05 00:52:53.510,245.024,4.29
2025/10/05 00:52:56.421,223.041,11.208
2025/10/05 00:52:57.843,223.922,11.208
2025/10/05 00:52:59.292,225.018,11.208
2025/10/05 00:53:00.906,226.004,11.208
2025/10/05 00:53:02.324,227.021,11.208
2025/10/05 00:53:03.730,228.012,11.208
2025/10/05 00:53:05.168,228.993,11.208
2025/10/05 00:53:06.748,230.006,11.208
2025/10/05 00:53:08.180,231.022,11.208
2025/10/05 00:53:09.593,231.995,11.208
2025/10/05 00:53:11.198,233.0,11.208
2025/10/05 00:53:12.630,234.0,11.208
2025/10/05 00:53:14.075,235.019,11.208
2025/10/05 00:53:15.693,236.007,11.208
2025/10/05 00:53:17.136,236.985,11.208
2025/10/05 00:53:18.529,238.015,11.208
2025/10/05 00:53:20.177,239.004,11.208
2025/10/05 00:53:21.582,240.015,11.208
2025/10/05 00:53:22.984,241.006,11.208
2025/10/05 00:53:24.402,242.014,11.208
2025/10/05 00:53:25.995,243.0,11.208
2025/10/05 00:53:27.425,243.997,11.208
2025/10/05 00:53:28.825,245.016,11.208
2025/10/05 00:53:30.461,245.997,11.208
2025/10/05 00:53:31.903,247.013,11.208
2025/10/05 00:53:33.306,248.002,11.208
2025/10/05 00:53:34.921,249.018,11.208
2025/10/05 00:53:36.328,249.988,11.208
2025/10/05 00:53:37.711,251.009,11.208
2025/10/05 00:53:40.659,227.032,6.781
2025/10/05 00:53:42.041,227.46,6.781
2025/10/05 00:53:43.461,228.015,6.781
2025/10/05 00:53:44.809,228.509,6.781
2025/10/05 00:53:46.373,229.006,6.781
2025/10/05 00:53:47.779,229.487,6.781
2025/10/05 00:53:49.158,230.025,6.781
2025/10/05 00:53:50.530,230.501,6.781
2025/10/05 00:53:52.051,231.006,6.781
2025/10/05 00:53:53.434,231.5,6.781
2025/10/05 00:53:54.795,232.025,6.781
2025/10/05 00:53:56.144,232.519,6.781
2025/10/05 00:53:57.735,232.978,6.781
2025/10/05 00:53:59.139,233.514,6.781
2025/10/05 00:54:00.511,233.991,6.781
2025/10/05 00:54:02.095,234.522,6.781
2025/10/05 00:54:03.486,234.997,6.781
2025/10/05 00:54:04.850,235.494,6.781
2025/10/05 00:54:06.229,236.016,6.781
2025/10/05 00:54:07.576,236.507,6.781
2025/10/05 00:54:09.290,237.002,6.781
2025/10/05 00:54:10.661,237.524,6.781
2025/10/05 00:54:12.035,238.007,6.781
2025/10/05 00:54:13.422,238.499,6.781
2025/10/05 00:54:14.809,239.004,6.781
2025/10/05 00:54:16.179,239.504,6.781
2025/10/05 00:54:17.564,240.012,6.781
2025/10/05 00:54:18.928,240.482,6.781
2025/10/05 00:54:20.490,241.031,6.781
2025/10/05 00:54:21.878,241.501,6.781
2025/10/05 00:54:23.272,242.003,6.781
2025/10/05 00:54:24.644,242.514,6.781
2025/10/05 00:54:26.200,243.0,6.781
2025/10/05 00:54:27.602,243.5,6.781
2025/10/05 00:54:28.951,244.025,6.781
2025/10/05 00:54:30.337,244.483,6.781
2025/10/05 00:54:31.782,245.019,6.781
2025/10/05 00:54:33.168,245.497,6.781
2025/10/05 00:54:34.536,245.991,6.781
2025/10/05 00:54:35.912,246.513,6.781
2025/10/05 00:54:37.499,247.018,6.781
2025/10/05 00:54:40.247,229.012,4.883
2025/10/05 00:54:41.603,229.462,4.883
2025/10/05 00:54:43.188,230.017,4.883
2025/10/05 00:54:44.564,230.501,4.883
2025/10/05 00:54:45.929,231.017,4.883
2025/10/05 00:54:47.297,231.503,4.883
2025/10/05 00:54:48.896,231.995,4.883
2025/10/05 00:54:50.288,232.506,4.883
2025/10/05 00:54:51.637,232.983,4.883
2025/10/05 00:54:53.038,233.519,4.883
2025/10/05 00:54:54.402,234.002,4.883
2025/10/05 00:54:55.835,234.502,4.883
2025/10/05 00:54:57.216,235.01,4.883
2025/10/05 00:54:58.572,235.513,4.883
2025/10/05 00:54:59.955,235.999,4.883
2025/10/05 00:55:01.515,236.507,4.883
2025/10/05 00:55:02.946,237.002,4.883
2025/10/05 00:55:04.317,237.507,4.883
2025/10/05 00:55:05.676,237.985,4.883
2025/10/05 00:55:07.263,238.515,4.883
2025/10/05 00:55:08.638,239.009,4.883
2025/10/05 00:55:10.033,239.498,4.883
2025/10/05 00:55:11.414,240.001,4.883
2025/10/05 00:55:12.990,240.523,4.883
2025/10/05 00:55:14.362,241.003,4.883
2025/10/05 00:55:15.740,241.501,4.883
2025/10/05 00:55:17.111,242.009,4.883
2025/10/05 00:55:18.477,242.503,4.883
2025/10/05 00:55:20.012,243.003,4.883
2025/10/05 00:55:21.376,243.511,4.883
2025/10/05 00:55:22.748,244.003,4.883
2025/10/05 00:55:24.135,244.53,4.883
2025/10/05 00:55:25.718,244.983,4.883
2025/10/05 00:55:28.267,229.039,4.287
2025/10/05 00:55:29.671,229.454,4.287
2025/10/05 00:55:31.053,230.006,4.287
2025/10/05 00:55:32.629,230.506,4.287
2025/10/05 00:55:34.025,231.009,4.287
2025/10/05 00:55:35.382,231.5,4.287
2025/10/05 00:55:36.963,232.0,4.287
2025/10/05 00:55:38.336,232.503,4.287
2025/10/05 00:55:39.708,233.022,4.287
2025/10/05 00:55:41.094,233.5,4.287
2025/10/05 00:55:42.435,234.0,4.287
2025/10/05 00:55:44.031,234.502,4.287
2025/10/05 00:55:45.396,235.043,4.287
2025/10/05 00:55:46.772,235.469,4.287
2025/10/05 00:55:48.159,236.035,4.287
2025/10/05 00:55:49.492,236.496,4.287
2025/10/05 00:55:51.085,237.013,4.287
2025/10/05 00:55:52.491,237.485,4.287
2025/10/05 00:55:53.890,238.015,4.287
2025/10/05 00:55:55.256,238.504,4.287
2025/10/05 00:55:56.858,238.985,4.287
2025/10/05 00:55:58.234,239.526,4.287
2025/10/05 00:55:59.613,239.995,4.287
2025/10/05 00:56:01.182,240.504,4.287
2025/10/05 00:56:02.575,241.014,4.287
2025/10/05 00:56:03.942,241.509,4.287
2025/10/05 00:56:05.304,242.006,4.287
2025/10/05 00:56:06.667,242.476,4.287
2025/10/05 00:56:08.164,243.019,4.287
2025/10/05 00:56:09.521,243.519,4.287
2025/10/05 00:56:10.870,244.022,4.287
2025/10/05 00:56:12.281,244.481,4.287
2025/10/05 00:56:13.812,245.005,4.287
2025/10/05 00:56:16.724,223.049,11.208
2025/10/05 00:56:18.321,223.928,11.208
2025/10/05 00:56:19.767,225.016,11.208
2025/10/05 00:56:21.180,225.993,11.208
2025/10/05 00:56:22.820,227.029,11.208
2025/10/05 00:56:24.248,227.987,11.208
2025/10/05 00:56:25.663,229.012,11.208
2025/10/05 00:56:27.312,229.992,11.208
2025/10/05 00:56:28.743,231.006,11.208
2025/10/05 00:56:30.164,232.019,11.208
2025/10/05 00:56:31.762,232.986,11.208
2025/10/05 00:56:33.217,233.989,11.208
2025/10/05 00:56:34.606,235.01,11.208
2025/10/05 00:56:36.260,236.032,11.208
2025/10/05 00:56:37.694,236.982,11.208
2025/10/05 00:56:39.122,238.004,11.208
2025/10/05 00:56:40.540,239.015,11.208
2025/10/05 00:56:42.108,240.037,11.208
2025/10/05 00:56:43.517,240.976,11.208
2025/10/05 00:56:44.944,242.017,11.208
2025/10/05 00:56:46.543,243.006,11.208
2025/10/05 00:56:47.970,243.995,11.208
2025/10/05 00:56:49.396,245.024,11.208
2025/10/05 00:56:50.859,246.013,11.208
2025/10/05 00:56:52.294,246.98,11.208
2025/10/05 00:56:53.672,248.021,11.208
2025/10/05 00:56:55.071,249.015,11.208
2025/10/05 00:56:56.690,250.01,11.208
2025/10/05 00:56:58.122,250.985,11.208
2025/10/05 00:57:01.040,227.054,6.784
2025/10/05 00:57:02.440,227.479,6.784
2025/10/05 00:57:03.795,228.012,6.784
2025/10/05 00:57:05.175,228.498,6.784
2025/10/05 00:57:06.557,229.009,6.784
2025/10/05 00:57:08.161,229.517,6.784
2025/10/05 00:57:09.506,230.009,6.784
2025/10/05 00:57:10.860,230.484,6.784
2025/10/05 00:57:12.268,231.022,6.784
2025/10/05 00:57:13.864,231.489,6.784
2025/10/05 00:57:15.257,232.039,6.784
2025/10/05 00:57:16.625,232.489,6.784
2025/10/05 00:57:18.209,233.003,6.784
2025/10/05 00:57:19.606,233.503,6.784
2025/10/05 00:57:20.983,233.994,6.784
2025/10/05 00:57:22.353,234.524,6.784
2025/10/05 00:57:23.738,234.999,6.784
2025/10/05 00:57:25.375,235.508,6.784
2025/10/05 00:57:26.738,236.01,6.784
2025/10/05 00:57:28.101,236.496,6.784
2025/10/05 00:57:29.484,236.999,6.784
2025/10/05 00:57:30.897,237.499,6.784
2025/10/05 00:57:32.266,238.004,6.784
2025/10/05 00:57:33.651,238.515,6.784
2025/10/05 00:57:35.023,239.015,6.784
2025/10/05 00:57:36.646,239.501,6.784
2025/10/05 00:57:38.025,239.982,6.784
2025/10/05 00:57:39.424,240.531,6.784
2025/10/05 00:57:40.781,240.998,6.784
2025/10/05 00:57:42.139,241.539,6.784
2025/10/05 00:57:43.700,241.97,6.784
2025/10/05 00:57:45.073,242.498,6.784
2025/10/05 00:57:46.490,243.011,6.784
2025/10/05 00:57:48.032,243.519,6.784
2025/10/05 00:57:49.409,243.967,6.784
2025/10/05 00:57:50.795,244.522,6.784
2025/10/05 00:57:52.173,245.022,6.784
2025/10/05 00:57:53.552,245.491,6.784
2025/10/05 00:57:55.109,246.01,6.784
2025/10/05 00:57:56.504,246.491,6.784
2025/10/05 00:57:57.855,247.002,6.784
2025/10/05 00:58:00.874,229.034,4.88
2025/10/05 00:58:02.230,229.473,4.88
2025/10/05 00:58:03.633,230.02,4.88
2025/10/05 00:58:04.997,230.503,4.88
2025/10/05 00:58:06.605,231.003,4.88
2025/10/05 00:58:08.007,231.495,4.88
2025/10/05 00:58:09.375,232.011,4.88
2025/10/05 00:58:10.753,232.511,4.88
2025/10/05 00:58:12.196,232.997,4.88
2025/10/05 00:58:13.590,233.492,4.88
2025/10/05 00:58:14.964,234.008,4.88
2025/10/05 00:58:16.328,234.519,4.88
2025/10/05 00:58:17.903,234.991,4.88
2025/10/05 00:58:19.295,235.519,4.88
2025/10/05 00:58:20.666,236.01,4.88
2025/10/05 00:58:22.031,236.491,4.88
2025/10/05 00:58:23.625,237.01,4.88
2025/10/05 00:58:25.023,237.491,4.88
2025/10/05 00:58:26.414,238.021,4.88
2025/10/05 00:58:27.766,238.504,4.88
2025/10/05 00:58:29.365,238.976,4.88
2025/10/05 00:58:30.745,239.509,4.88
2025/10/05 00:58:32.103,240.031,4.88
2025/10/05 00:58:33.468,240.484,4.88
2025/10/05 00:58:35.047,241.017,4.88
2025/10/05 00:58:36.414,241.498,4.88
2025/10/05 00:58:37.804,242.009,4.88
2025/10/05 00:58:39.189,242.525,4.88
2025/10/05 00:58:40.533,242.989,4.88
2025/10/05 00:58:42.095,243.522,4.88
2025/10/05 00:58:43.479,243.981,4.88
2025/10/05 00:58:44.842,244.519,4.88
2025/10/05 00:58:46.203,244.986,4.88
2025/10/05 00:58:49.040,229.034,4.287
2025/10/05 00:58:50.415,229.451,4.287
2025/10/05 00:58:51.804,230.031,4.287
2025/10/05 00:58:53.189,230.506,4.287
2025/10/05 00:58:54.728,230.989,4.287
2025/10/05 00:58:56.147,231.528,4.287
2025/10/05 00:58:57.505,231.981,4.287
2025/10/05 00:58:58.864,232.525,4.287
2025/10/05 00:59:00.473,232.978,4.287
2025/10/05 00:59:01.862,233.544,4.287
2025/10/05 00:59:03.229,233.967,4.287
2025/10/05 00:59:04.606,234.478,4.287
2025/10/05 00:59:06.172,235.052,4.287
2025/10/05 00:59:07.508,235.497,4.287
2025/10/05 00:59:08.888,235.999,4.287
2025/10/05 00:59:10.303,236.518,4.287
2025/10/05 00:59:11.911,236.999,4.287
2025/10/05 00:59:13.304,237.482,4.287
2025/10/05 00:59:14.653,238.015,4.287
2025/10/05 00:59:16.021,238.49,4.287
2025/10/05 00:59:17.588,239.084,4.287
2025/10/05 00:59:18.961,239.463,4.287
2025/10/05 00:59:20.357,240.006,4.287
2025/10/05 00:59:21.698,240.526,4.287
2025/10/05 00:59:23.243,240.992,4.287
2025/10/05 00:59:24.635,241.506,4.287
2025/10/05 00:59:26.019,242.0,4.287
2025/10/05 00:59:27.418,242.514,4.287
2025/10/05 00:59:28.969,243.006,4.287
2025/10/05 00:59:30.352,243.489,4.287
2025/10/05 00:59:31.721,244.03,4.287
2025/10/05 00:59:33.311,244.475,4.287
2025/10/05 00:59:34.707,245.013,4.287
2025/10/05 00:59:37.921,223.044,11.211
2025/10/05 00:59:39.416,223.944,11.211
2025/10/05 00:59:40.829,224.988,11.211
2025/10/05 00:59:42.447,226.051,11.211
2025/10/05 00:59:43.862,226.974,11.211
2025/10/05 00:59:45.268,228.026,11.211
2025/10/05 00:59:46.895,228.998,11.211
2025/10/05 00:59:48.326,230.003,11.211
2025/10/05 00:59:49.715,231.025,11.211
2025/10/05 00:59:51.343,231.992,11.211
2025/10/05 00:59:52.772,232.994,11.211
2025/10/05 00:59:54.182,234.03,11.211
2025/10/05 00:59:55.585,235.016,11.211
2025/10/05 00:59:57.213,235.991,11.211
2025/10/05 00:59:58.673,237.032,11.211
2025/10/05 01:00:00.084,237.979,11.211
2025/10/05 01:00:01.685,239.012,11.211
2025/10/05 01:00:03.113,239.998,11.211
2025/10/05 01:00:04.521,241.012,11.211
2025/10/05 01:00:06.104,242.006,11.211
2025/10/05 01:00:07.524,243.006,11.211
2025/10/05 01:00:08.932,244.0,11.211
2025/10/05 01:00:10.337,245.038,11.211
2025/10/05 01:00:11.986,245.994,11.211
2025/10/05 01:00:13.416,246.977,11.211
2025/10/05 01:00:14.858,248.024,11.211
2025/10/05 01:00:16.248,248.999,11.211
2025/10/05 01:00:17.854,250.004,11.211
2025/10/05 01:00:19.279,250.99,11.211
2025/10/05 01:00:22.160,227.029,6.786
2025/10/05 01:00:23.547,227.46,6.786
2025/10/05 01:00:24.916,228.004,6.786
2025/10/05 01:00:26.290,228.479,6.786
2025/10/05 01:00:27.653,229.045,6.786
2025/10/05 01:00:29.045,229.504,6.786
2025/10/05 01:00:30.412,230.006,6.786
2025/10/05 01:00:31.807,230.528,6.786
2025/10/05 01:00:33.156,230.998,6.786
2025/10/05 01:00:34.766,231.506,6.786
2025/10/05 01:00:36.142,231.975,6.786
2025/10/05 01:00:37.530,232.528,6.786
2025/10/05 01:00:39.027,232.994,6.786
2025/10/05 01:00:40.482,233.5,6.786
2025/10/05 01:00:41.867,234.008,6.786
2025/10/05 01:00:43.226,234.513,6.786
2025/10/05 01:00:44.584,234.999,6.786
2025/10/05 01:00:45.988,235.508,6.786
2025/10/05 01:00:47.352,235.994,6.786
2025/10/05 01:00:48.750,236.507,6.786
2025/10/05 01:00:50.128,236.999,6.786
2025/10/05 01:00:51.703,237.51,6.786
2025/10/05 01:00:53.081,237.996,6.786
2025/10/05 01:00:54.457,238.499,6.786
2025/10/05 01:00:55.849,239.004,6.786
2025/10/05 01:00:57.235,239.501,6.786
2025/10/05 01:00:58.807,240.023,6.786
2025/10/05 01:01:00.197,240.46,6.786
2025/10/05 01:01:01.517,241.028,6.786
2025/10/05 01:01:03.032,241.512,6.786
2025/10/05 01:01:04.406,241.981,6.786
2025/10/05 01:01:05.807,242.525,6.786
2025/10/05 01:01:07.184,242.978,6.786
2025/10/05 01:01:08.542,243.528,6.786
2025/10/05 01:01:10.151,244.0,6.786
2025/10/05 01:01:11.524,244.489,6.786
2025/10/05 01:01:12.901,245.016,6.786
2025/10/05 01:01:14.264,245.5,6.786
2025/10/05 01:01:15.619,246.008,6.786
2025/10/05 01:01:17.218,246.524,6.786
2025/10/05 01:01:18.584,247.002,6.786
2025/10/05 01:01:21.254,229.039,4.88
2025/10/05 01:01:22.635,229.46,4.88
2025/10/05 01:01:24.217,230.001,4.88
2025/10/05 01:01:25.647,230.481,4.88
2025/10/05 01:01:27.018,231.025,4.88
2025/10/05 01:01:28.366,231.531,4.88
2025/10/05 01:01:29.906,232.006,4.88
2025/10/05 01:01:31.296,232.511,4.88
2025/10/05 01:01:32.676,232.994,4.88
2025/10/05 01:01:34.234,233.5,4.88
2025/10/05 01:01:35.686,234.002,4.88
2025/10/05 01:01:37.056,234.544,4.88
2025/10/05 01:01:38.431,234.983,4.88
2025/10/05 01:01:39.837,235.494,4.88
2025/10/05 01:01:41.437,236.018,4.88
2025/10/05 01:01:42.818,236.494,4.88
2025/10/05 01:01:44.185,237.035,4.88
2025/10/05 01:01:45.549,237.491,4.88
2025/10/05 01:01:46.972,238.007,4.88
2025/10/05 01:01:48.332,238.51,4.88
2025/10/05 01:01:49.698,238.998,4.88
2025/10/05 01:01:51.075,239.509,4.88
2025/10/05 01:01:52.655,240.009,4.88
2025/10/05 01:01:54.067,240.482,4.88
2025/10/05 01:01:55.436,241.031,4.88
2025/10/05 01:01:56.803,241.509,4.88
2025/10/05 01:01:58.380,241.989,4.88
2025/10/05 01:01:59.770,242.528,4.88
2025/10/05 01:02:01.132,243.017,4.88
2025/10/05 01:02:02.503,243.484,4.88
2025/10/05 01:02:04.067,244.005,4.88
2025/10/05 01:02:05.479,244.483,4.88
2025/10/05 01:02:06.863,245.038,4.88
2025/10/05 01:02:09.380,229.037,4.287
2025/10/05 01:02:10.959,229.465,4.287
2025/10/05 01:02:12.321,229.97,4.287
2025/10/05 01:02:13.719,230.531,4.287
2025/10/05 01:02:15.309,231.014,4.287
2025/10/05 01:02:16.706,231.506,4.287
2025/10/05 01:02:18.070,232.019,4.287
2025/10/05 01:02:19.414,232.517,4.287
2025/10/05 01:02:20.797,232.989,4.287
2025/10/05 01:02:22.513,233.527,4.287
2025/10/05 01:02:23.912,233.975,4.287
2025/10/05 01:02:25.299,234.511,4.287
2025/10/05 01:02:26.670,234.994,4.287
2025/10/05 01:02:28.213,235.527,4.287
2025/10/05 01:02:29.567,235.994,4.287
2025/10/05 01:02:30.948,236.491,4.287
2025/10/05 01:02:32.320,237.01,4.287
2025/10/05 01:02:33.904,237.488,4.287
2025/10/05 01:02:35.268,238.018,4.287
2025/10/05 01:02:36.654,238.512,4.287
2025/10/05 01:02:38.021,238.976,4.287
2025/10/05 01:02:39.379,239.567,4.287
2025/10/05 01:02:40.920,239.995,4.287
2025/10/05 01:02:42.304,240.487,4.287
2025/10/05 01:02:43.684,241.012,4.287
2025/10/05 01:02:45.031,241.553,4.287
2025/10/05 01:02:46.585,241.959,4.287
2025/10/05 01:02:47.985,242.517,4.287
2025/10/05 01:02:49.355,243.022,4.287
2025/10/05 01:02:50.719,243.489,4.287
2025/10/05 01:02:52.246,244.014,4.287
2025/10/05 01:02:53.602,244.503,4.287
2025/10/05 01:02:54.964,245.005,4.287
2025/10/05 01:02:58.083,223.044,11.208
2025/10/05 01:02:59.560,223.925,11.208
2025/10/05 01:03:01.154,225.013,11.208
2025/10/05 01:03:02.585,225.993,11.208
2025/10/05 01:03:04.010,227.001,11.208
2025/10/05 01:03:05.441,228.015,11.208
2025/10/05 01:03:07.069,229.02,11.208
2025/10/05 01:03:08.485,229.99,11.208
2025/10/05 01:03:09.898,231.003,11.208
2025/10/05 01:03:11.538,232.033,11.208
2025/10/05 01:03:12.982,233.014,11.208
2025/10/05 01:03:14.378,233.986,11.208
2025/10/05 01:03:15.782,235.016,11.208
2025/10/05 01:03:17.430,235.991,11.208
2025/10/05 01:03:18.828,236.999,11.208
2025/10/05 01:03:20.265,238.021,11.208
2025/10/05 01:03:21.876,238.998,11.208
2025/10/05 01:03:23.283,239.99,11.208
2025/10/05 01:03:24.724,241.006,11.208
2025/10/05 01:03:26.343,242.02,11.208
2025/10/05 01:03:27.751,243.003,11.208
2025/10/05 01:03:29.152,244.011,11.208
2025/10/05 01:03:30.535,245.016,11.208
2025/10/05 01:03:32.175,246.005,11.208
2025/10/05 01:03:33.557,247.005,11.208
2025/10/05 01:03:34.992,248.01,11.208
2025/10/05 01:03:36.401,248.988,11.208
2025/10/05 01:03:37.993,250.034,11.208
2025/10/05 01:03:39.416,250.985,11.208
2025/10/05 01:03:42.477,227.051,6.784
2025/10/05 01:03:43.878,227.441,6.784
2025/10/05 01:03:45.251,228.02,6.784
2025/10/05 01:03:46.601,228.512,6.784
2025/10/05 01:03:48.175,228.993,6.784
2025/10/05 01:03:49.572,229.509,6.784
2025/10/05 01:03:50.939,230.025,6.784
2025/10/05 01:03:52.297,230.509,6.784
2025/10/05 01:03:53.679,230.998,6.784
2025/10/05 01:03:55.213,231.509,6.784
2025/10/05 01:03:56.581,232.017,6.784
2025/10/05 01:03:57.962,232.492,6.784
2025/10/05 01:03:59.325,232.992,6.784
2025/10/05 01:04:00.911,233.522,6.784
2025/10/05 01:04:02.306,234.002,6.784
2025/10/05 01:04:03.676,234.505,6.784
2025/10/05 01:04:05.069,234.977,6.784
2025/10/05 01:04:06.446,235.541,6.784
2025/10/05 01:04:08.022,235.977,6.784
2025/10/05 01:04:09.417,236.535,6.784
2025/10/05 01:04:10.773,236.993,6.784
2025/10/05 01:04:12.326,237.526,6.784
2025/10/05 01:04:13.694,238.012,6.784
2025/10/05 01:04:15.054,238.466,6.784
2025/10/05 01:04:16.451,239.045,6.784
2025/10/05 01:04:17.823,239.518,6.784
2025/10/05 01:04:19.402,239.979,6.784
2025/10/05 01:04:20.789,240.515,6.784
2025/10/05 01:04:22.168,241.003,6.784
2025/10/05 01:04:23.543,241.484,6.784
2025/10/05 01:04:25.118,242.022,6.784
2025/10/05 01:04:26.505,242.514,6.784
2025/10/05 01:04:27.874,242.984,6.784
2025/10/05 01:04:29.270,243.506,6.784
2025/10/05 01:04:30.639,244.011,6.784
2025/10/05 01:04:32.050,244.497,6.784
2025/10/05 01:04:33.452,244.997,6.784
2025/10/05 01:04:34.815,245.505,6.784
2025/10/05 01:04:36.212,246.01,6.784
2025/10/05 01:04:37.801,246.51,6.784
2025/10/05 01:04:39.188,247.002,6.784
2025/10/05 01:04:41.859,229.048,4.88
2025/10/05 01:04:43.430,229.454,4.88
2025/10/05 01:04:44.803,230.014,4.88
2025/10/05 01:04:46.185,230.509,4.88
2025/10/05 01:04:47.568,231.014,4.88
2025/10/05 01:04:49.124,231.503,4.88
2025/10/05 01:04:50.502,231.992,4.88
2025/10/05 01:04:51.867,232.497,4.88
2025/10/05 01:04:53.260,232.994,4.88
2025/10/05 01:04:54.656,233.549,4.88
2025/10/05 01:04:56.042,233.98,4.88
2025/10/05 01:04:57.430,234.505,4.88
2025/10/05 01:04:58.815,234.988,4.88
2025/10/05 01:05:00.177,235.527,4.88
2025/10/05 01:05:01.756,236.018,4.88
2025/10/05 01:05:03.152,236.491,4.88
2025/10/05 01:05:04.556,237.013,4.88
2025/10/05 01:05:05.888,237.491,4.88
2025/10/05 01:05:07.444,237.99,4.88
2025/10/05 01:05:08.848,238.521,4.88
2025/10/05 01:05:10.211,238.996,4.88
2025/10/05 01:05:11.564,239.518,4.88
2025/10/05 01:05:12.997,240.004,4.88
2025/10/05 01:05:14.371,240.484,4.88
2025/10/05 01:05:15.788,241.025,4.88
2025/10/05 01:05:17.162,241.509,4.88
2025/10/05 01:05:18.741,241.995,4.88
2025/10/05 01:05:20.116,242.498,4.88
2025/10/05 01:05:21.499,242.989,4.88
2025/10/05 01:05:22.896,243.525,4.88
2025/10/05 01:05:24.484,243.992,4.88
2025/10/05 01:05:25.852,244.508,4.88
2025/10/05 01:05:27.228,245.013,4.88
2025/10/05 01:05:30.017,229.053,4.287
2025/10/05 01:05:31.406,229.449,4.287
2025/10/05 01:05:32.798,230.012,4.287
2025/10/05 01:05:34.192,230.523,4.287
2025/10/05 01:05:35.780,231.009,4.287
2025/10/05 01:05:37.146,231.522,4.287
2025/10/05 01:05:38.539,231.956,4.287
2025/10/05 01:05:39.906,232.519,4.287
2025/10/05 01:05:41.465,233.019,4.287
2025/10/05 01:05:42.867,233.486,4.287
2025/10/05 01:05:44.224,233.997,4.287
2025/10/05 01:05:45.589,234.502,4.287
2025/10/05 01:05:47.029,234.991,4.287
2025/10/05 01:05:48.426,235.535,4.287
2025/10/05 01:05:49.767,235.994,4.287
2025/10/05 01:05:51.153,236.502,4.287
2025/10/05 01:05:52.772,237.018,4.287
2025/10/05 01:05:54.179,237.471,4.287
2025/10/05 01:05:55.551,238.01,4.287
2025/10/05 01:05:56.915,238.482,4.287
2025/10/05 01:05:58.292,239.026,4.287
2025/10/05 01:05:59.857,239.542,4.287
2025/10/05 01:06:01.233,240.012,4.287
2025/10/05 01:06:02.624,240.501,4.287
2025/10/05 01:06:04.157,241.02,4.287
2025/10/05 01:06:05.544,241.495,4.287
2025/10/05 01:06:06.921,242.02,4.287
2025/10/05 01:06:08.270,242.462,4.287
2025/10/05 01:06:09.652,243.011,4.287
2025/10/05 01:06:11.236,243.522,4.287
2025/10/05 01:06:12.632,244.014,4.287
2025/10/05 01:06:13.979,244.489,4.287
2025/10/05 01:06:15.350,245.013,4.287
2025/10/05 01:06:18.437,223.033,11.208
2025/10/05 01:06:19.870,223.931,11.208
2025/10/05 01:06:21.500,224.994,11.208
2025/10/05 01:06:22.921,226.024,11.208
2025/10/05 01:06:24.337,226.999,11.208
2025/10/05 01:06:25.977,228.009,11.208
2025/10/05 01:06:27.398,229.006,11.208
2025/10/05 01:06:28.789,229.995,11.208
2025/10/05 01:06:30.185,231.02,11.208
2025/10/05 01:06:31.821,232.011,11.208
2025/10/05 01:06:33.209,232.989,11.208
2025/10/05 01:06:34.621,234.016,11.208
2025/10/05 01:06:36.016,234.999,11.208
2025/10/05 01:06:37.635,236.002,11.208
2025/10/05 01:06:39.079,237.013,11.208
2025/10/05 01:06:40.494,238.001,11.208
2025/10/05 01:06:41.925,238.996,11.208
2025/10/05 01:06:43.383,240.026,11.208
2025/10/05 01:06:44.784,240.998,11.208
2025/10/05 01:06:46.226,242.014,11.208
2025/10/05 01:06:47.852,243.006,11.208
2025/10/05 01:06:49.252,244.005,11.208
2025/10/05 01:06:50.669,245.022,11.208
2025/10/05 01:06:52.083,246.002,11.208
2025/10/05 01:06:53.691,246.983,11.208
2025/10/05 01:06:55.101,248.007,11.208
2025/10/05 01:06:56.564,249.01,11.208
2025/10/05 01:06:58.190,250.04,11.208
2025/10/05 01:06:59.624,250.968,11.208
2025/10/05 01:07:02.860,227.032,6.784
2025/10/05 01:07:04.228,227.496,6.784
2025/10/05 01:07:05.630,227.982,6.784
2025/10/05 01:07:07.001,228.523,6.784
2025/10/05 01:07:08.369,228.993,6.784
2025/10/05 01:07:09.926,229.509,6.784
2025/10/05 01:07:11.277,230.017,6.784
2025/10/05 01:07:12.685,230.509,6.784
2025/10/05 01:07:14.049,231.006,6.784
2025/10/05 01:07:15.644,231.522,6.784
2025/10/05 01:07:17.057,231.984,6.784
2025/10/05 01:07:18.432,232.519,6.784
2025/10/05 01:07:19.812,232.994,6.784
2025/10/05 01:07:21.349,233.492,6.784
2025/10/05 01:07:22.726,234.0,6.784
2025/10/05 01:07:24.121,234.508,6.784
2025/10/05 01:07:25.489,235.03,6.784
2025/10/05 01:07:27.100,235.469,6.784
2025/10/05 01:07:28.482,236.04,6.784
2025/10/05 01:07:29.831,236.513,6.784
2025/10/05 01:07:31.195,236.991,6.784
2025/10/05 01:07:32.836,237.496,6.784
2025/10/05 01:07:34.228,238.034,6.784
2025/10/05 01:07:35.606,238.493,6.784
2025/10/05 01:07:36.960,239.001,6.784
2025/10/05 01:07:38.343,239.509,6.784
2025/10/05 01:07:39.915,239.99,6.784
2025/10/05 01:07:41.277,240.537,6.784
2025/10/05 01:07:42.678,240.984,6.784
2025/10/05 01:07:44.243,241.517,6.784
2025/10/05 01:07:45.630,242.017,6.784
2025/10/05 01:07:46.995,242.503,6.784
2025/10/05 01:07:48.362,243.006,6.784
2025/10/05 01:07:49.729,243.495,6.784
2025/10/05 01:07:51.314,244.019,6.784
2025/10/05 01:07:52.687,244.467,6.784
2025/10/05 01:07:54.082,245.027,6.784
2025/10/05 01:07:55.448,245.511,6.784
2025/10/05 01:07:57.008,245.975,6.784
2025/10/05 01:07:58.386,246.524,6.784
2025/10/05 01:07:59.763,247.002,6.784
2025/10/05 01:08:02.693,229.045,4.883
2025/10/05 01:08:04.084,229.446,4.883
2025/10/05 01:08:05.446,230.031,4.883
2025/10/05 01:08:06.805,230.517,4.883
2025/10/05 01:08:08.366,230.973,4.883
2025/10/05 01:08:09.748,231.503,4.883
2025/10/05 01:08:11.110,232.055,4.883
2025/10/05 01:08:12.493,232.511,4.883
2025/10/05 01:08:14.078,232.978,4.883
2025/10/05 01:08:15.482,233.514,4.883
2025/10/05 01:08:16.854,233.994,4.883
2025/10/05 01:08:18.213,234.513,4.883
2025/10/05 01:08:19.878,235.01,4.883
2025/10/05 01:08:21.267,235.505,4.883
2025/10/05 01:08:22.651,235.969,4.883
2025/10/05 01:08:24.007,236.524,4.883
2025/10/05 01:08:25.577,237.007,4.883
2025/10/05 01:08:26.981,237.491,4.883
2025/10/05 01:08:28.346,238.001,4.883
2025/10/05 01:08:29.718,238.504,4.883
2025/10/05 01:08:31.121,239.007,4.883
2025/10/05 01:08:32.500,239.534,4.883
2025/10/05 01:08:33.881,240.009,4.883
2025/10/05 01:08:35.246,240.482,4.883
2025/10/05 01:08:36.602,241.003,4.883
2025/10/05 01:08:38.189,241.542,4.883
2025/10/05 01:08:39.564,241.981,4.883
2025/10/05 01:08:40.936,242.506,4.883
2025/10/05 01:08:42.528,242.989,4.883
2025/10/05 01:08:43.909,243.517,4.883
2025/10/05 01:08:45.278,244.005,4.883
2025/10/05 01:08:46.672,244.492,4.883
2025/10/05 01:08:48.238,245.005,4.883
2025/10/05 01:08:50.902,229.001,4.287
2025/10/05 01:08:52.249,229.46,4.287
2025/10/05 01:08:53.639,230.009,4.287
2025/10/05 01:08:55.029,230.501,4.287
2025/10/05 01:08:56.451,231.036,4.287
2025/10/05 01:08:57.824,231.487,4.287
2025/10/05 01:08:59.208,231.992,4.287
2025/10/05 01:09:00.579,232.541,4.287
2025/10/05 01:09:02.135,232.986,4.287
2025/10/05 01:09:03.551,233.478,4.287
2025/10/05 01:09:04.923,234.044,4.287
2025/10/05 01:09:06.527,234.494,4.287
2025/10/05 01:09:07.918,235.002,4.287
2025/10/05 01:09:09.285,235.538,4.287
2025/10/05 01:09:10.666,235.98,4.287
2025/10/05 01:09:12.031,236.499,4.287
2025/10/05 01:09:13.638,237.013,4.287
2025/10/05 01:09:15.036,237.51,4.287
2025/10/05 01:09:16.411,237.993,4.287
2025/10/05 01:09:17.756,238.526,4.287
2025/10/05 01:09:19.349,239.004,4.287
2025/10/05 01:09:20.723,239.496,4.287
2025/10/05 01:09:22.111,240.006,4.287
2025/10/05 01:09:23.482,240.52,4.287
2025/10/05 01:09:24.827,241.003,4.287
2025/10/05 01:09:26.369,241.498,4.287
2025/10/05 01:09:27.745,241.987,4.287
2025/10/05 01:09:29.118,242.509,4.287
2025/10/05 01:09:30.720,242.995,4.287
2025/10/05 01:09:32.094,243.511,4.287
2025/10/05 01:09:33.481,243.984,4.287
2025/10/05 01:09:34.836,244.53,4.287
2025/10/05 01:09:36.345,245.002,4.287
2025/10/05 01:09:39.248,223.033,11.206
2025/10/05 01:09:40.935,223.972,11.206
2025/10/05 01:09:42.358,224.977,11.206
2025/10/05 01:09:43.757,226.007,11.206
2025/10/05 01:09:45.368,227.012,11.206
2025/10/05 01:09:46.778,228.004,11.206
2025/10/05 01:09:48.214,228.998,11.206
2025/10/05 01:09:49.641,230.023,11.206
2025/10/05 01:09:51.245,231.02,11.206
2025/10/05 01:09:52.672,231.984,11.206
2025/10/05 01:09:54.093,233.011,11.206
2025/10/05 01:09:55.709,234.033,11.206
2025/10/05 01:09:57.141,234.969,11.206
2025/10/05 01:09:58.537,236.002,11.206
2025/10/05 01:09:59.970,237.007,11.206
2025/10/05 01:10:01.456,238.018,11.206
2025/10/05 01:10:02.903,239.001,11.206
2025/10/05 01:10:04.332,240.004,11.206
2025/10/05 01:10:05.945,241.025,11.206
2025/10/05 01:10:07.395,241.989,11.206
2025/10/05 01:10:08.833,243.03,11.206
2025/10/05 01:10:10.436,244.011,11.206
2025/10/05 01:10:11.879,245.016,11.206
2025/10/05 01:10:13.279,245.989,11.206
2025/10/05 01:10:14.880,247.018,11.206
2025/10/05 01:10:16.304,248.013,11.206
2025/10/05 01:10:17.707,248.993,11.206
2025/10/05 01:10:19.291,250.021,11.206
2025/10/05 01:10:20.713,251.009,11.206
2025/10/05 01:10:23.554,227.037,6.784
2025/10/05 01:10:25.143,227.449,6.784
2025/10/05 01:10:26.509,228.026,6.784
2025/10/05 01:10:27.925,228.507,6.784
2025/10/05 01:10:29.302,228.993,6.784
2025/10/05 01:10:30.644,229.534,6.784
2025/10/05 01:10:32.253,229.97,6.784
2025/10/05 01:10:33.599,230.531,6.784
2025/10/05 01:10:34.991,231.0,6.784
2025/10/05 01:10:36.572,231.517,6.784
2025/10/05 01:10:37.979,231.997,6.784
2025/10/05 01:10:39.353,232.511,6.784
2025/10/05 01:10:40.717,233.0,6.784
2025/10/05 01:10:42.138,233.511,6.784
2025/10/05 01:10:43.511,234.0,6.784
2025/10/05 01:10:44.868,234.533,6.784
2025/10/05 01:10:46.258,234.956,6.784
2025/10/05 01:10:47.618,235.513,6.784
2025/10/05 01:10:49.198,236.007,6.784
2025/10/05 01:10:50.548,236.516,6.784
2025/10/05 01:10:51.943,236.98,6.784
2025/10/05 01:10:53.502,237.54,6.784
2025/10/05 01:10:54.902,237.982,6.784
2025/10/05 01:10:56.298,238.515,6.784
2025/10/05 01:10:57.676,239.018,6.784
2025/10/05 01:10:59.050,239.498,6.784
2025/10/05 01:11:00.496,240.001,6.784
2025/10/05 01:11:01.906,240.537,6.784
2025/10/05 01:11:03.268,240.992,6.784
2025/10/05 01:11:04.622,241.52,6.784
2025/10/05 01:11:06.217,242.0,6.784
2025/10/05 01:11:07.603,242.5,6.784
2025/10/05 01:11:08.962,243.014,6.784
2025/10/05 01:11:10.587,243.506,6.784
2025/10/05 01:11:11.971,243.997,6.784
2025/10/05 01:11:13.340,244.508,6.784
2025/10/05 01:11:14.728,244.989,6.784
2025/10/05 01:11:16.329,245.508,6.784
2025/10/05 01:11:17.685,245.983,6.784
2025/10/05 01:11:19.083,246.563,6.784
2025/10/05 01:11:20.460,246.988,6.784
2025/10/05 01:11:23.383,229.037,4.883
2025/10/05 01:11:24.746,229.462,4.883
2025/10/05 01:11:26.116,230.012,4.883
2025/10/05 01:11:27.710,230.506,4.883
2025/10/05 01:11:29.108,231.011,4.883
2025/10/05 01:11:30.481,231.489,4.883
2025/10/05 01:11:31.826,232.003,4.883
2025/10/05 01:11:33.373,232.519,4.883
2025/10/05 01:11:34.745,233.005,4.883
2025/10/05 01:11:36.117,233.494,4.883
2025/10/05 01:11:37.495,234.0,4.883
2025/10/05 01:11:38.864,234.478,4.883
2025/10/05 01:11:40.271,235.03,4.883
2025/10/05 01:11:41.635,235.513,4.883
2025/10/05 01:11:43.008,235.988,4.883
2025/10/05 01:11:44.416,236.507,4.883
2025/10/05 01:11:45.963,237.026,4.883
2025/10/05 01:11:47.383,237.471,4.883
2025/10/05 01:11:48.749,238.029,4.883
2025/10/05 01:11:50.111,238.485,4.883
2025/10/05 01:11:51.719,239.018,4.883
2025/10/05 01:11:53.150,239.515,4.883
2025/10/05 01:11:54.556,239.995,4.883
2025/10/05 01:11:55.929,240.487,4.883
2025/10/05 01:11:57.306,241.02,4.883
2025/10/05 01:11:58.899,241.509,4.883
2025/10/05 01:12:00.268,241.973,4.883
2025/10/05 01:12:01.674,242.52,4.883
2025/10/05 01:12:03.028,243.019,4.883
2025/10/05 01:12:04.523,243.5,4.883
2025/10/05 01:12:05.893,244.008,4.883
2025/10/05 01:12:07.278,244.494,4.883
2025/10/05 01:12:08.645,244.997,4.883
2025/10/05 01:12:11.515,229.048,4.287
2025/10/05 01:12:12.883,229.449,4.287
2025/10/05 01:12:14.273,230.001,4.287
2025/10/05 01:12:15.623,230.528,4.287
2025/10/05 01:12:17.182,231.003,4.287
2025/10/05 01:12:18.550,231.528,4.287
2025/10/05 01:12:19.918,231.997,4.287
2025/10/05 01:12:21.291,232.484,4.287
2025/10/05 01:12:22.855,232.992,4.287
2025/10/05 01:12:24.237,233.525,4.287
2025/10/05 01:12:25.600,233.997,4.287
2025/10/05 01:12:26.968,234.513,4.287
2025/10/05 01:12:28.615,234.997,4.287
2025/10/05 01:12:29.988,235.505,4.287
2025/10/05 01:12:31.368,235.996,4.287
2025/10/05 01:12:32.772,236.513,4.287
2025/10/05 01:12:34.343,236.985,4.287
2025/10/05 01:12:35.779,237.543,4.287
2025/10/05 01:12:37.133,237.993,4.287
2025/10/05 01:12:38.528,238.512,4.287
2025/10/05 01:12:40.146,239.004,4.287
2025/10/05 01:12:41.562,239.476,4.287
2025/10/05 01:12:42.952,240.083,4.287
2025/10/05 01:12:44.293,240.493,4.287
2025/10/05 01:12:45.670,240.987,4.287
2025/10/05 01:12:47.239,241.52,4.287
2025/10/05 01:12:48.622,241.97,4.287
2025/10/05 01:12:50.009,242.533,4.287
2025/10/05 01:12:51.578,242.997,4.287
2025/10/05 01:12:52.986,243.514,4.287
2025/10/05 01:12:54.353,244.014,4.287
2025/10/05 01:12:55.742,244.494,4.287
2025/10/05 01:12:57.096,245.019,4.287
2025/10/05 01:13:00.184,223.03,11.208
2025/10/05 01:13:01.616,223.942,11.208
2025/10/05 01:13:03.248,225.007,11.208
2025/10/05 01:13:04.689,225.993,11.208
2025/10/05 01:13:06.091,227.015,11.208
2025/10/05 01:13:07.697,228.004,11.208
2025/10/05 01:13:09.128,228.998,11.208
2025/10/05 01:13:10.533,230.031,11.208
2025/10/05 01:13:11.926,230.987,11.208
2025/10/05 01:13:13.335,232.028,11.208
2025/10/05 01:13:14.759,232.997,11.208
2025/10/05 01:13:16.195,234.022,11.208
2025/10/05 01:13:17.790,234.991,11.208
2025/10/05 01:13:19.183,236.005,11.208
2025/10/05 01:13:20.606,236.988,11.208
2025/10/05 01:13:22.019,238.032,11.208
2025/10/05 01:13:23.631,239.004,11.208
2025/10/05 01:13:25.056,240.004,11.208
2025/10/05 01:13:26.462,240.998,11.208
2025/10/05 01:13:27.875,242.017,11.208
2025/10/05 01:13:29.507,243.011,11.208
2025/10/05 01:13:30.907,244.0,11.208
2025/10/05 01:13:32.322,245.002,11.208
2025/10/05 01:13:33.716,246.016,11.208
2025/10/05 01:13:35.291,246.997,11.208
2025/10/05 01:13:36.736,247.996,11.208
2025/10/05 01:13:38.161,249.018,11.208
2025/10/05 01:13:39.847,250.034,11.208
2025/10/05 01:13:41.298,250.96,11.208
2025/10/05 01:13:44.272,227.034,6.781
2025/10/05 01:13:45.646,227.441,6.781
2025/10/05 01:13:47.018,228.048,6.781
2025/10/05 01:13:48.605,228.498,6.781
2025/10/05 01:13:50.005,228.995,6.781
2025/10/05 01:13:51.391,229.52,6.781
2025/10/05 01:13:52.753,230.006,6.781
2025/10/05 01:13:54.148,230.52,6.781
2025/10/05 01:13:55.683,230.984,6.781
2025/10/05 01:13:57.058,231.517,6.781
2025/10/05 01:13:58.454,231.997,6.781
2025/10/05 01:13:59.818,232.522,6.781
2025/10/05 01:14:01.219,232.992,6.781
2025/10/05 01:14:02.624,233.492,6.781
2025/10/05 01:14:03.978,234.035,6.781
2025/10/05 01:14:05.377,234.497,6.781
2025/10/05 01:14:06.758,234.997,6.781
2025/10/05 01:14:08.374,235.505,6.781
2025/10/05 01:14:09.765,235.996,6.781
2025/10/05 01:14:11.127,236.529,6.781
2025/10/05 01:14:12.486,236.999,6.781
2025/10/05 01:14:14.043,237.504,6.781
2025/10/05 01:14:15.434,237.977,6.781
2025/10/05 01:14:16.785,238.526,6.781
2025/10/05 01:14:18.177,239.001,6.781
2025/10/05 01:14:19.719,239.512,6.781
2025/10/05 01:14:21.126,240.009,6.781
2025/10/05 01:14:22.516,240.495,6.781
2025/10/05 01:14:23.857,241.025,6.781
2025/10/05 01:14:25.445,241.501,6.781
2025/10/05 01:14:26.821,242.011,6.781
2025/10/05 01:14:28.204,242.492,6.781
2025/10/05 01:14:29.564,243.011,6.781
2025/10/05 01:14:30.919,243.503,6.781
2025/10/05 01:14:32.343,244.033,6.781
2025/10/05 01:14:33.711,244.494,6.781
2025/10/05 01:14:35.058,244.994,6.781
2025/10/05 01:14:36.456,245.489,6.781
2025/10/05 01:14:38.018,246.041,6.781
2025/10/05 01:14:39.430,246.483,6.781
2025/10/05 01:14:40.795,247.008,6.781
2025/10/05 01:14:43.815,229.048,4.886
2025/10/05 01:14:45.242,229.44,4.886
2025/10/05 01:14:46.605,230.064,4.886
2025/10/05 01:14:47.966,230.503,4.886
2025/10/05 01:14:49.556,230.987,4.886
2025/10/05 01:14:50.933,231.522,4.886
2025/10/05 01:14:52.307,231.995,4.886
2025/10/05 01:14:53.703,232.497,4.886
2025/10/05 01:14:55.283,233.027,4.886
2025/10/05 01:14:56.648,233.481,4.886
2025/10/05 01:14:58.029,234.013,4.886
2025/10/05 01:14:59.618,234.5,4.886
2025/10/05 01:15:01.022,235.013,4.886
2025/10/05 01:15:02.414,235.491,4.886
2025/10/05 01:15:03.762,236.005,4.886
2025/10/05 01:15:05.122,236.532,4.886
2025/10/05 01:15:06.607,237.002,4.886
2025/10/05 01:15:07.967,237.46,4.886
2025/10/05 01:15:09.333,238.029,4.886
2025/10/05 01:15:10.732,238.532,4.886
2025/10/05 01:15:12.300,238.987,4.886
2025/10/05 01:15:13.673,239.531,4.886
2025/10/05 01:15:15.009,239.987,4.886
2025/10/05 01:15:16.379,240.512,4.886
2025/10/05 01:15:17.921,241.017,4.886
2025/10/05 01:15:19.347,241.487,4.886
2025/10/05 01:15:20.716,242.011,4.886
2025/10/05 01:15:22.071,242.5,4.886
2025/10/05 01:15:23.598,243.0,4.886
2025/10/05 01:15:24.998,243.525,4.886
2025/10/05 01:15:26.378,244.003,4.886
2025/10/05 01:15:27.757,244.494,4.886
2025/10/05 01:15:29.338,245.0,4.886
2025/10/05 01:15:31.869,229.048,4.287
2025/10/05 01:15:33.425,229.446,4.287
2025/10/05 01:15:34.805,230.042,4.287
2025/10/05 01:15:36.157,230.487,4.287
2025/10/05 01:15:37.526,231.006,4.287
2025/10/05 01:15:38.912,231.503,4.287
2025/10/05 01:15:40.329,232.008,4.287
2025/10/05 01:15:41.719,232.517,4.287
2025/10/05 01:15:43.109,232.983,4.287
2025/10/05 01:15:44.496,233.541,4.287
2025/10/05 01:15:46.112,233.991,4.287
2025/10/05 01:15:47.519,234.497,4.287
2025/10/05 01:15:48.897,235.016,4.287
2025/10/05 01:15:50.434,235.513,4.287
2025/10/05 01:15:51.836,235.994,4.287
2025/10/05 01:15:53.196,236.474,4.287
2025/10/05 01:15:54.581,237.026,4.287
2025/10/05 01:15:55.945,237.521,4.287
2025/10/05 01:15:57.552,237.993,4.287
2025/10/05 01:15:58.909,238.515,4.287
2025/10/05 01:16:00.301,238.996,4.287
2025/10/05 01:16:01.677,239.515,4.287
2025/10/05 01:16:03.231,239.995,4.287
2025/10/05 01:16:04.637,240.49,4.287
2025/10/05 01:16:06.017,241.023,4.287
2025/10/05 01:16:07.403,241.512,4.287
2025/10/05 01:16:08.968,242.017,4.287
2025/10/05 01:16:10.382,242.503,4.287
2025/10/05 01:16:11.751,242.995,4.287
2025/10/05 01:16:13.126,243.525,4.287
2025/10/05 01:16:14.721,244.0,4.287
2025/10/05 01:16:16.102,244.516,4.287
2025/10/05 01:16:17.492,244.953,4.287
2025/10/05 01:16:20.627,223.049,11.208
2025/10/05 01:16:22.052,223.958,11.208
2025/10/05 01:16:23.490,224.977,11.208
2025/10/05 01:16:25.076,226.007,11.208
2025/10/05 01:16:26.504,226.999,11.208
2025/10/05 01:16:27.906,228.026,11.208
2025/10/05 01:16:29.499,229.001,11.208
2025/10/05 01:16:30.929,230.017,11.208
2025/10/05 01:16:32.339,231.006,11.208
2025/10/05 01:16:33.759,232.008,11.208
2025/10/05 01:16:35.369,233.019,11.208
2025/10/05 01:16:36.763,234.002,11.208
2025/10/05 01:16:38.195,234.999,11.208
2025/10/05 01:16:39.792,235.994,11.208
2025/10/05 01:16:41.250,237.002,11.208
2025/10/05 01:16:42.653,238.029,11.208
2025/10/05 01:16:44.255,238.996,11.208
2025/10/05 01:16:45.692,239.987,11.208
2025/10/05 01:16:47.113,241.025,11.208
2025/10/05 01:16:48.764,242.025,11.208
2025/10/05 01:16:50.204,243.003,11.208
2025/10/05 01:16:51.629,244.0,11.208
2025/10/05 01:16:53.015,244.992,11.208
2025/10/05 01:16:54.463,246.041,11.208
2025/10/05 01:16:55.882,246.999,11.208
2025/10/05 01:16:57.311,248.007,11.208
2025/10/05 01:16:58.920,249.002,11.208
2025/10/05 01:17:00.364,249.99,11.208
2025/10/05 01:17:01.792,250.996,11.208
2025/10/05 01:17:04.842,227.034,6.781
2025/10/05 01:17:06.264,227.449,6.781
2025/10/05 01:17:07.656,228.023,6.781
2025/10/05 01:17:09.028,228.509,6.781
2025/10/05 01:17:10.610,229.004,6.781
2025/10/05 01:17:11.992,229.495,6.781
2025/10/05 01:17:13.358,230.014,6.781
2025/10/05 01:17:14.722,230.52,6.781
2025/10/05 01:17:16.296,230.954,6.781
2025/10/05 01:17:17.731,231.528,6.781
2025/10/05 01:17:19.103,232.008,6.781
2025/10/05 01:17:20.695,232.552,6.781
2025/10/05 01:17:22.061,232.975,6.781
2025/10/05 01:17:23.443,233.511,6.781
2025/10/05 01:17:24.838,233.994,6.781
2025/10/05 01:17:26.237,234.513,6.781
2025/10/05 01:17:27.648,235.008,6.781
2025/10/05 01:17:29.011,235.494,6.781
2025/10/05 01:17:30.412,236.016,6.781
2025/10/05 01:17:31.766,236.488,6.781
2025/10/05 01:17:33.361,236.985,6.781
2025/10/05 01:17:34.754,237.496,6.781
2025/10/05 01:17:36.127,238.034,6.781
2025/10/05 01:17:37.681,238.515,6.781
2025/10/05 01:17:39.059,238.996,6.781
2025/10/05 01:17:40.435,239.487,6.781
2025/10/05 01:17:41.815,239.998,6.781
2025/10/05 01:17:43.183,240.52,6.781
2025/10/05 01:17:44.662,241.003,6.781
2025/10/05 01:17:46.039,241.517,6.781
2025/10/05 01:17:47.421,242.022,6.781
2025/10/05 01:17:48.791,242.484,6.781
2025/10/05 01:17:50.392,242.995,6.781
2025/10/05 01:17:51.774,243.508,6.781
2025/10/05 01:17:53.152,244.011,6.781
2025/10/05 01:17:54.735,244.514,6.781
2025/10/05 01:17:56.130,245.019,6.781
2025/10/05 01:17:57.503,245.48,6.781
2025/10/05 01:17:58.875,245.997,6.781
2025/10/05 01:18:00.250,246.519,6.781
2025/10/05 01:18:01.825,247.021,6.781
2025/10/05 01:18:04.510,229.045,4.883
2025/10/05 01:18:06.086,229.465,4.883
2025/10/05 01:18:07.486,229.995,4.883
2025/10/05 01:18:08.826,230.528,4.883
2025/10/05 01:18:10.209,231.0,4.883
2025/10/05 01:18:11.798,231.492,4.883
2025/10/05 01:18:13.193,231.975,4.883
2025/10/05 01:18:14.570,232.541,4.883
2025/10/05 01:18:15.920,233.016,4.883
2025/10/05 01:18:17.321,233.483,4.883
2025/10/05 01:18:18.699,234.016,4.883
2025/10/05 01:18:20.053,234.505,4.883
2025/10/05 01:18:21.469,234.999,4.883
2025/10/05 01:18:22.850,235.499,4.883
2025/10/05 01:18:24.415,236.013,4.883
2025/10/05 01:18:25.794,236.491,4.883
2025/10/05 01:18:27.180,236.999,4.883
2025/10/05 01:18:28.527,237.51,4.883
2025/10/05 01:18:30.109,238.004,4.883
2025/10/05 01:18:31.486,238.504,4.883
2025/10/05 01:18:32.869,238.993,4.883
2025/10/05 01:18:34.267,239.52,4.883
2025/10/05 01:18:35.811,240.012,4.883
2025/10/05 01:18:37.172,240.498,4.883
2025/10/05 01:18:38.564,241.006,4.883
2025/10/05 01:18:39.930,241.495,4.883
2025/10/05 01:18:41.285,242.031,4.883
2025/10/05 01:18:42.884,242.481,4.883
2025/10/05 01:18:44.238,243.003,4.883
2025/10/05 01:18:45.631,243.539,4.883
2025/10/05 01:18:47.012,243.986,4.883
2025/10/05 01:18:48.578,244.489,4.883
2025/10/05 01:18:49.965,245.071,4.883
2025/10/05 01:18:52.527,229.045,4.284
2025/10/05 01:18:53.909,229.44,4.284
2025/10/05 01:18:55.290,230.023,4.284
2025/10/05 01:18:56.723,230.49,4.284
2025/10/05 01:18:58.082,231.011,4.284
2025/10/05 01:18:59.458,231.547,4.284
2025/10/05 01:19:00.818,231.984,4.284
2025/10/05 01:19:02.360,232.508,4.284
2025/10/05 01:19:03.744,232.97,4.284
2025/10/05 01:19:05.130,233.494,4.284
2025/10/05 01:19:06.521,234.049,4.284
2025/10/05 01:19:08.188,234.516,4.284
2025/10/05 01:19:09.593,234.988,4.284
2025/10/05 01:19:10.965,235.535,4.284
2025/10/05 01:19:12.324,235.983,4.284
2025/10/05 01:19:13.938,236.51,4.284
2025/10/05 01:19:15.337,236.977,4.284
2025/10/05 01:19:16.729,237.524,4.284
2025/10/05 01:19:18.092,237.999,4.284
2025/10/05 01:19:19.591,238.507,4.284
2025/10/05 01:19:20.979,239.02,4.284
2025/10/05 01:19:22.344,239.526,4.284
2025/10/05 01:19:23.702,239.993,4.284
2025/10/05 01:19:25.081,240.506,4.284
2025/10/05 01:19:26.633,241.009,4.284
2025/10/05 01:19:27.998,241.523,4.284
2025/10/05 01:19:29.375,242.011,4.284
2025/10/05 01:19:30.747,242.5,4.284
2025/10/05 01:19:32.329,243.006,4.284
2025/10/05 01:19:33.702,243.478,4.284
2025/10/05 01:19:35.067,244.008,4.284
2025/10/05 01:19:36.421,244.536,4.284
2025/10/05 01:19:38.034,244.975,4.284
2025/10/05 01:19:40.904,223.038,11.208
2025/10/05 01:19:42.504,223.933,11.208
2025/10/05 01:19:43.963,224.999,11.208
2025/10/05 01:19:45.540,226.021,11.208
2025/10/05 01:19:46.982,226.993,11.208
2025/10/05 01:19:48.381,228.015,11.208
2025/10/05 01:19:49.786,228.973,11.208
2025/10/05 01:19:51.433,230.045,11.208
2025/10/05 01:19:52.829,230.989,11.208
2025/10/05 01:19:54.274,232.014,11.208
2025/10/05 01:19:55.867,233.008,11.208
2025/10/05 01:19:57.281,234.008,11.208
2025/10/05 01:19:58.703,234.991,11.208
2025/10/05 01:20:00.336,235.999,11.208
2025/10/05 01:20:01.775,237.015,11.208
2025/10/05 01:20:03.181,237.99,11.208
2025/10/05 01:20:04.591,239.023,11.208
2025/10/05 01:20:06.213,239.998,11.208
2025/10/05 01:20:07.595,241.025,11.208
2025/10/05 01:20:09.002,241.989,11.208
2025/10/05 01:20:10.574,243.014,11.208
2025/10/05 01:20:11.994,244.008,11.208
2025/10/05 01:20:13.413,245.013,11.208
2025/10/05 01:20:14.823,245.989,11.208
2025/10/05 01:20:16.454,247.027,11.208
2025/10/05 01:20:17.860,248.01,11.208
2025/10/05 01:20:19.298,249.026,11.208
2025/10/05 01:20:20.702,249.968,11.208
2025/10/05 01:20:22.333,251.004,11.208
2025/10/05 01:20:25.311,227.043,6.781
2025/10/05 01:20:26.736,227.468,6.781
2025/10/05 01:20:28.118,228.009,6.781
2025/10/05 01:20:29.511,228.501,6.781
2025/10/05 01:20:30.880,229.012,6.781
2025/10/05 01:20:32.479,229.49,6.781
2025/10/05 01:20:33.863,229.979,6.781
2025/10/05 01:20:35.214,230.542,6.781
2025/10/05 01:20:36.820,230.984,6.781
2025/10/05 01:20:38.219,231.5,6.781
2025/10/05 01:20:39.587,232.041,6.781
2025/10/05 01:20:40.960,232.514,6.781
2025/10/05 01:20:42.402,233.005,6.781
2025/10/05 01:20:43.757,233.5,6.781
2025/10/05 01:20:45.122,234.005,6.781
2025/10/05 01:20:46.547,234.467,6.781
2025/10/05 01:20:47.893,235.041,6.781
2025/10/05 01:20:49.458,235.513,6.781
2025/10/05 01:20:50.832,235.983,6.781
2025/10/05 01:20:52.205,236.524,6.781
2025/10/05 01:20:53.572,236.969,6.781
2025/10/05 01:20:54.942,237.524,6.781
2025/10/05 01:20:56.551,237.999,6.781
2025/10/05 01:20:57.900,238.515,6.781
2025/10/05 01:20:59.312,238.998,6.781
2025/10/05 01:21:00.685,239.498,6.781
2025/10/05 01:21:02.247,239.987,6.781
2025/10/05 01:21:03.634,240.523,6.781
2025/10/05 01:21:04.988,241.009,6.781
2025/10/05 01:21:06.347,241.509,6.781
2025/10/05 01:21:07.930,242.017,6.781
2025/10/05 01:21:09.319,242.525,6.781
2025/10/05 01:21:10.696,243.003,6.781
2025/10/05 01:21:12.059,243.489,6.781
2025/10/05 01:21:13.668,243.992,6.781
2025/10/05 01:21:15.033,244.544,6.781
2025/10/05 01:21:16.400,244.997,6.781
2025/10/05 01:21:17.787,245.505,6.781
2025/10/05 01:21:19.154,245.991,6.781
2025/10/05 01:21:20.593,246.499,6.781
2025/10/05 01:21:21.933,247.008,6.781
2025/10/05 01:21:24.622,229.061,4.883
2025/10/05 01:21:26.229,229.449,4.883
2025/10/05 01:21:27.642,230.006,4.883
2025/10/05 01:21:28.987,230.523,4.883
2025/10/05 01:21:30.337,230.998,4.883
2025/10/05 01:21:31.712,231.52,4.883
2025/10/05 01:21:33.247,232.0,4.883
2025/10/05 01:21:34.654,232.489,4.883
2025/10/05 01:21:36.012,233.033,4.883
2025/10/05 01:21:37.368,233.489,4.883
2025/10/05 01:21:38.920,234.005,4.883
2025/10/05 01:21:40.312,234.5,4.883
2025/10/05 01:21:41.699,235.005,4.883
2025/10/05 01:21:43.048,235.51,4.883
2025/10/05 01:21:44.646,236.007,4.883
2025/10/05 01:21:46.037,236.477,4.883
2025/10/05 01:21:47.409,237.026,4.883
2025/10/05 01:21:48.806,237.526,4.883
2025/10/05 01:21:50.161,237.988,4.883
2025/10/05 01:21:51.736,238.504,4.883
2025/10/05 01:21:53.091,239.012,4.883
2025/10/05 01:21:54.482,239.507,4.883
2025/10/05 01:21:55.884,239.99,4.883
2025/10/05 01:21:57.481,240.515,4.883
2025/10/05 01:21:58.884,241.009,4.883
2025/10/05 01:22:00.247,241.514,4.883
2025/10/05 01:22:01.797,242.006,4.883
2025/10/05 01:22:03.185,242.492,4.883
2025/10/05 01:22:04.589,243.006,4.883
2025/10/05 01:22:05.966,243.5,4.883
2025/10/05 01:22:07.329,243.997,4.883
2025/10/05 01:22:08.991,244.525,4.883
2025/10/05 01:22:10.326,244.997,4.883
2025/10/05 01:22:12.854,229.053,4.284
2025/10/05 01:22:14.472,229.451,4.284
2025/10/05 01:22:15.874,230.014,4.284
2025/10/05 01:22:17.231,230.528,4.284
2025/10/05 01:22:18.598,231.028,4.284
2025/10/05 01:22:19.984,231.517,4.284
2025/10/05 01:22:21.580,231.975,4.284
2025/10/05 01:22:23.015,232.519,4.284
2025/10/05 01:22:24.369,233.019,4.284
2025/10/05 01:22:25.952,233.514,4.284
2025/10/05 01:22:27.329,234.002,4.284
2025/10/05 01:22:28.687,234.483,4.284
2025/10/05 01:22:30.094,235.013,4.284
2025/10/05 01:22:31.674,235.486,4.284
2025/10/05 01:22:33.084,236.029,4.284
2025/10/05 01:22:34.433,236.499,4.284
2025/10/05 01:22:35.801,236.999,4.284
2025/10/05 01:22:37.449,237.515,4.284
2025/10/05 01:22:38.805,237.993,4.284
2025/10/05 01:22:40.208,238.488,4.284
2025/10/05 01:22:41.609,239.001,4.284
2025/10/05 01:22:43.207,239.54,4.284
2025/10/05 01:22:44.572,239.984,4.284
2025/10/05 01:22:45.927,240.509,4.284
2025/10/05 01:22:47.325,240.976,4.284
2025/10/05 01:22:48.808,241.55,4.284
2025/10/05 01:22:50.225,241.984,4.284
2025/10/05 01:22:51.601,242.514,4.284
2025/10/05 01:22:52.958,242.987,4.284
2025/10/05 01:22:54.529,243.522,4.284
2025/10/05 01:22:55.918,244.003,4.284
2025/10/05 01:22:57.287,244.53,4.284
2025/10/05 01:22:58.892,244.997,4.284
2025/10/05 01:23:01.809,223.038,11.206
2025/10/05 01:23:03.429,223.936,11.206
2025/10/05 01:23:04.851,224.988,11.206
2025/10/05 01:23:06.265,226.018,11.206
2025/10/05 01:23:07.860,227.018,11.206
2025/10/05 01:23:09.268,227.993,11.206
2025/10/05 01:23:10.690,229.02,11.206
2025/10/05 01:23:12.089,229.99,11.206
2025/10/05 01:23:13.722,231.011,11.206
2025/10/05 01:23:15.100,232.003,11.206
2025/10/05 01:23:16.536,233.014,11.206
2025/10/05 01:23:17.949,234.002,11.206
2025/10/05 01:23:19.525,235.024,11.206
2025/10/05 01:23:20.948,236.01,11.206
2025/10/05 01:23:22.371,236.985,11.206
2025/10/05 01:23:24.006,238.001,11.206
2025/10/05 01:23:25.484,239.026,11.206
2025/10/05 01:23:26.895,239.982,11.206
2025/10/05 01:23:28.521,241.006,11.206
2025/10/05 01:23:29.927,242.025,11.206
2025/10/05 01:23:31.318,242.987,11.206
2025/10/05 01:23:32.935,244.005,11.206
2025/10/05 01:23:34.349,245.035,11.206
2025/10/05 01:23:35.781,245.991,11.206
2025/10/05 01:23:37.160,247.01,11.206
2025/10/05 01:23:38.794,248.018,11.206
2025/10/05 01:23:40.172,248.991,11.206
2025/10/05 01:23:41.676,250.042,11.206
2025/10/05 01:23:43.319,250.982,11.206
2025/10/05 01:23:46.171,227.021,6.781
2025/10/05 01:23:47.730,227.477,6.781
2025/10/05 01:23:49.127,227.996,6.781
2025/10/05 01:23:50.535,228.496,6.781
2025/10/05 01:23:51.923,228.993,6.781
2025/10/05 01:23:53.514,229.526,6.781
2025/10/05 01:23:54.847,230.006,6.781
2025/10/05 01:23:56.215,230.514,6.781
2025/10/05 01:23:57.627,231.0,6.781
2025/10/05 01:23:59.183,231.511,6.781
2025/10/05 01:24:00.584,231.984,6.781
2025/10/05 01:24:01.948,232.519,6.781
2025/10/05 01:24:03.314,232.989,6.781
2025/10/05 01:24:04.832,233.544,6.781
2025/10/05 01:24:06.235,233.975,6.781
2025/10/05 01:24:07.641,234.53,6.781
2025/10/05 01:24:09.004,234.999,6.781
2025/10/05 01:24:10.607,235.499,6.781
2025/10/05 01:24:11.971,236.016,6.781
2025/10/05 01:24:13.338,236.499,6.781
2025/10/05 01:24:14.949,236.993,6.781
2025/10/05 01:24:16.361,237.526,6.781
2025/10/05 01:24:17.724,237.988,6.781
2025/10/05 01:24:19.088,238.521,6.781
2025/10/05 01:24:20.513,239.009,6.781
2025/10/05 01:24:21.930,239.465,6.781
2025/10/05 01:24:23.294,240.042,6.781
2025/10/05 01:24:24.674,240.498,6.781
2025/10/05 01:24:26.276,241.001,6.781
2025/10/05 01:24:27.681,241.517,6.781
2025/10/05 01:24:29.072,241.989,6.781
2025/10/05 01:24:30.430,242.52,6.781
2025/10/05 01:24:32.021,242.997,6.781
2025/10/05 01:24:33.422,243.5,6.781
2025/10/05 01:24:34.820,243.992,6.781
2025/10/05 01:24:36.158,244.53,6.781
2025/10/05 01:24:37.576,244.994,6.781
2025/10/05 01:24:38.965,245.502,6.781
2025/10/05 01:24:40.336,246.01,6.781
2025/10/05 01:24:41.744,246.499,6.781
2025/10/05 01:24:43.303,247.008,6.781
2025/10/05 01:24:46.051,229.015,4.883
2025/10/05 01:24:47.427,229.438,4.883
2025/10/05 01:24:48.994,230.009,4.883
2025/10/05 01:24:50.380,230.512,4.883
2025/10/05 01:24:51.751,231.017,4.883
2025/10/05 01:24:53.124,231.5,4.883
2025/10/05 01:24:54.679,232.003,4.883
2025/10/05 01:24:56.070,232.514,4.883
2025/10/05 01:24:57.449,232.989,4.883
2025/10/05 01:24:58.834,233.519,4.883
2025/10/05 01:25:00.188,234.013,4.883
2025/10/05 01:25:01.576,234.502,4.883
2025/10/05 01:25:02.969,234.994,4.883
2025/10/05 01:25:04.337,235.51,4.883
2025/10/05 01:25:05.729,235.996,4.883
2025/10/05 01:25:07.299,236.507,4.883
2025/10/05 01:25:08.709,237.01,4.883
2025/10/05 01:25:10.074,237.504,4.883
2025/10/05 01:25:11.469,237.999,4.883
2025/10/05 01:25:13.134,238.51,4.883
2025/10/05 01:25:14.490,239.012,4.883
2025/10/05 01:25:15.892,239.482,4.883
2025/10/05 01:25:17.268,240.001,4.883
2025/10/05 01:25:18.953,240.517,4.883
2025/10/05 01:25:20.348,240.998,4.883
2025/10/05 01:25:21.761,241.517,4.883
2025/10/05 01:25:23.134,242.011,4.883
2025/10/05 01:25:24.705,242.511,4.883
2025/10/05 01:25:26.088,242.989,4.883
2025/10/05 01:25:27.465,243.495,4.883
2025/10/05 01:25:28.867,244.027,4.883
2025/10/05 01:25:30.241,244.492,4.883
2025/10/05 01:25:31.622,244.994,4.883
2025/10/05 01:25:34.158,229.012,4.287
2025/10/05 01:25:35.512,229.49,4.287
2025/10/05 01:25:36.889,229.987,4.287
2025/10/05 01:25:38.280,230.512,4.287
2025/10/05 01:25:39.677,230.992,4.287
2025/10/05 01:25:41.051,231.514,4.287
2025/10/05 01:25:42.405,232.006,4.287
2025/10/05 01:25:43.763,232.508,4.287
2025/10/05 01:25:45.340,233.014,4.287
2025/10/05 01:25:46.732,233.478,4.287
2025/10/05 01:25:48.095,234.019,4.287
2025/10/05 01:25:49.454,234.513,4.287
2025/10/05 01:25:51.041,234.956,4.287
2025/10/05 01:25:52.435,235.53,4.287
2025/10/05 01:25:53.800,236.018,4.287
2025/10/05 01:25:55.186,236.48,4.287
2025/10/05 01:25:56.609,237.018,4.287
2025/10/05 01:25:58.017,237.482,4.287
2025/10/05 01:25:59.398,238.023,4.287
2025/10/05 01:26:00.764,238.521,4.287
2025/10/05 01:26:02.364,238.987,4.287
2025/10/05 01:26:03.755,239.512,4.287
2025/10/05 01:26:05.142,239.998,4.287
2025/10/05 01:26:06.505,240.495,4.287
2025/10/05 01:26:08.086,240.998,4.287
2025/10/05 01:26:09.485,241.525,4.287
2025/10/05 01:26:10.855,242.0,4.287
2025/10/05 01:26:12.215,242.522,4.287
2025/10/05 01:26:13.803,242.967,4.287
2025/10/05 01:26:15.171,243.566,4.287
2025/10/05 01:26:16.553,243.975,4.287
2025/10/05 01:26:18.129,244.514,4.287
2025/10/05 01:26:19.518,245.022,4.287
2025/10/05 01:26:22.586,223.033,11.208
2025/10/05 01:26:24.018,223.955,11.208
2025/10/05 01:26:25.426,224.994,11.208
2025/10/05 01:26:26.815,226.01,11.208
2025/10/05 01:26:28.451,226.999,11.208
2025/10/05 01:26:29.889,227.993,11.208
2025/10/05 01:26:31.277,229.023,11.208
2025/10/05 01:26:32.860,230.028,11.208
2025/10/05 01:26:34.281,230.984,11.208
2025/10/05 01:26:35.695,231.986,11.208
2025/10/05 01:26:37.106,233.066,11.208
2025/10/05 01:26:38.707,233.975,11.208
2025/10/05 01:26:40.122,234.997,11.208
2025/10/05 01:26:41.543,236.01,11.208
2025/10/05 01:26:43.199,237.024,11.208
2025/10/05 01:26:44.639,238.018,11.208
2025/10/05 01:26:46.154,239.009,11.208
2025/10/05 01:26:47.614,240.006,11.208
2025/10/05 01:26:49.028,240.998,11.208
2025/10/05 01:26:50.428,241.998,11.208
2025/10/05 01:26:51.851,243.019,11.208
2025/10/05 01:26:53.462,244.003,11.208
2025/10/05 01:26:54.859,245.008,11.208
2025/10/05 01:26:56.271,245.986,11.208
2025/10/05 01:26:57.847,247.021,11.208
2025/10/05 01:26:59.274,247.994,11.208
2025/10/05 01:27:00.696,249.004,11.208
2025/10/05 01:27:02.086,250.01,11.208
2025/10/05 01:27:03.699,251.009,11.208
2025/10/05 01:27:06.585,227.043,6.778
2025/10/05 01:27:07.953,227.441,6.778
2025/10/05 01:27:09.351,228.034,6.778
2025/10/05 01:27:10.741,228.507,6.778
2025/10/05 01:27:12.109,229.001,6.778
2025/10/05 01:27:13.659,229.501,6.778
2025/10/05 01:27:15.076,229.992,6.778
2025/10/05 01:27:16.432,230.539,6.778
2025/10/05 01:27:17.802,230.998,6.778
2025/10/05 01:27:19.363,231.506,6.778
2025/10/05 01:27:20.793,231.992,6.778
2025/10/05 01:27:22.153,232.522,6.778
2025/10/05 01:27:23.494,232.997,6.778
2025/10/05 01:27:25.078,233.494,6.778
2025/10/05 01:27:26.448,234.005,6.778
2025/10/05 01:27:27.845,234.522,6.778
2025/10/05 01:27:29.211,234.991,6.778
2025/10/05 01:27:30.791,235.521,6.778
2025/10/05 01:27:32.147,235.988,6.778
2025/10/05 01:27:33.538,236.518,6.778
2025/10/05 01:27:34.911,236.996,6.778
2025/10/05 01:27:36.262,237.51,6.778
2025/10/05 01:27:37.663,237.993,6.778
2025/10/05 01:27:39.057,238.504,6.778
2025/10/05 01:27:40.421,239.02,6.778
2025/10/05 01:27:41.801,239.501,6.778
2025/10/05 01:27:43.374,240.004,6.778
2025/10/05 01:27:44.804,240.498,6.778
2025/10/05 01:27:46.169,241.028,6.778
2025/10/05 01:27:47.529,241.506,6.778
2025/10/05 01:27:49.097,241.998,6.778
2025/10/05 01:27:50.489,242.489,6.778
2025/10/05 01:27:51.882,243.041,6.778
2025/10/05 01:27:53.239,243.506,6.778
2025/10/05 01:27:54.642,243.992,6.778
2025/10/05 01:27:56.026,244.533,6.778
2025/10/05 01:27:57.414,245.019,6.778
2025/10/05 01:27:58.800,245.472,6.778
2025/10/05 01:28:00.371,245.989,6.778
2025/10/05 01:28:01.769,246.535,6.778
2025/10/05 01:28:03.159,246.955,6.778
2025/10/05 01:28:05.895,229.048,4.88
2025/10/05 01:28:07.472,229.432,4.88
2025/10/05 01:28:08.880,230.023,4.88
2025/10/05 01:28:10.249,230.517,4.88
2025/10/05 01:28:11.789,231.02,4.88
2025/10/05 01:28:13.182,231.506,4.88
2025/10/05 01:28:14.559,232.011,4.88
2025/10/05 01:28:15.957,232.464,4.88
2025/10/05 01:28:17.341,233.033,4.88
2025/10/05 01:28:18.927,233.516,4.88
2025/10/05 01:28:20.273,234.0,4.88
2025/10/05 01:28:21.664,234.513,4.88
2025/10/05 01:28:23.077,234.964,4.88
2025/10/05 01:28:24.653,235.552,4.88
2025/10/05 01:28:26.034,235.977,4.88
2025/10/05 01:28:27.406,236.529,4.88
2025/10/05 01:28:28.752,236.996,4.88
2025/10/05 01:28:30.299,237.507,4.88
2025/10/05 01:28:31.676,238.001,4.88
2025/10/05 01:28:33.047,238.518,4.88
2025/10/05 01:28:34.425,238.976,4.88
2025/10/05 01:28:36.023,239.507,4.88
2025/10/05 01:28:37.407,240.023,4.88
2025/10/05 01:28:38.751,240.501,4.88
2025/10/05 01:28:40.132,240.99,4.88
2025/10/05 01:28:41.492,241.547,4.88
2025/10/05 01:28:43.162,241.957,4.88
2025/10/05 01:28:44.521,242.558,4.88
2025/10/05 01:28:45.899,242.987,4.88
2025/10/05 01:28:47.295,243.525,4.88
2025/10/05 01:28:48.860,243.981,4.88
2025/10/05 01:28:50.272,244.514,4.88
2025/10/05 01:28:51.639,244.989,4.88
2025/10/05 01:28:54.181,229.031,4.279
2025/10/05 01:28:55.752,229.46,4.279
2025/10/05 01:28:57.116,230.023,4.279
2025/10/05 01:28:58.512,230.476,4.279
2025/10/05 01:29:00.090,231.039,4.279
2025/10/05 01:29:01.460,231.509,4.279
2025/10/05 01:29:02.837,232.017,4.279
2025/10/05 01:29:04.206,232.481,4.279
2025/10/05 01:29:05.795,233.019,4.279
2025/10/05 01:29:07.183,233.514,4.279
2025/10/05 01:29:08.548,233.986,4.279
2025/10/05 01:29:09.980,234.502,4.279
2025/10/05 01:29:11.336,235.008,4.279
2025/10/05 01:29:12.924,235.51,4.279
2025/10/05 01:29:14.316,235.996,4.279
2025/10/05 01:29:15.685,236.524,4.279
2025/10/05 01:29:17.042,237.01,4.279
2025/10/05 01:29:18.642,237.48,4.279
2025/10/05 01:29:20.010,237.969,4.279
2025/10/05 01:29:21.417,238.545,4.279
2025/10/05 01:29:22.775,238.996,4.279
2025/10/05 01:29:24.195,239.496,4.279
2025/10/05 01:29:25.554,240.015,4.279
2025/10/05 01:29:26.963,240.515,4.279
2025/10/05 01:29:28.351,240.979,4.279
2025/10/05 01:29:29.970,241.514,4.279
2025/10/05 01:29:31.334,242.011,4.279
2025/10/05 01:29:32.688,242.531,4.279
2025/10/05 01:29:34.076,242.976,4.279
2025/10/05 01:29:35.609,243.533,4.279
2025/10/05 01:29:37.002,243.973,4.279
2025/10/05 01:29:38.397,244.508,4.279
2025/10/05 01:29:39.742,245.019,4.279
2025/10/05 01:29:42.958,223.055,11.208
2025/10/05 01:29:44.372,223.933,11.208
2025/10/05 01:29:45.835,225.005,11.208
2025/10/05 01:29:47.242,226.026,11.208
2025/10/05 01:29:48.649,227.007,11.208
2025/10/05 01:29:50.286,228.004,11.208
2025/10/05 01:29:51.725,229.004,11.208
2025/10/05 01:29:53.143,229.979,11.208
2025/10/05 01:29:54.538,231.028,11.208
2025/10/05 01:29:56.118,232.003,11.208
2025/10/05 01:29:57.537,233.005,11.208
2025/10/05 01:29:58.938,233.997,11.208
2025/10/05 01:30:00.347,235.016,11.208
2025/10/05 01:30:01.932,235.983,11.208
2025/10/05 01:30:03.382,237.032,11.208
2025/10/05 01:30:04.777,237.977,11.208
2025/10/05 01:30:06.423,239.026,11.208
2025/10/05 01:30:07.856,239.993,11.208
2025/10/05 01:30:09.362,241.028,11.208
2025/10/05 01:30:10.955,242.017,11.208
2025/10/05 01:30:12.421,242.981,11.208
2025/10/05 01:30:13.847,244.003,11.208
2025/10/05 01:30:15.506,245.035,11.208
2025/10/05 01:30:16.921,245.98,11.208
2025/10/05 01:30:18.343,247.01,11.208
2025/10/05 01:30:19.933,248.007,11.208
2025/10/05 01:30:21.374,249.004,11.208
2025/10/05 01:30:22.834,249.979,11.208
2025/10/05 01:30:24.442,251.007,11.208
2025/10/05 01:30:27.301,227.054,6.781
2025/10/05 01:30:28.839,227.457,6.781
2025/10/05 01:30:30.224,228.053,6.781
2025/10/05 01:30:31.630,228.446,6.781
2025/10/05 01:30:33.008,229.045,6.781
2025/10/05 01:30:34.363,229.504,6.781
2025/10/05 01:30:35.919,230.006,6.781
2025/10/05 01:30:37.306,230.517,6.781
2025/10/05 01:30:38.687,231.003,6.781
2025/10/05 01:30:40.036,231.498,6.781
2025/10/05 01:30:41.432,232.006,6.781
2025/10/05 01:30:42.980,232.489,6.781
2025/10/05 01:30:44.320,233.014,6.781
2025/10/05 01:30:45.676,233.503,6.781
2025/10/05 01:30:47.054,234.002,6.781
2025/10/05 01:30:48.416,234.491,6.781
2025/10/05 01:30:49.984,235.01,6.781
2025/10/05 01:30:51.380,235.497,6.781
2025/10/05 01:30:52.747,236.002,6.781
2025/10/05 01:30:54.097,236.518,6.781
2025/10/05 01:30:55.704,236.969,6.781
2025/10/05 01:30:57.081,237.535,6.781
2025/10/05 01:30:58.470,237.985,6.781
2025/10/05 01:30:59.842,238.496,6.781
2025/10/05 01:31:01.535,239.04,6.781
2025/10/05 01:31:02.936,239.498,6.781
2025/10/05 01:31:04.308,240.009,6.781
2025/10/05 01:31:05.660,240.484,6.781
2025/10/05 01:31:07.286,241.036,6.781
2025/10/05 01:31:08.695,241.492,6.781
2025/10/05 01:31:10.067,241.976,6.781
2025/10/05 01:31:11.444,242.511,6.781
2025/10/05 01:31:12.979,243.017,6.781
2025/10/05 01:31:14.365,243.519,6.781
2025/10/05 01:31:15.734,244.0,6.781
2025/10/05 01:31:17.102,244.5,6.781
2025/10/05 01:31:18.697,245.013,6.781
2025/10/05 01:31:20.071,245.48,6.781
2025/10/05 01:31:21.453,246.032,6.781
2025/10/05 01:31:22.834,246.51,6.781
2025/10/05 01:31:24.181,246.986,6.781
2025/10/05 01:31:27.209,229.045,4.88
2025/10/05 01:31:28.601,229.46,4.88
2025/10/05 01:31:30.008,230.031,4.88
2025/10/05 01:31:31.549,230.495,4.88
2025/10/05 01:31:32.949,230.992,4.88
2025/10/05 01:31:34.312,231.511,4.88
2025/10/05 01:31:35.663,232.006,4.88
2025/10/05 01:31:37.031,232.514,4.88
2025/10/05 01:31:38.590,232.997,4.88
2025/10/05 01:31:39.954,233.505,4.88
2025/10/05 01:31:41.349,233.986,4.88
2025/10/05 01:31:42.902,234.522,4.88
2025/10/05 01:31:44.277,234.988,4.88
2025/10/05 01:31:45.673,235.494,4.88
2025/10/05 01:31:47.048,236.021,4.88
2025/10/05 01:31:48.582,236.502,4.88
2025/10/05 01:31:49.957,237.035,4.88
2025/10/05 01:31:51.334,237.491,4.88
2025/10/05 01:31:52.893,238.01,4.88
2025/10/05 01:31:54.254,238.504,4.88
2025/10/05 01:31:55.654,238.998,4.88
2025/10/05 01:31:57.037,239.474,4.88
2025/10/05 01:31:58.413,240.039,4.88
2025/10/05 01:31:59.828,240.495,4.88
2025/10/05 01:32:01.170,241.017,4.88
2025/10/05 01:32:02.557,241.454,4.88
2025/10/05 01:32:03.962,242.031,4.88
2025/10/05 01:32:05.530,242.514,4.88
2025/10/05 01:32:06.916,243.036,4.88
2025/10/05 01:32:08.273,243.517,4.88
2025/10/05 01:32:09.627,243.995,4.88
2025/10/05 01:32:11.031,244.533,4.88
2025/10/05 01:32:12.398,244.983,4.88
2025/10/05 01:32:14.971,229.042,4.281
2025/10/05 01:32:16.543,229.457,4.281
2025/10/05 01:32:17.937,230.009,4.281
2025/10/05 01:32:19.303,230.553,4.281
2025/10/05 01:32:20.668,230.973,4.281
2025/10/05 01:32:22.343,231.511,4.281
2025/10/05 01:32:23.703,231.989,4.281
2025/10/05 01:32:25.118,232.541,4.281
2025/10/05 01:32:26.475,232.994,4.281
2025/10/05 01:32:28.161,233.519,4.281
2025/10/05 01:32:29.535,233.989,4.281
2025/10/05 01:32:30.890,234.505,4.281
2025/10/05 01:32:32.255,235.008,4.281
2025/10/05 01:32:33.614,235.48,4.281
2025/10/05 01:32:35.093,236.024,4.281
2025/10/05 01:32:36.443,236.513,4.281
2025/10/05 01:32:37.816,236.971,4.281
2025/10/05 01:32:39.207,237.524,4.281
2025/10/05 01:32:40.791,238.023,4.281
2025/10/05 01:32:42.174,238.504,4.281
2025/10/05 01:32:43.533,238.993,4.281
2025/10/05 01:32:44.893,239.507,4.281
2025/10/05 01:32:46.256,239.998,4.281
2025/10/05 01:32:47.797,240.509,4.281
2025/10/05 01:32:49.193,241.017,4.281
2025/10/05 01:32:50.546,241.498,4.281
2025/10/05 01:32:52.097,242.017,4.281
2025/10/05 01:32:53.540,242.492,4.281
2025/10/05 01:32:54.903,243.006,4.281
2025/10/05 01:32:56.292,243.495,4.281
2025/10/05 01:32:57.653,244.027,4.281
2025/10/05 01:32:59.289,244.497,4.281
2025/10/05 01:33:00.660,245.005,4.281
2025/10/05 01:33:03.784,223.046,11.208
2025/10/05 01:33:05.217,223.953,11.208
2025/10/05 01:33:06.634,224.98,11.208
2025/10/05 01:33:08.240,226.029,11.208
2025/10/05 01:33:09.682,227.018,11.208
2025/10/05 01:33:11.081,227.998,11.208
2025/10/05 01:33:12.740,229.034,11.208
2025/10/05 01:33:14.163,229.995,11.208
2025/10/05 01:33:15.588,231.006,11.208
2025/10/05 01:33:17.217,231.967,11.208
2025/10/05 01:33:18.676,233.058,11.208
2025/10/05 01:33:20.075,233.978,11.208
2025/10/05 01:33:21.478,234.983,11.208
2025/10/05 01:33:22.917,236.035,11.208
2025/10/05 01:33:24.323,236.996,11.208
2025/10/05 01:33:25.776,238.037,11.208
2025/10/05 01:33:27.401,238.998,11.208
2025/10/05 01:33:28.853,240.009,11.208
2025/10/05 01:33:30.278,240.987,11.208
2025/10/05 01:33:31.656,242.031,11.208
2025/10/05 01:33:33.091,242.973,11.208
2025/10/05 01:33:34.535,244.033,11.208
2025/10/05 01:33:35.946,245.022,11.208
2025/10/05 01:33:37.553,246.002,11.208
2025/10/05 01:33:38.996,246.988,11.208
2025/10/05 01:33:40.419,248.005,11.208
2025/10/05 01:33:42.042,248.996,11.208
2025/10/05 01:33:43.448,250.012,11.208
2025/10/05 01:33:44.877,251.018,11.208
2025/10/05 01:33:47.935,227.045,6.781
2025/10/05 01:33:49.292,227.471,6.781
2025/10/05 01:33:50.675,228.023,6.781
2025/10/05 01:33:52.285,228.487,6.781
2025/10/05 01:33:53.655,228.979,6.781
2025/10/05 01:33:55.058,229.547,6.781
2025/10/05 01:33:56.419,230.001,6.781
2025/10/05 01:33:58.031,230.503,6.781
2025/10/05 01:33:59.434,231.003,6.781
2025/10/05 01:34:00.801,231.489,6.781
2025/10/05 01:34:02.217,232.03,6.781
2025/10/05 01:34:03.762,232.503,6.781
2025/10/05 01:34:05.157,233.014,6.781
2025/10/05 01:34:06.537,233.5,6.781
2025/10/05 01:34:07.935,234.002,6.781
2025/10/05 01:34:09.588,234.513,6.781
2025/10/05 01:34:10.968,234.999,6.781
2025/10/05 01:34:12.359,235.51,6.781
2025/10/05 01:34:13.737,236.005,6.781
2025/10/05 01:34:15.310,236.496,6.781
2025/10/05 01:34:16.667,237.015,6.781
2025/10/05 01:34:18.068,237.502,6.781
2025/10/05 01:34:19.431,238.001,6.781
2025/10/05 01:34:20.997,238.512,6.781
2025/10/05 01:34:22.372,239.004,6.781
2025/10/05 01:34:23.725,239.507,6.781
2025/10/05 01:34:25.104,239.993,6.781
2025/10/05 01:34:26.467,240.517,6.781
2025/10/05 01:34:28.013,241.009,6.781
2025/10/05 01:34:29.385,241.498,6.781
2025/10/05 01:34:30.754,242.031,6.781
2025/10/05 01:34:32.152,242.489,6.781
2025/10/05 01:34:33.510,243.0,6.781
2025/10/05 01:34:35.090,243.508,6.781
2025/10/05 01:34:36.464,244.003,6.781
2025/10/05 01:34:37.822,244.511,6.781
2025/10/05 01:34:39.193,245.022,6.781
2025/10/05 01:34:40.784,245.478,6.781
2025/10/05 01:34:42.147,246.01,6.781
2025/10/05 01:34:43.558,246.499,6.781
2025/10/05 01:34:44.961,247.01,6.781
2025/10/05 01:34:48.032,229.031,4.88
2025/10/05 01:34:49.407,229.46,4.88
2025/10/05 01:34:50.949,230.003,4.88
2025/10/05 01:34:52.334,230.506,4.88
2025/10/05 01:34:53.697,231.011,4.88
2025/10/05 01:34:55.056,231.514,4.88
2025/10/05 01:34:56.427,231.986,4.88
2025/10/05 01:34:57.971,232.514,4.88
2025/10/05 01:34:59.402,233.022,4.88
2025/10/05 01:35:00.758,233.492,4.88
2025/10/05 01:35:02.132,233.989,4.88
2025/10/05 01:35:03.519,234.541,4.88
2025/10/05 01:35:05.089,234.98,4.88
2025/10/05 01:35:06.494,235.519,4.88
2025/10/05 01:35:07.869,235.994,4.88
2025/10/05 01:35:09.251,236.516,4.88
2025/10/05 01:35:10.846,237.007,4.88
2025/10/05 01:35:12.214,237.499,4.88
2025/10/05 01:35:13.599,237.999,4.88
2025/10/05 01:35:14.949,238.51,4.88
2025/10/05 01:35:16.567,238.996,4.88
2025/10/05 01:35:17.935,239.504,4.88
2025/10/05 01:35:19.316,240.015,4.88
2025/10/05 01:35:20.704,240.501,4.88
2025/10/05 01:35:22.148,241.003,4.88
2025/10/05 01:35:23.525,241.506,4.88
2025/10/05 01:35:24.919,242.009,4.88
2025/10/05 01:35:26.283,242.492,4.88
2025/10/05 01:35:27.880,243.028,4.88
2025/10/05 01:35:29.236,243.497,4.88
2025/10/05 01:35:30.621,244.005,4.88
2025/10/05 01:35:32.213,244.508,4.88
2025/10/05 01:35:33.635,244.986,4.88
2025/10/05 01:35:36.179,229.039,4.284
2025/10/05 01:35:37.810,229.457,4.284
2025/10/05 01:35:39.199,230.02,4.284
2025/10/05 01:35:40.614,230.509,4.284
2025/10/05 01:35:42.096,230.987,4.284
2025/10/05 01:35:43.590,231.525,4.284
2025/10/05 01:35:44.954,232.011,4.284
2025/10/05 01:35:46.331,232.497,4.284
2025/10/05 01:35:47.710,233.014,4.284
2025/10/05 01:35:49.162,233.5,4.284
2025/10/05 01:35:50.526,234.013,4.284
2025/10/05 01:35:51.908,234.472,4.284
2025/10/05 01:35:53.283,235.01,4.284
2025/10/05 01:35:54.880,235.521,4.284
2025/10/05 01:35:56.240,236.007,4.284
2025/10/05 01:35:57.636,236.491,4.284
2025/10/05 01:35:59.197,236.996,4.284
2025/10/05 01:36:00.621,237.532,4.284
2025/10/05 01:36:02.001,238.001,4.284
2025/10/05 01:36:03.355,238.512,4.284
2025/10/05 01:36:04.731,239.004,4.284
2025/10/05 01:36:06.374,239.504,4.284
2025/10/05 01:36:07.757,240.026,4.284
2025/10/05 01:36:09.153,240.484,4.284
2025/10/05 01:36:10.521,240.998,4.284
2025/10/05 01:36:12.094,241.512,4.284
2025/10/05 01:36:13.462,242.011,4.284
2025/10/05 01:36:14.851,242.489,4.284
2025/10/05 01:36:16.220,243.011,4.284
2025/10/05 01:36:17.577,243.519,4.284
2025/10/05 01:36:19.104,244.003,4.284
2025/10/05 01:36:20.464,244.505,4.284
2025/10/05 01:36:21.861,245.0,4.284
2025/10/05 01:36:25.072,223.033,11.208
2025/10/05 01:36:26.495,223.92,11.208
2025/10/05 01:36:28.129,225.018,11.208
2025/10/05 01:36:29.517,226.015,11.208
2025/10/05 01:36:30.968,226.993,11.208
2025/10/05 01:36:32.346,228.001,11.208
2025/10/05 01:36:33.977,229.004,11.208
2025/10/05 01:36:35.400,230.02,11.208
2025/10/05 01:36:36.834,231.0,11.208
2025/10/05 01:36:38.411,231.995,11.208
2025/10/05 01:36:39.842,233.022,11.208
2025/10/05 01:36:41.246,233.986,11.208
2025/10/05 01:36:42.652,235.008,11.208
2025/10/05 01:36:44.189,236.002,11.208
2025/10/05 01:36:45.623,236.999,11.208
2025/10/05 01:36:47.069,238.021,11.208
2025/10/05 01:36:48.657,238.987,11.208
2025/10/05 01:36:50.089,240.017,11.208
2025/10/05 01:36:51.475,240.99,11.208
2025/10/05 01:36:52.858,242.02,11.208
2025/10/05 01:36:54.468,242.997,11.208
2025/10/05 01:36:55.880,243.989,11.208
2025/10/05 01:36:57.285,245.035,11.208
2025/10/05 01:36:58.700,245.991,11.208
2025/10/05 01:37:00.313,246.994,11.208
2025/10/05 01:37:01.704,248.024,11.208
2025/10/05 01:37:03.144,248.993,11.208
2025/10/05 01:37:04.538,250.007,11.208
2025/10/05 01:37:06.143,251.015,11.208
2025/10/05 01:37:08.979,227.04,6.781
2025/10/05 01:37:10.541,227.452,6.781
2025/10/05 01:37:11.933,227.99,6.781
2025/10/05 01:37:13.293,228.539,6.781
2025/10/05 01:37:14.659,229.004,6.781
2025/10/05 01:37:16.303,229.515,6.781
2025/10/05 01:37:17.687,230.001,6.781
2025/10/05 01:37:19.043,230.498,6.781
2025/10/05 01:37:20.428,231.014,6.781
2025/10/05 01:37:21.810,231.5,6.781
2025/10/05 01:37:23.234,232.003,6.781
2025/10/05 01:37:24.606,232.497,6.781
2025/10/05 01:37:25.992,233.025,6.781
2025/10/05 01:37:27.372,233.483,6.781
2025/10/05 01:37:28.944,234.013,6.781
2025/10/05 01:37:30.325,234.494,6.781
2025/10/05 01:37:31.694,235.008,6.781
2025/10/05 01:37:33.253,235.502,6.781
2025/10/05 01:37:34.631,236.005,6.781
2025/10/05 01:37:36.022,236.502,6.781
2025/10/05 01:37:37.404,237.004,6.781
2025/10/05 01:37:38.748,237.499,6.781
2025/10/05 01:37:40.424,238.004,6.781
2025/10/05 01:37:41.789,238.515,6.781
2025/10/05 01:37:43.156,238.998,6.781
2025/10/05 01:37:44.533,239.509,6.781
2025/10/05 01:37:46.103,240.004,6.781
2025/10/05 01:37:47.501,240.504,6.781
2025/10/05 01:37:48.849,241.001,6.781
2025/10/05 01:37:50.199,241.517,6.781
2025/10/05 01:37:51.580,242.009,6.781
2025/10/05 01:37:52.975,242.5,6.781
2025/10/05 01:37:54.324,243.006,6.781
2025/10/05 01:37:55.685,243.503,6.781
2025/10/05 01:37:57.066,244.008,6.781
2025/10/05 01:37:58.447,244.5,6.781
2025/10/05 01:37:59.946,245.011,6.781
2025/10/05 01:38:01.324,245.489,6.781
2025/10/05 01:38:02.693,246.021,6.781
2025/10/05 01:38:04.066,246.486,6.781
2025/10/05 01:38:05.670,247.005,6.781
2025/10/05 01:38:08.337,229.045,4.886
2025/10/05 01:38:09.737,229.451,4.886
2025/10/05 01:38:11.235,230.02,4.886
2025/10/05 01:38:12.610,230.509,4.886
2025/10/05 01:38:13.983,231.0,4.886
2025/10/05 01:38:15.351,231.5,4.886
2025/10/05 01:38:16.901,232.008,4.886
2025/10/05 01:38:18.248,232.5,4.886
2025/10/05 01:38:19.623,233.008,4.886
2025/10/05 01:38:20.980,233.5,4.886
2025/10/05 01:38:22.582,234.019,4.886
2025/10/05 01:38:23.968,234.483,4.886
2025/10/05 01:38:25.334,235.013,4.886
2025/10/05 01:38:26.710,235.513,4.886
2025/10/05 01:38:28.263,235.988,4.886
2025/10/05 01:38:29.662,236.502,4.886
2025/10/05 01:38:31.058,236.996,4.886
2025/10/05 01:38:32.419,237.518,4.886
2025/10/05 01:38:33.792,238.004,4.886
2025/10/05 01:38:35.242,238.493,4.886
2025/10/05 01:38:36.619,239.007,4.886
2025/10/05 01:38:37.971,239.509,4.886
2025/10/05 01:38:39.359,239.998,4.886
2025/10/05 01:38:40.971,240.509,4.886
2025/10/05 01:38:42.339,241.006,4.886
2025/10/05 01:38:43.711,241.509,4.886
2025/10/05 01:38:45.070,241.995,4.886
2025/10/05 01:38:46.436,242.5,4.886
2025/10/05 01:38:48.019,243.003,4.886
2025/10/05 01:38:49.384,243.514,4.886
2025/10/05 01:38:50.781,244.003,4.886
2025/10/05 01:38:52.350,244.508,4.886
2025/10/05 01:38:53.755,245.013,4.886
2025/10/05 01:38:56.285,229.045,4.29
2025/10/05 01:38:57.655,229.449,4.29
2025/10/05 01:38:59.047,230.036,4.29
2025/10/05 01:39:00.410,230.506,4.29
2025/10/05 01:39:01.797,230.995,4.29
2025/10/05 01:39:03.137,231.511,4.29
2025/10/05 01:39:04.712,231.997,4.29
2025/10/05 01:39:06.104,232.511,4.29
2025/10/05 01:39:07.468,233.008,4.29
2025/10/05 01:39:08.844,233.494,4.29
2025/10/05 01:39:10.429,234.0,4.29
2025/10/05 01:39:11.795,234.502,4.29
2025/10/05 01:39:13.137,234.997,4.29
2025/10/05 01:39:14.491,235.519,4.29
2025/10/05 01:39:15.850,236.002,4.29
2025/10/05 01:39:17.260,236.491,4.29
2025/10/05 01:39:18.614,237.007,4.29
2025/10/05 01:39:19.985,237.515,4.29
2025/10/05 01:39:21.364,238.007,4.29
2025/10/05 01:39:22.925,238.499,4.29
2025/10/05 01:39:24.325,239.004,4.29
2025/10/05 01:39:25.667,239.498,4.29
2025/10/05 01:39:27.030,239.99,4.29
2025/10/05 01:39:28.405,240.517,4.29
2025/10/05 01:39:29.960,241.023,4.29
2025/10/05 01:39:31.292,241.49,4.29
2025/10/05 01:39:32.674,241.998,4.29
2025/10/05 01:39:34.094,242.511,4.29
2025/10/05 01:39:35.476,243.006,4.29
2025/10/05 01:39:37.011,243.517,4.29
2025/10/05 01:39:38.383,243.995,4.29
2025/10/05 01:39:39.740,244.503,4.29
2025/10/05 01:39:41.137,244.994,4.29
2025/10/05 01:39:44.381,223.049,11.211
2025/10/05 01:39:45.808,223.933,11.211
2025/10/05 01:39:47.438,225.021,11.211
2025/10/05 01:39:48.864,225.988,11.211
2025/10/05 01:39:50.285,227.015,11.211
2025/10/05 01:39:51.898,228.015,11.211
2025/10/05 01:39:53.352,228.995,11.211
2025/10/05 01:39:54.731,230.012,11.211
2025/10/05 01:39:56.381,231.006,11.211
2025/10/05 01:39:57.783,231.997,11.211
2025/10/05 01:39:59.184,233.014,11.211
2025/10/05 01:40:00.590,233.997,11.211
2025/10/05 01:40:02.208,234.997,11.211
2025/10/05 01:40:03.630,236.005,11.211
2025/10/05 01:40:05.075,237.004,11.211
2025/10/05 01:40:06.453,238.012,11.211
2025/10/05 01:40:08.086,239.015,11.211
2025/10/05 01:40:09.517,239.99,11.211
2025/10/05 01:40:10.920,241.009,11.211
2025/10/05 01:40:12.497,241.998,11.211
2025/10/05 01:40:13.911,243.006,11.211
2025/10/05 01:40:15.359,244.014,11.211
2025/10/05 01:40:16.966,244.997,11.211
2025/10/05 01:40:18.375,246.002,11.211
2025/10/05 01:40:19.796,247.01,11.211
2025/10/05 01:40:21.217,248.002,11.211
2025/10/05 01:40:22.785,248.993,11.211
2025/10/05 01:40:24.221,250.007,11.211
2025/10/05 01:40:25.649,251.012,11.211
2025/10/05 01:40:28.821,227.043,6.781
2025/10/05 01:40:30.185,227.441,6.781
2025/10/05 01:40:31.565,228.023,6.781
2025/10/05 01:40:32.934,228.515,6.781
2025/10/05 01:40:34.329,229.004,6.781
2025/10/05 01:40:35.713,229.515,6.781
2025/10/05 01:40:37.093,229.995,6.781
2025/10/05 01:40:38.463,230.503,6.781
2025/10/05 01:40:40.027,231.011,6.781
2025/10/05 01:40:41.431,231.492,6.781
2025/10/05 01:40:42.780,232.011,6.781
2025/10/05 01:40:44.330,232.508,6.781
2025/10/05 01:40:45.696,232.992,6.781
2025/10/05 01:40:47.058,233.508,6.781
2025/10/05 01:40:48.425,233.997,6.781
2025/10/05 01:40:49.803,234.508,6.781
2025/10/05 01:40:51.299,234.997,6.781
2025/10/05 01:40:52.663,235.53,6.781
2025/10/05 01:40:54.028,235.988,6.781
2025/10/05 01:40:55.400,236.499,6.781
2025/10/05 01:40:56.983,236.999,6.781
2025/10/05 01:40:58.391,237.504,6.781
2025/10/05 01:40:59.745,237.996,6.781
2025/10/05 01:41:01.087,238.512,6.781
2025/10/05 01:41:02.458,239.007,6.781
2025/10/05 01:41:04.040,239.504,6.781
2025/10/05 01:41:05.427,240.001,6.781
2025/10/05 01:41:06.800,240.495,6.781
2025/10/05 01:41:08.159,241.034,6.781
2025/10/05 01:41:09.742,241.495,6.781
2025/10/05 01:41:11.150,242.011,6.781
2025/10/05 01:41:12.523,242.503,6.781
2025/10/05 01:41:13.885,243.006,6.781
2025/10/05 01:41:15.450,243.5,6.781
2025/10/05 01:41:16.808,244.005,6.781
2025/10/05 01:41:18.145,244.5,6.781
2025/10/05 01:41:19.502,245.011,6.781
2025/10/05 01:41:20.884,245.494,6.781
2025/10/05 01:41:22.323,246.013,6.781
2025/10/05 01:41:23.710,246.499,6.781
2025/10/05 01:41:25.084,247.013,6.781
2025/10/05 01:41:27.981,229.045,4.886
2025/10/05 01:41:29.386,229.471,4.886
2025/10/05 01:41:30.751,229.995,4.886
2025/10/05 01:41:32.114,230.528,4.886
2025/10/05 01:41:33.714,230.987,4.886
2025/10/05 01:41:35.100,231.5,4.886
2025/10/05 01:41:36.459,232.003,4.886
2025/10/05 01:41:37.821,232.528,4.886
2025/10/05 01:41:39.324,233.005,4.886
2025/10/05 01:41:40.699,233.503,4.886
2025/10/05 01:41:42.065,234.002,4.886
2025/10/05 01:41:43.435,234.491,4.886
2025/10/05 01:41:45.009,235.013,4.886
2025/10/05 01:41:46.377,235.497,4.886
2025/10/05 01:41:47.746,235.996,4.886
2025/10/05 01:41:49.087,236.516,4.886
2025/10/05 01:41:50.652,237.004,4.886
2025/10/05 01:41:52.028,237.474,4.886
2025/10/05 01:41:53.397,238.029,4.886
2025/10/05 01:41:54.756,238.504,4.886
2025/10/05 01:41:56.307,239.007,4.886
2025/10/05 01:41:57.667,239.509,4.886
2025/10/05 01:41:59.035,239.995,4.886
2025/10/05 01:42:00.386,240.504,4.886
2025/10/05 01:42:01.940,241.001,4.886
2025/10/05 01:42:03.308,241.525,4.886
2025/10/05 01:42:04.675,242.011,4.886
2025/10/05 01:42:06.059,242.5,4.886
2025/10/05 01:42:07.638,243.017,4.886
2025/10/05 01:42:09.060,243.459,4.886
2025/10/05 01:42:10.407,244.027,4.886
2025/10/05 01:42:11.784,244.533,4.886
2025/10/05 01:42:13.302,245.005,4.886
2025/10/05 01:42:15.846,229.042,4.29
2025/10/05 01:42:17.209,229.454,4.29
2025/10/05 01:42:18.792,230.017,4.29
2025/10/05 01:42:20.189,230.498,4.29
2025/10/05 01:42:21.554,231.025,4.29
2025/10/05 01:42:22.947,231.509,4.29
2025/10/05 01:42:24.340,231.992,4.29
2025/10/05 01:42:26.021,232.522,4.29
2025/10/05 01:42:27.393,232.997,4.29
2025/10/05 01:42:28.767,233.497,4.29
2025/10/05 01:42:30.111,234.005,4.29
2025/10/05 01:42:31.653,234.502,4.29
2025/10/05 01:42:33.016,235.01,4.29
2025/10/05 01:42:34.377,235.497,4.29
2025/10/05 01:42:35.745,235.994,4.29
2025/10/05 01:42:37.280,236.513,4.29
2025/10/05 01:42:38.663,236.991,4.29
2025/10/05 01:42:40.039,237.507,4.29
2025/10/05 01:42:41.394,237.996,4.29
2025/10/05 01:42:42.979,238.49,4.29
2025/10/05 01:42:44.375,239.023,4.29
2025/10/05 01:42:45.742,239.512,4.29
2025/10/05 01:42:47.109,239.987,4.29
2025/10/05 01:42:48.687,240.531,4.29
2025/10/05 01:42:50.063,240.995,4.29
2025/10/05 01:42:51.429,241.509,4.29
2025/10/05 01:42:52.769,242.022,4.29
2025/10/05 01:42:54.342,242.495,4.29
2025/10/05 01:42:55.697,243.008,4.29
2025/10/05 01:42:57.077,243.503,4.29
2025/10/05 01:42:58.469,243.989,4.29
2025/10/05 01:43:00.062,244.516,4.29
2025/10/05 01:43:01.445,245.011,4.29
2025/10/05 01:43:04.358,223.041,11.208
2025/10/05 01:43:06.036,223.939,11.208
2025/10/05 01:43:07.462,224.991,11.208
2025/10/05 01:43:08.888,226.029,11.208
2025/10/05 01:43:10.497,226.996,11.208
2025/10/05 01:43:11.950,228.015,11.208
2025/10/05 01:43:13.388,229.023,11.208
2025/10/05 01:43:15.045,229.998,11.208
2025/10/05 01:43:16.480,230.978,11.208
2025/10/05 01:43:17.912,232.017,11.208
2025/10/05 01:43:19.517,233.014,11.208
2025/10/05 01:43:20.952,234.011,11.208
2025/10/05 01:43:22.396,234.98,11.208
2025/10/05 01:43:24.062,236.024,11.208
2025/10/05 01:43:25.469,237.007,11.208
2025/10/05 01:43:26.860,238.023,11.208
2025/10/05 01:43:28.468,238.993,11.208
2025/10/05 01:43:29.869,240.012,11.208
2025/10/05 01:43:31.286,240.992,11.208
2025/10/05 01:43:32.666,242.028,11.208
2025/10/05 01:43:34.313,242.984,11.208
2025/10/05 01:43:35.701,244.005,11.208
2025/10/05 01:43:37.132,245.016,11.208
2025/10/05 01:43:38.548,246.0,11.208
2025/10/05 01:43:40.151,247.002,11.208
2025/10/05 01:43:41.582,247.999,11.208
2025/10/05 01:43:42.995,249.01,11.208
2025/10/05 01:43:44.589,249.979,11.208
2025/10/05 01:43:45.997,251.026,11.208
2025/10/05 01:43:49.094,227.051,6.784
2025/10/05 01:43:50.485,227.457,6.784
2025/10/05 01:43:51.863,228.001,6.784
2025/10/05 01:43:53.453,228.512,6.784
2025/10/05 01:43:54.834,229.009,6.784
2025/10/05 01:43:56.211,229.523,6.784
2025/10/05 01:43:57.583,229.979,6.784
2025/10/05 01:43:58.945,230.539,6.784
2025/10/05 01:44:00.584,231.006,6.784
2025/10/05 01:44:01.951,231.481,6.784
2025/10/05 01:44:03.325,232.017,6.784
2025/10/05 01:44:04.708,232.503,6.784
2025/10/05 01:44:06.276,233.005,6.784
2025/10/05 01:44:07.668,233.492,6.784
2025/10/05 01:44:09.034,234.005,6.784
2025/10/05 01:44:10.389,234.505,6.784
2025/10/05 01:44:11.801,234.997,6.784
2025/10/05 01:44:13.160,235.508,6.784
2025/10/05 01:44:14.543,236.007,6.784
2025/10/05 01:44:15.920,236.513,6.784
2025/10/05 01:44:17.383,236.999,6.784
2025/10/05 01:44:18.789,237.515,6.784
2025/10/05 01:44:20.175,237.993,6.784
2025/10/05 01:44:21.518,238.521,6.784
2025/10/05 01:44:23.117,239.009,6.784
2025/10/05 01:44:24.505,239.498,6.784
2025/10/05 01:44:25.877,240.009,6.784
2025/10/05 01:44:27.454,240.484,6.784
2025/10/05 01:44:28.857,241.006,6.784
2025/10/05 01:44:30.192,241.514,6.784
2025/10/05 01:44:31.566,241.984,6.784
2025/10/05 01:44:32.962,242.531,6.784
2025/10/05 01:44:34.392,243.0,6.784
2025/10/05 01:44:35.746,243.506,6.784
2025/10/05 01:44:37.137,244.011,6.784
2025/10/05 01:44:38.505,244.497,6.784
2025/10/05 01:44:40.112,245.0,6.784
2025/10/05 01:44:41.495,245.505,6.784
2025/10/05 01:44:42.849,246.019,6.784
2025/10/05 01:44:44.423,246.48,6.784
2025/10/05 01:44:45.828,247.016,6.784
2025/10/05 01:44:48.507,229.048,4.883
2025/10/05 01:44:50.123,229.443,4.883
2025/10/05 01:44:51.510,230.031,4.883
2025/10/05 01:44:52.883,230.517,4.883
2025/10/05 01:44:54.465,231.003,4.883
2025/10/05 01:44:55.878,231.5,4.883
2025/10/05 01:44:57.244,232.008,4.883
2025/10/05 01:44:58.625,232.506,4.883
2025/10/05 01:44:59.996,233.005,4.883
2025/10/05 01:45:01.580,233.494,4.883
2025/10/05 01:45:02.936,234.005,4.883
2025/10/05 01:45:04.312,234.508,4.883
2025/10/05 01:45:05.684,235.002,4.883
2025/10/05 01:45:07.236,235.499,4.883
2025/10/05 01:45:08.619,236.01,4.883
2025/10/05 01:45:09.986,236.502,4.883
2025/10/05 01:45:11.327,236.996,4.883
2025/10/05 01:45:12.677,237.502,4.883
2025/10/05 01:45:14.090,237.999,4.883
2025/10/05 01:45:15.458,238.507,4.883
2025/10/05 01:45:16.830,239.007,4.883
2025/10/05 01:45:18.206,239.496,4.883
2025/10/05 01:45:19.551,240.009,4.883
2025/10/05 01:45:21.132,240.501,4.883
2025/10/05 01:45:22.509,241.003,4.883
2025/10/05 01:45:23.885,241.498,4.883
2025/10/05 01:45:25.450,242.006,4.883
2025/10/05 01:45:26.826,242.5,4.883
2025/10/05 01:45:28.221,242.989,4.883
2025/10/05 01:45:29.562,243.53,4.883
2025/10/05 01:45:30.943,243.997,4.883
2025/10/05 01:45:32.435,244.511,4.883
2025/10/05 01:45:33.805,245.002,4.883
2025/10/05 01:45:36.342,229.048,4.287
2025/10/05 01:45:37.706,229.44,4.287
2025/10/05 01:45:39.149,230.028,4.287
2025/10/05 01:45:40.528,230.495,4.287
2025/10/05 01:45:41.900,231.017,4.287
2025/10/05 01:45:43.298,231.511,4.287
2025/10/05 01:45:44.883,231.992,4.287
2025/10/05 01:45:46.266,232.5,4.287
2025/10/05 01:45:47.647,233.03,4.287
2025/10/05 01:45:49.045,233.483,4.287
2025/10/05 01:45:50.438,234.038,4.287
2025/10/05 01:45:52.107,234.494,4.287
2025/10/05 01:45:53.476,235.002,4.287
2025/10/05 01:45:54.858,235.477,4.287
2025/10/05 01:45:56.248,236.021,4.287
2025/10/05 01:45:57.640,236.51,4.287
2025/10/05 01:45:59.158,237.018,4.287
2025/10/05 01:46:00.521,237.488,4.287
2025/10/05 01:46:01.885,238.01,4.287
2025/10/05 01:46:03.256,238.496,4.287
2025/10/05 01:46:04.632,239.004,4.287
2025/10/05 01:46:06.227,239.504,4.287
2025/10/05 01:46:07.586,240.006,4.287
2025/10/05 01:46:08.928,240.52,4.287
2025/10/05 01:46:10.541,240.99,4.287
2025/10/05 01:46:11.930,241.509,4.287
2025/10/05 01:46:13.307,242.0,4.287
2025/10/05 01:46:14.647,242.506,4.287
2025/10/05 01:46:16.028,242.997,4.287
2025/10/05 01:46:17.585,243.506,4.287
2025/10/05 01:46:18.939,244.016,4.287
2025/10/05 01:46:20.330,244.494,4.287
2025/10/05 01:46:21.717,245.008,4.287
2025/10/05 01:46:24.786,223.046,11.208
2025/10/05 01:46:26.200,223.922,11.208
2025/10/05 01:46:27.660,225.024,11.208
2025/10/05 01:46:29.153,226.029,11.208
2025/10/05 01:46:30.565,226.974,11.208
2025/10/05 01:46:31.957,227.993,11.208
2025/10/05 01:46:33.388,229.017,11.208
2025/10/05 01:46:34.990,230.012,11.208
2025/10/05 01:46:36.434,230.995,11.208
2025/10/05 01:46:37.835,232.019,11.208
2025/10/05 01:46:39.466,232.992,11.208
2025/10/05 01:46:40.876,234.011,11.208
2025/10/05 01:46:42.324,235.016,11.208
2025/10/05 01:46:43.970,235.999,11.208
2025/10/05 01:46:45.402,236.999,11.208
2025/10/05 01:46:46.819,238.01,11.208
2025/10/05 01:46:48.397,238.998,11.208
2025/10/05 01:46:49.829,239.995,11.208
2025/10/05 01:46:51.232,241.012,11.208
2025/10/05 01:46:52.794,242.0,11.208
2025/10/05 01:46:54.307,243.008,11.208
2025/10/05 01:46:55.731,244.0,11.208
2025/10/05 01:46:57.285,245.024,11.208
2025/10/05 01:46:58.717,246.0,11.208
2025/10/05 01:47:00.106,247.002,11.208
2025/10/05 01:47:01.495,247.996,11.208
2025/10/05 01:47:03.132,249.023,11.208
2025/10/05 01:47:04.534,250.004,11.208
2025/10/05 01:47:05.954,250.996,11.208
2025/10/05 01:47:09.015,227.051,6.784
2025/10/05 01:47:10.370,227.435,6.784
2025/10/05 01:47:11.784,228.034,6.784
2025/10/05 01:47:13.326,228.501,6.784
2025/10/05 01:47:14.757,229.031,6.784
2025/10/05 01:47:16.138,229.493,6.784
2025/10/05 01:47:17.484,230.028,6.784
2025/10/05 01:47:18.903,230.479,6.784
2025/10/05 01:47:20.449,231.02,6.784
2025/10/05 01:47:21.815,231.514,6.784
2025/10/05 01:47:23.180,232.006,6.784
2025/10/05 01:47:24.546,232.503,6.784
2025/10/05 01:47:26.127,233.0,6.784
2025/10/05 01:47:27.504,233.497,6.784
2025/10/05 01:47:28.928,234.013,6.784
2025/10/05 01:47:30.275,234.502,6.784
2025/10/05 01:47:31.842,235.005,6.784
2025/10/05 01:47:33.225,235.502,6.784
2025/10/05 01:47:34.594,236.002,6.784
2025/10/05 01:47:35.988,236.521,6.784
2025/10/05 01:47:37.572,236.999,6.784
2025/10/05 01:47:38.946,237.499,6.784
2025/10/05 01:47:40.319,237.988,6.784
2025/10/05 01:47:41.701,238.515,6.784
2025/10/05 01:47:43.062,239.009,6.784
2025/10/05 01:47:44.493,239.501,6.784
2025/10/05 01:47:45.890,240.012,6.784
2025/10/05 01:47:47.263,240.506,6.784
2025/10/05 01:47:48.613,240.998,6.784
2025/10/05 01:47:50.186,241.525,6.784
2025/10/05 01:47:51.519,241.998,6.784
2025/10/05 01:47:52.899,242.503,6.784
2025/10/05 01:47:54.239,243.0,6.784
2025/10/05 01:47:55.814,243.497,6.784
2025/10/05 01:47:57.219,243.978,6.784
2025/10/05 01:47:58.587,244.544,6.784
2025/10/05 01:47:59.967,244.972,6.784
2025/10/05 01:48:01.520,245.538,6.784
2025/10/05 01:48:02.901,246.002,6.784
2025/10/05 01:48:04.315,246.491,6.784
2025/10/05 01:48:05.693,247.002,6.784
2025/10/05 01:48:08.555,229.042,4.886
2025/10/05 01:48:09.916,229.46,4.886
2025/10/05 01:48:11.294,230.003,4.886
2025/10/05 01:48:12.676,230.531,4.886
2025/10/05 01:48:14.266,230.995,4.886
2025/10/05 01:48:15.640,231.487,4.886
2025/10/05 01:48:16.994,232.022,4.886
2025/10/05 01:48:18.379,232.5,4.886
2025/10/05 01:48:19.918,233.014,4.886
2025/10/05 01:48:21.328,233.489,4.886
2025/10/05 01:48:22.701,234.027,4.886
2025/10/05 01:48:24.072,234.497,4.886
2025/10/05 01:48:25.647,234.986,4.886
2025/10/05 01:48:27.041,235.516,4.886
2025/10/05 01:48:28.411,236.013,4.886
2025/10/05 01:48:29.774,236.48,4.886
2025/10/05 01:48:31.218,237.015,4.886
2025/10/05 01:48:32.620,237.518,4.886
2025/10/05 01:48:33.958,238.032,4.886
2025/10/05 01:48:35.335,238.479,4.886
2025/10/05 01:48:36.937,239.012,4.886
2025/10/05 01:48:38.356,239.468,4.886
2025/10/05 01:48:39.743,240.015,4.886
2025/10/05 01:48:41.098,240.537,4.886
2025/10/05 01:48:42.662,240.995,4.886
2025/10/05 01:48:44.040,241.506,4.886
2025/10/05 01:48:45.412,241.998,4.886
2025/10/05 01:48:46.760,242.52,4.886
2025/10/05 01:48:48.128,243.0,4.886
2025/10/05 01:48:49.734,243.497,4.886
2025/10/05 01:48:51.123,243.975,4.886
2025/10/05 01:48:52.491,244.536,4.886
2025/10/05 01:48:53.858,245.005,4.886
2025/10/05 01:48:56.601,229.034,4.287
2025/10/05 01:48:57.980,229.46,4.287
2025/10/05 01:48:59.378,230.025,4.287
2025/10/05 01:49:00.969,230.492,4.287
2025/10/05 01:49:02.341,230.992,4.287
2025/10/05 01:49:03.745,231.522,4.287
2025/10/05 01:49:05.100,231.997,4.287
2025/10/05 01:49:06.464,232.506,4.287
2025/10/05 01:49:08.043,232.994,4.287
2025/10/05 01:49:09.445,233.514,4.287
2025/10/05 01:49:10.821,234.008,4.287
2025/10/05 01:49:12.399,234.497,4.287
2025/10/05 01:49:13.786,235.019,4.287
2025/10/05 01:49:15.170,235.502,4.287
2025/10/05 01:49:16.544,236.013,4.287
2025/10/05 01:49:18.151,236.491,4.287
2025/10/05 01:49:19.498,236.985,4.287
2025/10/05 01:49:20.877,237.546,4.287
2025/10/05 01:49:22.243,238.001,4.287
2025/10/05 01:49:23.801,238.512,4.287
2025/10/05 01:49:25.201,238.974,4.287
2025/10/05 01:49:26.556,239.52,4.287
2025/10/05 01:49:27.952,239.995,4.287
2025/10/05 01:49:29.352,240.528,4.287
2025/10/05 01:49:31.028,240.995,4.287
2025/10/05 01:49:32.406,241.512,4.287
2025/10/05 01:49:33.801,242.011,4.287
2025/10/05 01:49:35.162,242.511,4.287
2025/10/05 01:49:36.750,242.989,4.287
2025/10/05 01:49:38.133,243.511,4.287
2025/10/05 01:49:39.505,244.008,4.287
2025/10/05 01:49:40.882,244.514,4.287
2025/10/05 01:49:42.441,244.978,4.287
2025/10/05 01:49:45.346,223.022,11.208
2025/10/05 01:49:46.953,223.944,11.208
2025/10/05 01:49:48.381,225.002,11.208
2025/10/05 01:49:49.804,225.991,11.208
2025/10/05 01:49:51.404,227.032,11.208
2025/10/05 01:49:52.845,227.987,11.208
2025/10/05 01:49:54.240,229.017,11.208
2025/10/05 01:49:55.623,230.009,11.208
2025/10/05 01:49:57.258,231.003,11.208
2025/10/05 01:49:58.668,232.017,11.208
2025/10/05 01:50:00.093,232.989,11.208
2025/10/05 01:50:01.684,234.019,11.208
2025/10/05 01:50:03.109,234.986,11.208
2025/10/05 01:50:04.542,236.005,11.208
2025/10/05 01:50:06.084,237.01,11.208
2025/10/05 01:50:07.564,237.977,11.208
2025/10/05 01:50:08.975,239.029,11.208
2025/10/05 01:50:10.577,240.004,11.208
2025/10/05 01:50:12.024,241.012,11.208
2025/10/05 01:50:13.403,242.02,11.208
2025/10/05 01:50:14.824,242.987,11.208
2025/10/05 01:50:16.449,244.025,11.208
2025/10/05 01:50:17.837,245.002,11.208
2025/10/05 01:50:19.260,246.01,11.208
2025/10/05 01:50:20.660,247.01,11.208
2025/10/05 01:50:22.271,248.005,11.208
2025/10/05 01:50:23.713,249.029,11.208
2025/10/05 01:50:25.136,250.007,11.208
2025/10/05 01:50:26.581,250.985,11.208
2025/10/05 01:50:29.784,226.996,6.784
2025/10/05 01:50:31.197,227.435,6.784
2025/10/05 01:50:32.830,228.04,6.784
2025/10/05 01:50:34.227,228.501,6.784
2025/10/05 01:50:35.586,228.979,6.784
2025/10/05 01:50:36.941,229.55,6.784
2025/10/05 01:50:38.499,229.981,6.784
2025/10/05 01:50:39.875,230.525,6.784
2025/10/05 01:50:41.243,230.998,6.784
2025/10/05 01:50:42.617,231.487,6.784
2025/10/05 01:50:44.198,232.006,6.784
2025/10/05 01:50:45.569,232.525,6.784
2025/10/05 01:50:46.915,232.994,6.784
2025/10/05 01:50:48.298,233.5,6.784
2025/10/05 01:50:49.864,233.989,6.784
2025/10/05 01:50:51.254,234.5,6.784
2025/10/05 01:50:52.602,235.038,6.784
2025/10/05 01:50:53.957,235.488,6.784
2025/10/05 01:50:55.483,236.024,6.784
2025/10/05 01:50:56.865,236.496,6.784
2025/10/05 01:50:58.243,236.991,6.784
2025/10/05 01:50:59.598,237.535,6.784
2025/10/05 01:51:00.965,237.996,6.784
2025/10/05 01:51:02.353,238.493,6.784
2025/10/05 01:51:03.725,238.998,6.784
2025/10/05 01:51:05.092,239.515,6.784
2025/10/05 01:51:06.486,240.015,6.784
2025/10/05 01:51:08.039,240.493,6.784
2025/10/05 01:51:09.464,241.006,6.784
2025/10/05 01:51:10.807,241.525,6.784
2025/10/05 01:51:12.167,242.006,6.784
2025/10/05 01:51:13.733,242.5,6.784
2025/10/05 01:51:15.150,242.981,6.784
2025/10/05 01:51:16.548,243.53,6.784
2025/10/05 01:51:17.905,244.014,6.784
2025/10/05 01:51:19.305,244.494,6.784
2025/10/05 01:51:20.701,245.016,6.784
2025/10/05 01:51:22.052,245.491,6.784
2025/10/05 01:51:23.422,246.01,6.784
2025/10/05 01:51:25.027,246.505,6.784
2025/10/05 01:51:26.426,247.002,6.784
2025/10/05 01:51:29.105,229.053,4.883
2025/10/05 01:51:30.596,229.446,4.883
2025/10/05 01:51:31.984,230.031,4.883
2025/10/05 01:51:33.349,230.503,4.883
2025/10/05 01:51:34.717,231.009,4.883
2025/10/05 01:51:36.268,231.5,4.883
2025/10/05 01:51:37.680,232.008,4.883
2025/10/05 01:51:39.045,232.503,4.883
2025/10/05 01:51:40.609,233.022,4.883
2025/10/05 01:51:42.025,233.472,4.883
2025/10/05 01:51:43.397,233.986,4.883
2025/10/05 01:51:44.792,234.535,4.883
2025/10/05 01:51:46.148,235.005,4.883
2025/10/05 01:51:47.752,235.491,4.883
2025/10/05 01:51:49.102,236.007,4.883
2025/10/05 01:51:50.491,236.496,4.883
2025/10/05 01:51:51.878,237.002,4.883
2025/10/05 01:51:53.462,237.524,4.883
2025/10/05 01:51:54.843,237.996,4.883
2025/10/05 01:51:56.225,238.51,4.883
2025/10/05 01:51:57.592,239.001,4.883
2025/10/05 01:51:58.954,239.504,4.883
2025/10/05 01:52:00.359,239.998,4.883
2025/10/05 01:52:01.736,240.473,4.883
2025/10/05 01:52:03.123,241.034,4.883
2025/10/05 01:52:04.499,241.512,4.883
2025/10/05 01:52:06.045,242.003,4.883
2025/10/05 01:52:07.424,242.531,4.883
2025/10/05 01:52:08.778,242.989,4.883
2025/10/05 01:52:10.168,243.5,4.883
2025/10/05 01:52:11.742,243.992,4.883
2025/10/05 01:52:13.123,244.522,4.883
2025/10/05 01:52:14.492,244.983,4.883
2025/10/05 01:52:17.166,229.02,4.29
2025/10/05 01:52:18.609,229.476,4.29
2025/10/05 01:52:19.987,229.992,4.29
2025/10/05 01:52:21.402,230.512,4.29
2025/10/05 01:52:22.765,230.998,4.29
2025/10/05 01:52:24.355,231.528,4.29
2025/10/05 01:52:25.729,231.989,4.29
2025/10/05 01:52:27.097,232.519,4.29
2025/10/05 01:52:28.642,233.003,4.29
2025/10/05 01:52:30.025,233.5,4.29
2025/10/05 01:52:31.435,233.994,4.29
2025/10/05 01:52:32.807,234.527,4.29
2025/10/05 01:52:34.151,234.994,4.29
2025/10/05 01:52:35.616,235.513,4.29
2025/10/05 01:52:36.962,235.996,4.29
2025/10/05 01:52:38.352,236.507,4.29
2025/10/05 01:52:39.725,236.996,4.29
2025/10/05 01:52:41.308,237.515,4.29
2025/10/05 01:52:42.678,238.004,4.29
2025/10/05 01:52:44.041,238.548,4.29
2025/10/05 01:52:45.425,238.974,4.29
2025/10/05 01:52:46.996,239.468,4.29
2025/10/05 01:52:48.405,240.045,4.29
2025/10/05 01:52:49.755,240.515,4.29
2025/10/05 01:52:51.117,241.028,4.29
2025/10/05 01:52:52.647,241.487,4.29
2025/10/05 01:52:54.028,242.006,4.29
2025/10/05 01:52:55.413,242.517,4.29
2025/10/05 01:52:56.768,242.987,4.29
2025/10/05 01:52:58.317,243.514,4.29
2025/10/05 01:52:59.713,243.997,4.29
2025/10/05 01:53:01.046,244.522,4.29
2025/10/05 01:53:02.457,244.992,4.29
2025/10/05 01:53:05.745,223.013,11.208
2025/10/05 01:53:07.161,223.92,11.208
2025/10/05 01:53:08.636,225.024,11.208
2025/10/05 01:53:10.044,226.007,11.208
2025/10/05 01:53:11.507,227.01,11.208
2025/10/05 01:53:13.100,227.985,11.208
2025/10/05 01:53:14.566,229.039,11.208
2025/10/05 01:53:15.968,229.99,11.208
2025/10/05 01:53:17.571,230.992,11.208
2025/10/05 01:53:18.977,232.019,11.208
2025/10/05 01:53:20.395,233.014,11.208
2025/10/05 01:53:21.787,233.991,11.208
2025/10/05 01:53:23.370,235.002,11.208
2025/10/05 01:53:24.799,236.007,11.208
2025/10/05 01:53:26.187,236.999,11.208
2025/10/05 01:53:27.601,238.01,11.208
2025/10/05 01:53:29.194,238.998,11.208
2025/10/05 01:53:30.648,240.001,11.208
2025/10/05 01:53:32.038,241.001,11.208
2025/10/05 01:53:33.664,242.022,11.208
2025/10/05 01:53:35.095,242.989,11.208
2025/10/05 01:53:36.487,244.011,11.208
2025/10/05 01:53:37.878,245.013,11.208
2025/10/05 01:53:39.522,245.989,11.208
2025/10/05 01:53:40.901,247.013,11.208
2025/10/05 01:53:42.309,248.013,11.208
2025/10/05 01:53:43.741,249.004,11.208
2025/10/05 01:53:45.352,250.001,11.208
2025/10/05 01:53:46.812,251.007,11.208
2025/10/05 01:53:49.893,227.045,6.784
2025/10/05 01:53:51.293,227.438,6.784
2025/10/05 01:53:52.693,228.015,6.784
2025/10/05 01:53:54.059,228.515,6.784
2025/10/05 01:53:55.594,229.009,6.784
2025/10/05 01:53:57.005,229.495,6.784
2025/10/05 01:53:58.370,229.995,6.784
2025/10/05 01:53:59.719,230.531,6.784
2025/10/05 01:54:01.290,230.989,6.784
2025/10/05 01:54:02.682,231.517,6.784
2025/10/05 01:54:04.037,231.989,6.784
2025/10/05 01:54:05.402,232.511,6.784
2025/10/05 01:54:06.776,233.014,6.784
2025/10/05 01:54:08.368,233.5,6.784
2025/10/05 01:54:09.755,233.986,6.784
2025/10/05 01:54:11.097,234.527,6.784
2025/10/05 01:54:12.452,234.994,6.784
2025/10/05 01:54:14.016,235.527,6.784
2025/10/05 01:54:15.402,235.991,6.784
2025/10/05 01:54:16.738,236.513,6.784
2025/10/05 01:54:18.124,236.996,6.784
2025/10/05 01:54:19.658,237.496,6.784
2025/10/05 01:54:21.050,237.99,6.784
2025/10/05 01:54:22.384,238.534,6.784
2025/10/05 01:54:23.749,239.007,6.784
2025/10/05 01:54:25.166,239.498,6.784
2025/10/05 01:54:26.548,239.998,6.784
2025/10/05 01:54:27.898,240.515,6.784
2025/10/05 01:54:29.279,241.003,6.784
2025/10/05 01:54:30.823,241.501,6.784
2025/10/05 01:54:32.210,242.009,6.784
2025/10/05 01:54:33.577,242.489,6.784
2025/10/05 01:54:34.933,243.025,6.784
2025/10/05 01:54:36.553,243.5,6.784
2025/10/05 01:54:37.950,244.008,6.784
2025/10/05 01:54:39.346,244.519,6.784
2025/10/05 01:54:40.715,244.989,6.784
2025/10/05 01:54:42.319,245.508,6.784
2025/10/05 01:54:43.667,246.002,6.784
2025/10/05 01:54:45.024,246.491,6.784
2025/10/05 01:54:46.412,247.027,6.784
2025/10/05 01:54:49.499,229.037,4.883
2025/10/05 01:54:50.894,229.468,4.883
2025/10/05 01:54:52.264,229.998,4.883
2025/10/05 01:54:53.829,230.506,4.883
2025/10/05 01:54:55.214,231.017,4.883
2025/10/05 01:54:56.592,231.5,4.883
2025/10/05 01:54:57.937,232.006,4.883
2025/10/05 01:54:59.360,232.492,4.883
2025/10/05 01:55:00.718,233.036,4.883
2025/10/05 01:55:02.057,233.514,4.883
2025/10/05 01:55:03.441,233.98,4.883
2025/10/05 01:55:04.818,234.5,4.883
2025/10/05 01:55:06.426,235.03,4.883
2025/10/05 01:55:07.789,235.491,4.883
2025/10/05 01:55:09.172,235.999,4.883
2025/10/05 01:55:10.740,236.513,4.883
2025/10/05 01:55:12.141,236.996,4.883
2025/10/05 01:55:13.515,237.496,4.883
2025/10/05 01:55:14.892,238.032,4.883
2025/10/05 01:55:16.252,238.477,4.883
2025/10/05 01:55:17.820,239.026,4.883
2025/10/05 01:55:19.203,239.493,4.883
2025/10/05 01:55:20.585,240.015,4.883
2025/10/05 01:55:21.938,240.509,4.883
2025/10/05 01:55:23.302,241.003,4.883
2025/10/05 01:55:24.731,241.49,4.883
2025/10/05 01:55:26.109,242.009,4.883
2025/10/05 01:55:27.499,242.514,4.883
2025/10/05 01:55:28.899,242.995,4.883
2025/10/05 01:55:30.478,243.519,4.883
2025/10/05 01:55:31.873,243.986,4.883
2025/10/05 01:55:33.237,244.536,4.883
2025/10/05 01:55:34.826,245.002,4.883
2025/10/05 01:55:37.390,229.028,4.284
2025/10/05 01:55:38.772,229.501,4.284
2025/10/05 01:55:40.144,229.976,4.284
2025/10/05 01:55:41.694,230.523,4.284
2025/10/05 01:55:43.066,231.025,4.284
2025/10/05 01:55:44.431,231.506,4.284
2025/10/05 01:55:45.802,231.978,4.284
2025/10/05 01:55:47.410,232.506,4.284
2025/10/05 01:55:48.800,233.027,4.284
2025/10/05 01:55:50.167,233.505,4.284
2025/10/05 01:55:51.511,234.016,4.284
2025/10/05 01:55:53.075,234.502,4.284
2025/10/05 01:55:54.451,234.991,4.284
2025/10/05 01:55:55.830,235.502,4.284
2025/10/05 01:55:57.189,236.007,4.284
2025/10/05 01:55:58.744,236.499,4.284
2025/10/05 01:56:00.114,237.01,4.284
2025/10/05 01:56:01.504,237.502,4.284
2025/10/05 01:56:02.898,237.999,4.284
2025/10/05 01:56:04.248,238.496,4.284
2025/10/05 01:56:05.731,239.012,4.284
2025/10/05 01:56:07.108,239.507,4.284
2025/10/05 01:56:08.481,239.995,4.284
2025/10/05 01:56:09.849,240.501,4.284
2025/10/05 01:56:11.395,241.001,4.284
2025/10/05 01:56:12.793,241.52,4.284
2025/10/05 01:56:14.173,241.989,4.284
2025/10/05 01:56:15.520,242.522,4.284
2025/10/05 01:56:17.100,243.0,4.284
2025/10/05 01:56:18.470,243.497,4.284
2025/10/05 01:56:19.832,244.003,4.284
2025/10/05 01:56:21.200,244.508,4.284
2025/10/05 01:56:22.741,245.016,4.284
2025/10/05 01:56:26.011,223.055,11.208
2025/10/05 01:56:27.442,223.933,11.208
2025/10/05 01:56:28.847,225.002,11.208
2025/10/05 01:56:30.270,226.015,11.208
2025/10/05 01:56:31.955,226.99,11.208
2025/10/05 01:56:33.360,228.015,11.208
2025/10/05 01:56:34.761,229.001,11.208
2025/10/05 01:56:36.177,230.003,11.208
2025/10/05 01:56:37.759,231.014,11.208
2025/10/05 01:56:39.183,232.0,11.208
2025/10/05 01:56:40.563,232.997,11.208
2025/10/05 01:56:42.169,234.011,11.208
2025/10/05 01:56:43.569,235.002,11.208
2025/10/05 01:56:44.970,235.983,11.208
2025/10/05 01:56:46.401,237.007,11.208
2025/10/05 01:56:47.989,238.037,11.208
2025/10/05 01:56:49.420,238.987,11.208
2025/10/05 01:56:50.851,240.006,11.208
2025/10/05 01:56:52.275,241.003,11.208
2025/10/05 01:56:53.884,242.017,11.208
2025/10/05 01:56:55.301,243.017,11.208
2025/10/05 01:56:56.719,243.986,11.208
2025/10/05 01:56:58.367,245.005,11.208
2025/10/05 01:56:59.830,246.008,11.208
2025/10/05 01:57:01.314,247.002,11.208
2025/10/05 01:57:02.900,248.005,11.208
2025/10/05 01:57:04.320,248.977,11.208
2025/10/05 01:57:05.761,250.012,11.208
2025/10/05 01:57:07.399,250.993,11.208
2025/10/05 01:57:10.257,227.045,6.781
2025/10/05 01:57:11.865,227.452,6.781
2025/10/05 01:57:13.267,227.996,6.781
2025/10/05 01:57:14.633,228.542,6.781
2025/10/05 01:57:15.999,229.009,6.781
2025/10/05 01:57:17.375,229.493,6.781
2025/10/05 01:57:18.958,230.012,6.781
2025/10/05 01:57:20.355,230.501,6.781
2025/10/05 01:57:21.727,231.006,6.781
2025/10/05 01:57:23.091,231.506,6.781
2025/10/05 01:57:24.688,232.006,6.781
2025/10/05 01:57:26.043,232.506,6.781
2025/10/05 01:57:27.455,232.994,6.781
2025/10/05 01:57:28.813,233.514,6.781
2025/10/05 01:57:30.160,233.994,6.781
2025/10/05 01:57:31.726,234.511,6.781
2025/10/05 01:57:33.122,234.986,6.781
2025/10/05 01:57:34.494,235.519,6.781
2025/10/05 01:57:35.834,235.999,6.781
2025/10/05 01:57:37.438,236.529,6.781
2025/10/05 01:57:38.793,236.988,6.781
2025/10/05 01:57:40.165,237.504,6.781
2025/10/05 01:57:41.559,238.012,6.781
2025/10/05 01:57:43.135,238.493,6.781
2025/10/05 01:57:44.520,238.998,6.781
2025/10/05 01:57:45.907,239.529,6.781
2025/10/05 01:57:47.263,239.987,6.781
2025/10/05 01:57:48.785,240.509,6.781
2025/10/05 01:57:50.157,241.006,6.781
2025/10/05 01:57:51.532,241.503,6.781
2025/10/05 01:57:52.890,242.0,6.781
2025/10/05 01:57:54.443,242.514,6.781
2025/10/05 01:57:55.808,242.989,6.781
2025/10/05 01:57:57.184,243.508,6.781
2025/10/05 01:57:58.581,244.03,6.781
2025/10/05 01:58:00.250,244.497,6.781
2025/10/05 01:58:01.650,245.002,6.781
2025/10/05 01:58:03.013,245.513,6.781
2025/10/05 01:58:04.374,245.991,6.781
2025/10/05 01:58:05.766,246.48,6.781
2025/10/05 01:58:07.336,247.06,6.781
2025/10/05 01:58:10.041,229.039,4.88
2025/10/05 01:58:11.386,229.482,4.88
2025/10/05 01:58:12.797,229.998,4.88
2025/10/05 01:58:14.191,230.503,4.88
2025/10/05 01:58:15.586,230.992,4.88
2025/10/05 01:58:16.934,231.52,4.88
2025/10/05 01:58:18.498,232.019,4.88
2025/10/05 01:58:19.886,232.495,4.88
2025/10/05 01:58:21.243,233.003,4.88
2025/10/05 01:58:22.599,233.519,4.88
2025/10/05 01:58:24.191,234.005,4.88
2025/10/05 01:58:25.536,234.519,4.88
2025/10/05 01:58:26.956,234.966,4.88
2025/10/05 01:58:28.329,235.541,4.88
2025/10/05 01:58:29.814,236.002,4.88
2025/10/05 01:58:31.164,236.51,4.88
2025/10/05 01:58:32.560,236.991,4.88
2025/10/05 01:58:33.917,237.496,4.88
2025/10/05 01:58:35.535,238.018,4.88
2025/10/05 01:58:36.918,238.51,4.88
2025/10/05 01:58:38.286,238.985,4.88
2025/10/05 01:58:39.877,239.504,4.88
2025/10/05 01:58:41.268,240.001,4.88
2025/10/05 01:58:42.636,240.526,4.88
2025/10/05 01:58:44.033,241.017,4.88
2025/10/05 01:58:45.619,241.495,4.88
2025/10/05 01:58:47.023,242.009,4.88
2025/10/05 01:58:48.381,242.489,4.88
2025/10/05 01:58:49.781,243.008,4.88
2025/10/05 01:58:51.162,243.533,4.88
2025/10/05 01:58:52.547,244.005,4.88
2025/10/05 01:58:53.937,244.505,4.88
2025/10/05 01:58:55.289,244.997,4.88
2025/10/05 01:58:57.784,229.031,4.29
2025/10/05 01:58:59.354,229.449,4.29
2025/10/05 01:59:00.747,230.025,4.29
2025/10/05 01:59:02.135,230.514,4.29
2025/10/05 01:59:03.491,230.998,4.29
2025/10/05 01:59:05.093,231.5,4.29
2025/10/05 01:59:06.448,231.984,4.29
2025/10/05 01:59:07.841,232.533,4.29
2025/10/05 01:59:09.229,233.033,4.29
2025/10/05 01:59:10.755,233.481,4.29
2025/10/05 01:59:12.142,234.011,4.29
2025/10/05 01:59:13.538,234.508,4.29
2025/10/05 01:59:14.905,235.002,4.29
2025/10/05 01:59:16.497,235.508,4.29
2025/10/05 01:59:17.894,235.996,4.29
2025/10/05 01:59:19.273,236.524,4.29
2025/10/05 01:59:20.629,236.993,4.29
2025/10/05 01:59:22.234,237.502,4.29
2025/10/05 01:59:23.592,237.999,4.29
2025/10/05 01:59:24.956,238.523,4.29
2025/10/05 01:59:26.367,238.998,4.29
2025/10/05 01:59:27.823,239.485,4.29
2025/10/05 01:59:29.248,240.001,4.29
2025/10/05 01:59:30.638,240.512,4.29
2025/10/05 01:59:31.993,240.998,4.29
2025/10/05 01:59:33.574,241.52,4.29
2025/10/05 01:59:34.956,241.998,4.29
2025/10/05 01:59:36.321,242.5,4.29
2025/10/05 01:59:37.900,242.984,4.29
2025/10/05 01:59:39.310,243.547,4.29
2025/10/05 01:59:40.658,243.978,4.29
2025/10/05 01:59:42.049,244.522,4.29
2025/10/05 01:59:43.425,245.008,4.29
2025/10/05 01:59:46.382,223.008,11.208
2025/10/05 01:59:47.802,223.942,11.208
2025/10/05 01:59:49.435,225.018,11.208
2025/10/05 01:59:50.844,226.007,11.208
2025/10/05 01:59:52.280,227.001,11.208
2025/10/05 01:59:53.897,228.015,11.208
2025/10/05 01:59:55.331,229.023,11.208
2025/10/05 01:59:56.731,229.976,11.208
2025/10/05 01:59:58.131,231.044,11.208
2025/10/05 01:59:59.769,232.022,11.208
2025/10/05 02:00:01.196,232.956,11.208
2025/10/05 02:00:02.630,233.989,11.208
2025/10/05 02:00:04.007,235.041,11.208
2025/10/05 02:00:05.590,235.988,11.208
2025/10/05 02:00:07.000,237.01,11.208
2025/10/05 02:00:08.419,238.015,11.208
2025/10/05 02:00:10.020,239.012,11.208
2025/10/05 02:00:11.494,239.998,11.208
2025/10/05 02:00:12.895,241.001,11.208
2025/10/05 02:00:14.553,242.009,11.208
2025/10/05 02:00:15.966,243.03,11.208
2025/10/05 02:00:17.374,243.973,11.208
2025/10/05 02:00:18.977,244.992,11.208
2025/10/05 02:00:20.414,246.021,11.208
2025/10/05 02:00:21.814,247.01,11.208
2025/10/05 02:00:23.206,248.013,11.208
2025/10/05 02:00:24.821,249.01,11.208
2025/10/05 02:00:26.208,249.971,11.208
2025/10/05 02:00:27.640,251.039,11.208
2025/10/05 02:00:30.611,227.032,6.784
2025/10/05 02:00:31.961,227.471,6.784
2025/10/05 02:00:33.334,227.99,6.784
2025/10/05 02:00:34.861,228.528,6.784
2025/10/05 02:00:36.218,229.001,6.784
2025/10/05 02:00:37.590,229.501,6.784
2025/10/05 02:00:38.976,230.014,6.784
2025/10/05 02:00:40.550,230.517,6.784
2025/10/05 02:00:41.936,231.014,6.784
2025/10/05 02:00:43.295,231.5,6.784
2025/10/05 02:00:44.693,231.981,6.784
2025/10/05 02:00:46.074,232.522,6.784
2025/10/05 02:00:47.576,233.03,6.784
2025/10/05 02:00:48.966,233.439,6.784
2025/10/05 02:00:50.344,233.991,6.784
2025/10/05 02:00:51.724,234.546,6.784
2025/10/05 02:00:53.290,235.016,6.784
2025/10/05 02:00:54.679,235.483,6.784
2025/10/05 02:00:56.046,236.005,6.784
2025/10/05 02:00:57.395,236.538,6.784
2025/10/05 02:00:59.019,236.966,6.784
2025/10/05 02:01:00.361,237.502,6.784
2025/10/05 02:01:01.765,238.032,6.784
2025/10/05 02:01:03.165,238.474,6.784
2025/10/05 02:01:04.731,239.042,6.784
2025/10/05 02:01:06.103,239.509,6.784
2025/10/05 02:01:07.460,239.995,6.784
2025/10/05 02:01:08.846,240.495,6.784
2025/10/05 02:01:10.255,241.001,6.784
2025/10/05 02:01:11.671,241.514,6.784
2025/10/05 02:01:13.034,241.992,6.784
2025/10/05 02:01:14.413,242.514,6.784
2025/10/05 02:01:15.813,243.017,6.784
2025/10/05 02:01:17.369,243.484,6.784
2025/10/05 02:01:18.752,244.025,6.784
2025/10/05 02:01:20.129,244.5,6.784
2025/10/05 02:01:21.674,245.008,6.784
2025/10/05 02:01:23.112,245.475,6.784
2025/10/05 02:01:24.471,246.043,6.784
2025/10/05 02:01:25.843,246.488,6.784
2025/10/05 02:01:27.203,247.016,6.784
2025/10/05 02:01:30.269,229.05,4.883
2025/10/05 02:01:31.644,229.443,4.883
2025/10/05 02:01:33.049,230.034,4.883
2025/10/05 02:01:34.397,230.503,4.883
2025/10/05 02:01:35.884,231.006,4.883
2025/10/05 02:01:37.250,231.506,4.883
2025/10/05 02:01:38.609,231.997,4.883
2025/10/05 02:01:39.967,232.536,4.883
2025/10/05 02:01:41.538,232.961,4.883
2025/10/05 02:01:42.931,233.497,4.883
2025/10/05 02:01:44.279,234.044,4.883
2025/10/05 02:01:45.611,234.489,4.883
2025/10/05 02:01:47.194,234.991,4.883
2025/10/05 02:01:48.588,235.477,4.883
2025/10/05 02:01:49.963,236.038,4.883
2025/10/05 02:01:51.335,236.516,4.883
2025/10/05 02:01:52.923,236.98,4.883
2025/10/05 02:01:54.312,237.513,4.883
2025/10/05 02:01:55.661,238.007,4.883
2025/10/05 02:01:57.010,238.51,4.883
2025/10/05 02:01:58.386,238.99,4.883
2025/10/05 02:02:00.085,239.496,4.883
2025/10/05 02:02:01.494,240.017,4.883
2025/10/05 02:02:02.905,240.523,4.883
2025/10/05 02:02:04.268,241.012,4.883
2025/10/05 02:02:05.838,241.49,4.883
2025/10/05 02:02:07.259,242.009,4.883
2025/10/05 02:02:08.609,242.52,4.883
2025/10/05 02:02:09.975,243.006,4.883
2025/10/05 02:02:11.582,243.495,4.883
2025/10/05 02:02:12.959,244.0,4.883
2025/10/05 02:02:14.347,244.527,4.883
2025/10/05 02:02:15.907,245.002,4.883
2025/10/05 02:02:18.541,228.982,4.284
2025/10/05 02:02:19.904,229.465,4.284
2025/10/05 02:02:21.525,229.998,4.284
2025/10/05 02:02:22.896,230.506,4.284
2025/10/05 02:02:24.300,231.022,4.284
2025/10/05 02:02:25.641,231.484,4.284
2025/10/05 02:02:27.225,232.014,4.284
2025/10/05 02:02:28.617,232.503,4.284
2025/10/05 02:02:29.981,233.016,4.284
2025/10/05 02:02:31.355,233.505,4.284
2025/10/05 02:02:32.963,233.986,4.284
2025/10/05 02:02:34.361,234.524,4.284
2025/10/05 02:02:35.738,234.999,4.284
2025/10/05 02:02:37.117,235.497,4.284
2025/10/05 02:02:38.487,235.999,4.284
2025/10/05 02:02:39.889,236.507,4.284
2025/10/05 02:02:41.260,237.004,4.284
2025/10/05 02:02:42.631,237.526,4.284
2025/10/05 02:02:44.012,237.99,4.284
2025/10/05 02:02:45.594,238.499,4.284
2025/10/05 02:02:46.973,238.996,4.284
2025/10/05 02:02:48.339,239.518,4.284
2025/10/05 02:02:49.685,240.009,4.284
2025/10/05 02:02:51.261,240.49,4.284
2025/10/05 02:02:52.633,241.028,4.284
2025/10/05 02:02:54.017,241.506,4.284
2025/10/05 02:02:55.421,242.011,4.284
2025/10/05 02:02:56.973,242.498,4.284
2025/10/05 02:02:58.392,242.984,4.284
2025/10/05 02:02:59.761,243.536,4.284
2025/10/05 02:03:01.154,243.992,4.284
2025/10/05 02:03:02.493,244.511,4.284
2025/10/05 02:03:03.903,245.011,4.284
2025/10/05 02:03:07.195,223.033,11.211
2025/10/05 02:03:08.602,223.936,11.211
2025/10/05 02:03:10.069,225.018,11.211
2025/10/05 02:03:11.503,226.002,11.211
2025/10/05 02:03:13.109,227.007,11.211
2025/10/05 02:03:14.519,228.009,11.211
2025/10/05 02:03:15.935,229.023,11.211
2025/10/05 02:03:17.600,230.003,11.211
2025/10/05 02:03:19.033,230.987,11.211
2025/10/05 02:03:20.467,232.011,11.211
2025/10/05 02:03:22.074,233.008,11.211
2025/10/05 02:03:23.522,234.016,11.211
2025/10/05 02:03:24.937,234.991,11.211
2025/10/05 02:03:26.544,235.988,11.211
2025/10/05 02:03:27.960,236.996,11.211
2025/10/05 02:03:29.373,238.01,11.211
2025/10/05 02:03:31.018,239.015,11.211
2025/10/05 02:03:32.453,239.99,11.211
2025/10/05 02:03:33.856,241.009,11.211
2025/10/05 02:03:35.266,241.987,11.211
2025/10/05 02:03:36.901,243.008,11.211
2025/10/05 02:03:38.372,243.997,11.211
2025/10/05 02:03:39.785,245.011,11.211
2025/10/05 02:03:41.363,246.0,11.211
2025/10/05 02:03:42.803,247.01,11.211
2025/10/05 02:03:44.186,248.007,11.211
2025/10/05 02:03:45.812,249.007,11.211
2025/10/05 02:03:47.246,249.988,11.211
2025/10/05 02:03:48.669,251.023,11.211
2025/10/05 02:03:51.740,227.043,6.781
2025/10/05 02:03:53.145,227.444,6.781
2025/10/05 02:03:54.557,228.02,6.781
2025/10/05 02:03:56.138,228.504,6.781
2025/10/05 02:03:57.516,229.012,6.781
2025/10/05 02:03:58.901,229.509,6.781
2025/10/05 02:04:00.239,230.012,6.781
2025/10/05 02:04:01.846,230.498,6.781
2025/10/05 02:04:03.202,231.003,6.781
2025/10/05 02:04:04.577,231.511,6.781
2025/10/05 02:04:05.958,232.006,6.781
2025/10/05 02:04:07.322,232.497,6.781
2025/10/05 02:04:08.884,233.019,6.781
2025/10/05 02:04:10.257,233.5,6.781
2025/10/05 02:04:11.618,233.986,6.781
2025/10/05 02:04:12.994,234.48,6.781
2025/10/05 02:04:14.570,235.041,6.781
2025/10/05 02:04:15.945,235.497,6.781
2025/10/05 02:04:17.329,235.994,6.781
2025/10/05 02:04:18.700,236.51,6.781
2025/10/05 02:04:20.228,237.004,6.781
2025/10/05 02:04:21.650,237.507,6.781
2025/10/05 02:04:23.041,237.979,6.781
2025/10/05 02:04:24.390,238.548,6.781
2025/10/05 02:04:25.946,238.987,6.781
2025/10/05 02:04:27.348,239.485,6.781
2025/10/05 02:04:28.747,239.993,6.781
2025/10/05 02:04:30.096,240.534,6.781
2025/10/05 02:04:31.632,241.02,6.781
2025/10/05 02:04:33.039,241.506,6.781
2025/10/05 02:04:34.440,241.959,6.781
2025/10/05 02:04:36.028,242.531,6.781
2025/10/05 02:04:37.408,242.987,6.781
2025/10/05 02:04:38.776,243.528,6.781
2025/10/05 02:04:40.152,244.036,6.781
2025/10/05 02:04:41.771,244.459,6.781
2025/10/05 02:04:43.198,245.033,6.781
2025/10/05 02:04:44.585,245.511,6.781
2025/10/05 02:04:45.952,246.0,6.781
2025/10/05 02:04:47.333,246.491,6.781
2025/10/05 02:04:48.749,247.002,6.781
2025/10/05 02:04:51.425,229.053,4.883
2025/10/05 02:04:52.949,229.462,4.883
2025/10/05 02:04:54.348,230.014,4.883
2025/10/05 02:04:55.734,230.498,4.883
2025/10/05 02:04:57.090,231.006,4.883
2025/10/05 02:04:58.674,231.52,4.883
2025/10/05 02:05:00.048,232.006,4.883
2025/10/05 02:05:01.416,232.508,4.883
2025/10/05 02:05:02.784,233.019,4.883
2025/10/05 02:05:04.384,233.516,4.883
2025/10/05 02:05:05.775,233.972,4.883
2025/10/05 02:05:07.160,234.502,4.883
2025/10/05 02:05:08.531,234.999,4.883
2025/10/05 02:05:10.105,235.53,4.883
2025/10/05 02:05:11.498,235.988,4.883
2025/10/05 02:05:12.864,236.54,4.883
2025/10/05 02:05:14.243,237.002,4.883
2025/10/05 02:05:15.662,237.482,4.883
2025/10/05 02:05:17.025,238.015,4.883
2025/10/05 02:05:18.398,238.507,4.883
2025/10/05 02:05:19.759,238.985,4.883
2025/10/05 02:05:21.136,239.523,4.883
2025/10/05 02:05:22.716,239.99,4.883
2025/10/05 02:05:24.094,240.526,4.883
2025/10/05 02:05:25.458,241.001,4.883
2025/10/05 02:05:27.014,241.512,4.883
2025/10/05 02:05:28.407,241.992,4.883
2025/10/05 02:05:29.753,242.531,4.883
2025/10/05 02:05:31.124,242.97,4.883
2025/10/05 02:05:32.496,243.528,4.883
2025/10/05 02:05:33.981,243.984,4.883
2025/10/05 02:05:35.362,244.53,4.883
2025/10/05 02:05:36.738,244.978,4.883
2025/10/05 02:05:39.661,229.037,4.287
2025/10/05 02:05:41.067,229.465,4.287
2025/10/05 02:05:42.424,230.036,4.287
2025/10/05 02:05:43.801,230.473,4.287
2025/10/05 02:05:45.179,231.022,4.287
2025/10/05 02:05:46.739,231.547,4.287
2025/10/05 02:05:48.170,231.97,4.287
2025/10/05 02:05:49.539,232.475,4.287
2025/10/05 02:05:51.090,233.047,4.287
2025/10/05 02:05:52.493,233.533,4.287
2025/10/05 02:05:53.835,234.0,4.287
2025/10/05 02:05:55.227,234.502,4.287
2025/10/05 02:05:56.844,235.032,4.287
2025/10/05 02:05:58.247,235.466,4.287
2025/10/05 02:05:59.620,236.021,4.287
2025/10/05 02:06:00.984,236.455,4.287
2025/10/05 02:06:02.359,237.048,4.287
2025/10/05 02:06:03.793,237.491,4.287
2025/10/05 02:06:05.175,237.988,4.287
2025/10/05 02:06:06.534,238.543,4.287
2025/10/05 02:06:07.927,238.993,4.287
2025/10/05 02:06:09.505,239.501,4.287
2025/10/05 02:06:10.918,240.009,4.287
2025/10/05 02:06:12.295,240.487,4.287
2025/10/05 02:06:13.865,241.014,4.287
2025/10/05 02:06:15.243,241.509,4.287
2025/10/05 02:06:16.609,242.006,4.287
2025/10/05 02:06:18.016,242.514,4.287
2025/10/05 02:06:19.389,242.978,4.287
2025/10/05 02:06:20.801,243.525,4.287
2025/10/05 02:06:22.177,244.016,4.287
2025/10/05 02:06:23.591,244.489,4.287
2025/10/05 02:06:24.966,244.994,4.287
2025/10/05 02:06:28.300,223.044,11.208
2025/10/05 02:06:29.939,223.939,11.208
2025/10/05 02:06:31.409,224.996,11.208
2025/10/05 02:06:32.851,226.032,11.208
2025/10/05 02:06:34.460,227.012,11.208
2025/10/05 02:06:35.888,227.976,11.208
2025/10/05 02:06:37.291,229.039,11.208
2025/10/05 02:06:38.907,229.998,11.208
2025/10/05 02:06:40.327,231.0,11.208
2025/10/05 02:06:41.737,231.975,11.208
2025/10/05 02:06:43.136,233.022,11.208
2025/10/05 02:06:44.738,234.013,11.208
2025/10/05 02:06:46.164,234.983,11.208
2025/10/05 02:06:47.564,236.01,11.208
2025/10/05 02:06:49.180,237.035,11.208
2025/10/05 02:06:50.608,238.023,11.208
2025/10/05 02:06:52.002,238.979,11.208
2025/10/05 02:06:53.621,240.004,11.208
2025/10/05 02:06:55.054,241.023,11.208
2025/10/05 02:06:56.464,242.014,11.208
2025/10/05 02:06:58.084,243.022,11.208
2025/10/05 02:06:59.483,243.989,11.208
2025/10/05 02:07:00.910,245.011,11.208
2025/10/05 02:07:02.321,246.016,11.208
2025/10/05 02:07:03.770,247.005,11.208
2025/10/05 02:07:05.174,247.988,11.208
2025/10/05 02:07:06.592,249.002,11.208
2025/10/05 02:07:08.231,250.004,11.208
2025/10/05 02:07:09.693,251.015,11.208
2025/10/05 02:07:12.699,227.034,6.784
2025/10/05 02:07:14.097,227.499,6.784
2025/10/05 02:07:15.453,227.996,6.784
2025/10/05 02:07:16.857,228.496,6.784
2025/10/05 02:07:18.453,229.006,6.784
2025/10/05 02:07:19.873,229.509,6.784
2025/10/05 02:07:21.242,230.017,6.784
2025/10/05 02:07:22.607,230.479,6.784
2025/10/05 02:07:24.200,231.028,6.784
2025/10/05 02:07:25.559,231.506,6.784
2025/10/05 02:07:26.934,231.986,6.784
2025/10/05 02:07:28.313,232.517,6.784
2025/10/05 02:07:29.899,232.997,6.784
2025/10/05 02:07:31.238,233.494,6.784
2025/10/05 02:07:32.624,234.013,6.784
2025/10/05 02:07:34.014,234.497,6.784
2025/10/05 02:07:35.396,235.013,6.784
2025/10/05 02:07:36.805,235.502,6.784
2025/10/05 02:07:38.199,236.007,6.784
2025/10/05 02:07:39.547,236.491,6.784
2025/10/05 02:07:40.940,236.999,6.784
2025/10/05 02:07:42.540,237.48,6.784
2025/10/05 02:07:43.928,237.996,6.784
2025/10/05 02:07:45.302,238.521,6.784
2025/10/05 02:07:46.659,239.004,6.784
2025/10/05 02:07:48.281,239.507,6.784
2025/10/05 02:07:49.636,240.028,6.784
2025/10/05 02:07:51.015,240.504,6.784
2025/10/05 02:07:52.410,240.998,6.784
2025/10/05 02:07:53.961,241.536,6.784
2025/10/05 02:07:55.359,241.987,6.784
2025/10/05 02:07:56.718,242.525,6.784
2025/10/05 02:07:58.073,242.981,6.784
2025/10/05 02:07:59.435,243.517,6.784
2025/10/05 02:08:00.831,243.992,6.784
2025/10/05 02:08:02.210,244.486,6.784
2025/10/05 02:08:03.585,245.03,6.784
2025/10/05 02:08:04.971,245.475,6.784
2025/10/05 02:08:06.524,246.016,6.784
2025/10/05 02:08:07.931,246.513,6.784
2025/10/05 02:08:09.284,246.994,6.784
2025/10/05 02:08:12.246,229.056,4.888
2025/10/05 02:08:13.614,229.471,4.888
2025/10/05 02:08:14.995,229.992,4.888
2025/10/05 02:08:16.362,230.517,4.888
2025/10/05 02:08:17.732,231.014,4.888
2025/10/05 02:08:19.094,231.506,4.888
2025/10/05 02:08:20.468,232.03,4.888
2025/10/05 02:08:21.848,232.459,4.888
2025/10/05 02:08:23.478,232.997,4.888
2025/10/05 02:08:24.864,233.514,4.888
2025/10/05 02:08:26.236,233.991,4.888
2025/10/05 02:08:27.607,234.524,4.888
2025/10/05 02:08:29.007,234.98,4.888
2025/10/05 02:08:30.556,235.508,4.888
2025/10/05 02:08:31.934,236.018,4.888
2025/10/05 02:08:33.319,236.491,4.888
2025/10/05 02:08:34.687,236.996,4.888
2025/10/05 02:08:36.275,237.524,4.888
2025/10/05 02:08:37.665,238.004,4.888
2025/10/05 02:08:39.056,238.504,4.888
2025/10/05 02:08:40.424,239.012,4.888
2025/10/05 02:08:41.774,239.49,4.888
2025/10/05 02:08:43.327,240.053,4.888
2025/10/05 02:08:44.729,240.457,4.888
2025/10/05 02:08:46.095,241.028,4.888
2025/10/05 02:08:47.492,241.506,4.888
2025/10/05 02:08:49.037,241.995,4.888
2025/10/05 02:08:50.409,242.511,4.888
2025/10/05 02:08:51.787,242.992,4.888
2025/10/05 02:08:53.170,243.506,4.888
2025/10/05 02:08:54.769,244.014,4.888
2025/10/05 02:08:56.141,244.514,4.888
2025/10/05 02:08:57.501,245.024,4.888
2025/10/05 02:09:00.362,229.059,4.287
2025/10/05 02:09:01.753,229.46,4.287
2025/10/05 02:09:03.110,230.006,4.287
2025/10/05 02:09:04.477,230.514,4.287
2025/10/05 02:09:06.126,231.017,4.287
2025/10/05 02:09:07.519,231.492,4.287
2025/10/05 02:09:08.906,231.981,4.287
2025/10/05 02:09:10.265,232.528,4.287
2025/10/05 02:09:11.634,232.975,4.287
2025/10/05 02:09:13.065,233.547,4.287
2025/10/05 02:09:14.432,233.983,4.287
2025/10/05 02:09:15.802,234.533,4.287
2025/10/05 02:09:17.189,234.986,4.287
2025/10/05 02:09:18.739,235.546,4.287
2025/10/05 02:09:20.144,235.985,4.287
2025/10/05 02:09:21.522,236.51,4.287
2025/10/05 02:09:23.090,236.98,4.287
2025/10/05 02:09:24.484,237.513,4.287
2025/10/05 02:09:25.856,237.999,4.287
2025/10/05 02:09:27.251,238.501,4.287
2025/10/05 02:09:28.646,239.009,4.287
2025/10/05 02:09:30.067,239.476,4.287
2025/10/05 02:09:31.440,240.012,4.287
2025/10/05 02:09:32.833,240.49,4.287
2025/10/05 02:09:34.197,241.012,4.287
2025/10/05 02:09:35.815,241.52,4.287
2025/10/05 02:09:37.189,242.009,4.287
2025/10/05 02:09:38.570,242.484,4.287
2025/10/05 02:09:40.139,243.003,4.287
2025/10/05 02:09:41.548,243.5,4.287
2025/10/05 02:09:42.910,244.025,4.287
2025/10/05 02:09:44.289,244.489,4.287
2025/10/05 02:09:45.679,245.068,4.287
2025/10/05 02:09:48.607,223.035,11.206
2025/10/05 02:09:50.254,223.911,11.206
2025/10/05 02:09:51.693,225.032,11.206
2025/10/05 02:09:53.097,226.01,11.206
2025/10/05 02:09:54.729,227.012,11.206
2025/10/05 02:09:56.167,227.987,11.206
2025/10/05 02:09:57.590,228.995,11.206
2025/10/05 02:09:59.189,230.014,11.206
2025/10/05 02:10:00.612,230.992,11.206
2025/10/05 02:10:02.039,231.989,11.206
2025/10/05 02:10:03.472,233.038,11.206
2025/10/05 02:10:05.100,234.005,11.206
2025/10/05 02:10:06.535,234.98,11.206
2025/10/05 02:10:07.981,236.01,11.206
2025/10/05 02:10:09.603,237.032,11.206
2025/10/05 02:10:11.028,237.979,11.206
2025/10/05 02:10:12.426,239.012,11.206
2025/10/05 02:10:14.018,239.99,11.206
2025/10/05 02:10:15.420,241.02,11.206
2025/10/05 02:10:16.835,241.995,11.206
2025/10/05 02:10:18.234,243.006,11.206
2025/10/05 02:10:19.867,244.041,11.206
2025/10/05 02:10:21.276,244.972,11.206
2025/10/05 02:10:22.716,246.03,11.206
2025/10/05 02:10:24.294,246.953,11.206
2025/10/05 02:10:25.758,248.037,11.206
2025/10/05 02:10:27.170,248.977,11.206
2025/10/05 02:10:28.779,250.04,11.206
2025/10/05 02:10:30.216,250.982,11.206
2025/10/05 02:10:33.276,227.023,6.781
2025/10/05 02:10:34.677,227.457,6.781
2025/10/05 02:10:36.071,228.018,6.781
2025/10/05 02:10:37.435,228.501,6.781
2025/10/05 02:10:39.013,228.976,6.781
2025/10/05 02:10:40.390,229.539,6.781
2025/10/05 02:10:41.749,229.968,6.781
2025/10/05 02:10:43.141,230.525,6.781
2025/10/05 02:10:44.722,230.987,6.781
2025/10/05 02:10:46.099,231.514,6.781
2025/10/05 02:10:47.479,231.989,6.781
2025/10/05 02:10:48.883,232.514,6.781
2025/10/05 02:10:50.460,233.003,6.781
2025/10/05 02:10:51.841,233.519,6.781
2025/10/05 02:10:53.215,233.994,6.781
2025/10/05 02:10:54.609,234.516,6.781
2025/10/05 02:10:56.112,234.997,6.781
2025/10/05 02:10:57.516,235.519,6.781
2025/10/05 02:10:58.891,236.01,6.781
2025/10/05 02:11:00.235,236.513,6.781
2025/10/05 02:11:01.809,237.015,6.781
2025/10/05 02:11:03.217,237.482,6.781
2025/10/05 02:11:04.593,238.004,6.781
2025/10/05 02:11:06.177,238.504,6.781
2025/10/05 02:11:07.573,239.026,6.781
2025/10/05 02:11:08.916,239.509,6.781
2025/10/05 02:11:10.314,239.965,6.781
2025/10/05 02:11:11.711,240.537,6.781
2025/10/05 02:11:13.111,240.982,6.781
2025/10/05 02:11:14.501,241.528,6.781
2025/10/05 02:11:15.894,241.954,6.781
2025/10/05 02:11:17.272,242.511,6.781
2025/10/05 02:11:18.877,243.069,6.781
2025/10/05 02:11:20.221,243.473,6.781
2025/10/05 02:11:21.594,244.005,6.781
2025/10/05 02:11:23.153,244.591,6.781
2025/10/05 02:11:24.576,244.983,6.781
2025/10/05 02:11:25.942,245.508,6.781
2025/10/05 02:11:27.307,245.986,6.781
2025/10/05 02:11:28.674,246.513,6.781
2025/10/05 02:11:30.249,247.002,6.781
2025/10/05 02:11:32.907,229.039,4.883
2025/10/05 02:11:34.302,229.482,4.883
2025/10/05 02:11:35.687,229.962,4.883
2025/10/05 02:11:37.124,230.542,4.883
2025/10/05 02:11:38.477,231.031,4.883
2025/10/05 02:11:39.882,231.492,4.883
2025/10/05 02:11:41.227,232.05,4.883
2025/10/05 02:11:42.610,232.473,4.883
2025/10/05 02:11:43.987,233.008,4.883
2025/10/05 02:11:45.354,233.533,4.883
2025/10/05 02:11:46.732,233.972,4.883
2025/10/05 02:11:48.416,234.527,4.883
2025/10/05 02:11:49.804,234.991,4.883
2025/10/05 02:11:51.166,235.499,4.883
2025/10/05 02:11:52.538,235.994,4.883
2025/10/05 02:11:54.223,236.518,4.883
2025/10/05 02:11:55.597,236.977,4.883
2025/10/05 02:11:56.977,237.529,4.883
2025/10/05 02:11:58.337,238.001,4.883
2025/10/05 02:11:59.727,238.496,4.883
2025/10/05 02:12:01.157,239.009,4.883
2025/10/05 02:12:02.498,239.531,4.883
2025/10/05 02:12:03.870,239.995,4.883
2025/10/05 02:12:05.263,240.504,4.883
2025/10/05 02:12:06.853,241.014,4.883
2025/10/05 02:12:08.240,241.481,4.883
2025/10/05 02:12:09.604,242.014,4.883
2025/10/05 02:12:11.171,242.5,4.883
2025/10/05 02:12:12.585,243.008,4.883
2025/10/05 02:12:13.992,243.495,4.883
2025/10/05 02:12:15.373,244.011,4.883
2025/10/05 02:12:16.750,244.492,4.883
2025/10/05 02:12:18.350,245.008,4.883
2025/10/05 02:12:20.921,229.02,4.287
2025/10/05 02:12:22.318,229.438,4.287
2025/10/05 02:12:23.684,230.031,4.287
2025/10/05 02:12:25.265,230.487,4.287
2025/10/05 02:12:26.625,231.02,4.287
2025/10/05 02:12:28.022,231.498,4.287
2025/10/05 02:12:29.396,232.03,4.287
2025/10/05 02:12:30.751,232.508,4.287
2025/10/05 02:12:32.178,232.975,4.287
2025/10/05 02:12:33.546,233.514,4.287
2025/10/05 02:12:34.905,234.024,4.287
2025/10/05 02:12:36.268,234.486,4.287
2025/10/05 02:12:37.831,235.01,4.287
2025/10/05 02:12:39.218,235.499,4.287
2025/10/05 02:12:40.597,236.005,4.287
2025/10/05 02:12:41.965,236.513,4.287
2025/10/05 02:12:43.629,237.004,4.287
2025/10/05 02:12:45.038,237.507,4.287
2025/10/05 02:12:46.433,237.958,4.287
2025/10/05 02:12:47.779,238.551,4.287
2025/10/05 02:12:49.323,239.001,4.287
2025/10/05 02:12:50.719,239.501,4.287
2025/10/05 02:12:52.090,240.015,4.287
2025/10/05 02:12:53.453,240.495,4.287
2025/10/05 02:12:55.023,241.014,4.287
2025/10/05 02:12:56.412,241.487,4.287
2025/10/05 02:12:57.809,242.017,4.287
2025/10/05 02:12:59.212,242.525,4.287
2025/10/05 02:13:00.570,243.019,4.287
2025/10/05 02:13:02.259,243.495,4.287
2025/10/05 02:13:03.647,243.975,4.287
2025/10/05 02:13:05.015,244.527,4.287
2025/10/05 02:13:06.412,245.005,4.287
2025/10/05 02:13:09.494,223.044,11.208
2025/10/05 02:13:10.904,223.936,11.208
2025/10/05 02:13:12.521,225.016,11.208
2025/10/05 02:13:13.929,225.993,11.208
2025/10/05 02:13:15.338,227.023,11.208
2025/10/05 02:13:16.722,227.982,11.208
2025/10/05 02:13:18.207,229.012,11.208
2025/10/05 02:13:19.608,230.014,11.208
2025/10/05 02:13:21.001,231.017,11.208
2025/10/05 02:13:22.612,231.978,11.208
2025/10/05 02:13:24.057,232.97,11.208
2025/10/05 02:13:25.471,234.0,11.208
2025/10/05 02:13:27.040,235.035,11.208
2025/10/05 02:13:28.474,236.007,11.208
2025/10/05 02:13:29.878,237.007,11.208
2025/10/05 02:13:31.255,237.999,11.208
2025/10/05 02:13:32.893,239.007,11.208
2025/10/05 02:13:34.297,240.006,11.208
2025/10/05 02:13:35.753,241.039,11.208
2025/10/05 02:13:37.131,241.976,11.208
2025/10/05 02:13:38.733,243.017,11.208
2025/10/05 02:13:40.151,244.005,11.208
2025/10/05 02:13:41.595,244.994,11.208
2025/10/05 02:13:42.983,246.013,11.208
2025/10/05 02:13:44.618,246.988,11.208
2025/10/05 02:13:46.037,247.994,11.208
2025/10/05 02:13:47.484,248.988,11.208
2025/10/05 02:13:48.933,250.026,11.208
2025/10/05 02:13:50.345,251.018,11.208
2025/10/05 02:13:53.168,227.048,6.781
2025/10/05 02:13:54.734,227.488,6.781
2025/10/05 02:13:56.121,227.996,6.781
2025/10/05 02:13:57.489,228.485,6.781
2025/10/05 02:13:58.867,229.048,6.781
2025/10/05 02:14:00.451,229.479,6.781
2025/10/05 02:14:01.828,229.981,6.781
2025/10/05 02:14:03.224,230.531,6.781
2025/10/05 02:14:04.614,231.02,6.781
2025/10/05 02:14:06.139,231.5,6.781
2025/10/05 02:14:07.521,231.989,6.781
2025/10/05 02:14:08.861,232.536,6.781
2025/10/05 02:14:10.232,232.989,6.781
2025/10/05 02:14:11.573,233.492,6.781
2025/10/05 02:14:13.149,233.983,6.781
2025/10/05 02:14:14.536,234.549,6.781
2025/10/05 02:14:15.935,234.986,6.781
2025/10/05 02:14:17.289,235.541,6.781
2025/10/05 02:14:18.911,235.985,6.781
2025/10/05 02:14:20.275,236.513,6.781
2025/10/05 02:14:21.666,236.999,6.781
2025/10/05 02:14:23.238,237.51,6.781
2025/10/05 02:14:24.628,237.979,6.781
2025/10/05 02:14:26.030,238.518,6.781
2025/10/05 02:14:27.383,239.015,6.781
2025/10/05 02:14:28.753,239.501,6.781
2025/10/05 02:14:30.409,240.006,6.781
2025/10/05 02:14:31.783,240.506,6.781
2025/10/05 02:14:33.144,240.995,6.781
2025/10/05 02:14:34.500,241.514,6.781
2025/10/05 02:14:35.946,241.998,6.781
2025/10/05 02:14:37.344,242.503,6.781
2025/10/05 02:14:38.699,243.008,6.781
2025/10/05 02:14:40.074,243.506,6.781
2025/10/05 02:14:41.675,243.992,6.781
2025/10/05 02:14:43.079,244.508,6.781
2025/10/05 02:14:44.464,245.027,6.781
2025/10/05 02:14:45.805,245.505,6.781
2025/10/05 02:14:47.391,245.972,6.781
2025/10/05 02:14:48.771,246.524,6.781
2025/10/05 02:14:50.166,246.991,6.781
2025/10/05 02:14:52.917,229.034,4.883
2025/10/05 02:14:54.312,229.479,4.883
2025/10/05 02:14:55.708,229.976,4.883
2025/10/05 02:14:57.147,230.52,4.883
2025/10/05 02:14:58.693,231.017,4.883
2025/10/05 02:15:00.121,231.506,4.883
2025/10/05 02:15:01.485,232.0,4.883
2025/10/05 02:15:02.850,232.508,4.883
2025/10/05 02:15:04.433,232.989,4.883
2025/10/05 02:15:05.820,233.525,4.883
2025/10/05 02:15:07.222,233.994,4.883
2025/10/05 02:15:08.579,234.511,4.883
2025/10/05 02:15:09.971,235.005,4.883
2025/10/05 02:15:11.353,235.53,4.883
2025/10/05 02:15:12.709,236.005,4.883
2025/10/05 02:15:14.076,236.491,4.883
2025/10/05 02:15:15.435,236.996,4.883
2025/10/05 02:15:17.027,237.482,4.883
2025/10/05 02:15:18.430,238.029,4.883
2025/10/05 02:15:19.790,238.479,4.883
2025/10/05 02:15:21.390,239.029,4.883
2025/10/05 02:15:22.759,239.512,4.883
2025/10/05 02:15:24.118,239.984,4.883
2025/10/05 02:15:25.475,240.515,4.883
2025/10/05 02:15:26.880,241.012,4.883
2025/10/05 02:15:28.308,241.509,4.883
2025/10/05 02:15:29.673,241.992,4.883
2025/10/05 02:15:31.048,242.536,4.883
2025/10/05 02:15:32.439,242.992,4.883
2025/10/05 02:15:34.012,243.517,4.883
2025/10/05 02:15:35.403,243.981,4.883
2025/10/05 02:15:36.796,244.516,4.883
2025/10/05 02:15:38.361,244.989,4.883
2025/10/05 02:15:40.946,229.012,4.284
2025/10/05 02:15:42.313,229.46,4.284
2025/10/05 02:15:43.695,230.014,4.284
2025/10/05 02:15:45.341,230.514,4.284
2025/10/05 02:15:46.740,231.003,4.284
2025/10/05 02:15:48.130,231.506,4.284
2025/10/05 02:15:49.520,232.006,4.284
2025/10/05 02:15:50.915,232.495,4.284
2025/10/05 02:15:52.309,233.003,4.284
2025/10/05 02:15:53.686,233.525,4.284
2025/10/05 02:15:55.058,233.967,4.284
2025/10/05 02:15:56.457,234.533,4.284
2025/10/05 02:15:58.078,234.994,4.284
2025/10/05 02:15:59.486,235.502,4.284
2025/10/05 02:16:00.846,235.994,4.284
2025/10/05 02:16:02.212,236.524,4.284
2025/10/05 02:16:03.769,236.993,4.284
2025/10/05 02:16:05.144,237.513,4.284
2025/10/05 02:16:06.526,238.012,4.284
2025/10/05 02:16:07.893,238.499,4.284
2025/10/05 02:16:09.487,239.012,4.284
2025/10/05 02:16:10.883,239.501,4.284
2025/10/05 02:16:12.267,239.974,4.284
2025/10/05 02:16:13.630,240.545,4.284
2025/10/05 02:16:15.203,241.036,4.284
2025/10/05 02:16:16.590,241.501,4.284
2025/10/05 02:16:17.973,242.003,4.284
2025/10/05 02:16:19.312,242.484,4.284
2025/10/05 02:16:20.897,243.014,4.284
2025/10/05 02:16:22.260,243.503,4.284
2025/10/05 02:16:23.640,244.008,4.284
2025/10/05 02:16:25.022,244.508,4.284
2025/10/05 02:16:26.617,245.008,4.284
2025/10/05 02:16:29.508,223.049,11.206
2025/10/05 02:16:31.005,223.969,11.206
2025/10/05 02:16:32.419,224.966,11.206
2025/10/05 02:16:33.859,226.002,11.206
2025/10/05 02:16:35.285,227.01,11.206
2025/10/05 02:16:36.962,228.018,11.206
2025/10/05 02:16:38.375,229.02,11.206
2025/10/05 02:16:39.788,229.981,11.206
2025/10/05 02:16:41.209,230.992,11.206
2025/10/05 02:16:42.804,232.039,11.206
2025/10/05 02:16:44.227,233.005,11.206
2025/10/05 02:16:45.633,233.997,11.206
2025/10/05 02:16:47.231,235.002,11.206
2025/10/05 02:16:48.652,236.005,11.206
2025/10/05 02:16:50.077,237.013,11.206
2025/10/05 02:16:51.492,237.988,11.206
2025/10/05 02:16:53.119,239.029,11.206
2025/10/05 02:16:54.502,239.987,11.206
2025/10/05 02:16:55.916,240.99,11.206
2025/10/05 02:16:57.491,242.006,11.206
2025/10/05 02:16:58.929,243.058,11.206
2025/10/05 02:17:00.346,243.97,11.206
2025/10/05 02:17:01.984,245.022,11.206
2025/10/05 02:17:03.400,245.994,11.206
2025/10/05 02:17:04.783,247.005,11.206
2025/10/05 02:17:06.414,247.983,11.206
2025/10/05 02:17:07.816,249.051,11.206
2025/10/05 02:17:09.223,249.955,11.206
2025/10/05 02:17:10.626,251.023,11.206
2025/10/05 02:17:13.670,227.037,6.781
2025/10/05 02:17:15.039,227.496,6.781
2025/10/05 02:17:16.430,227.957,6.781
2025/10/05 02:17:18.000,228.52,6.781
2025/10/05 02:17:19.407,229.031,6.781
2025/10/05 02:17:20.776,229.482,6.781
2025/10/05 02:17:22.380,230.014,6.781
2025/10/05 02:17:23.764,230.506,6.781
2025/10/05 02:17:25.146,231.006,6.781
2025/10/05 02:17:26.508,231.525,6.781
2025/10/05 02:17:27.920,231.973,6.781
2025/10/05 02:17:29.516,232.555,6.781
2025/10/05 02:17:30.890,232.989,6.781
2025/10/05 02:17:32.269,233.511,6.781
2025/10/05 02:17:33.621,234.019,6.781
2025/10/05 02:17:35.024,234.491,6.781
2025/10/05 02:17:36.413,234.958,6.781
2025/10/05 02:17:37.780,235.582,6.781
2025/10/05 02:17:39.159,235.983,6.781
2025/10/05 02:17:40.731,236.51,6.781
2025/10/05 02:17:42.126,236.985,6.781
2025/10/05 02:17:43.525,237.504,6.781
2025/10/05 02:17:44.886,238.01,6.781
2025/10/05 02:17:46.481,238.507,6.781
2025/10/05 02:17:47.862,238.99,6.781
2025/10/05 02:17:49.235,239.504,6.781
2025/10/05 02:17:50.606,239.987,6.781
2025/10/05 02:17:52.024,240.534,6.781
2025/10/05 02:17:53.414,241.012,6.781
2025/10/05 02:17:54.773,241.503,6.781
2025/10/05 02:17:56.131,241.998,6.781
2025/10/05 02:17:57.745,242.514,6.781
2025/10/05 02:17:59.132,243.011,6.781
2025/10/05 02:18:00.514,243.508,6.781
2025/10/05 02:18:01.871,244.0,6.781
2025/10/05 02:18:03.471,244.489,6.781
2025/10/05 02:18:04.865,245.016,6.781
2025/10/05 02:18:06.227,245.505,6.781
2025/10/05 02:18:07.598,245.991,6.781
2025/10/05 02:18:09.201,246.519,6.781
2025/10/05 02:18:10.585,246.997,6.781
2025/10/05 02:18:13.316,229.015,4.88
2025/10/05 02:18:14.683,229.465,4.88
2025/10/05 02:18:16.242,229.99,4.88
2025/10/05 02:18:17.666,230.512,4.88
2025/10/05 02:18:19.035,231.028,4.88
2025/10/05 02:18:20.400,231.489,4.88
2025/10/05 02:18:22.023,232.039,4.88
2025/10/05 02:18:23.389,232.497,4.88
2025/10/05 02:18:24.787,233.003,4.88
2025/10/05 02:18:26.358,233.492,4.88
2025/10/05 02:18:27.766,234.008,4.88
2025/10/05 02:18:29.148,234.513,4.88
2025/10/05 02:18:30.504,234.991,4.88
2025/10/05 02:18:31.883,235.513,4.88
2025/10/05 02:18:33.461,235.999,4.88
2025/10/05 02:18:34.886,236.502,4.88
2025/10/05 02:18:36.218,237.026,4.88
2025/10/05 02:18:37.604,237.499,4.88
2025/10/05 02:18:39.167,238.01,4.88
2025/10/05 02:18:40.588,238.49,4.88
2025/10/05 02:18:41.966,238.979,4.88
2025/10/05 02:18:43.324,239.504,4.88
2025/10/05 02:18:44.694,240.02,4.88
2025/10/05 02:18:46.248,240.509,4.88
2025/10/05 02:18:47.642,240.995,4.88
2025/10/05 02:18:49.051,241.492,4.88
2025/10/05 02:18:50.420,242.022,4.88
2025/10/05 02:18:51.995,242.509,4.88
2025/10/05 02:18:53.372,243.0,4.88
2025/10/05 02:18:54.761,243.489,4.88
2025/10/05 02:18:56.133,244.014,4.88
2025/10/05 02:18:57.699,244.505,4.88
2025/10/05 02:18:59.077,245.011,4.88
2025/10/05 02:19:01.592,229.048,4.287
2025/10/05 02:19:03.029,229.457,4.287
2025/10/05 02:19:04.423,229.976,4.287
2025/10/05 02:19:05.781,230.536,4.287
2025/10/05 02:19:07.142,231.0,4.287
2025/10/05 02:19:08.536,231.445,4.287
2025/10/05 02:19:10.137,232.058,4.287
2025/10/05 02:19:11.470,232.503,4.287
2025/10/05 02:19:12.864,233.014,4.287
2025/10/05 02:19:14.410,233.522,4.287
2025/10/05 02:19:15.792,234.008,4.287
2025/10/05 02:19:17.208,234.447,4.287
2025/10/05 02:19:18.565,235.019,4.287
2025/10/05 02:19:19.939,235.51,4.287
2025/10/05 02:19:21.360,235.996,4.287
2025/10/05 02:19:22.719,236.491,4.287
2025/10/05 02:19:24.105,236.988,4.287
2025/10/05 02:19:25.495,237.513,4.287
2025/10/05 02:19:27.046,237.977,4.287
2025/10/05 02:19:28.447,238.521,4.287
2025/10/05 02:19:29.838,239.015,4.287
2025/10/05 02:19:31.419,239.509,4.287
2025/10/05 02:19:32.828,240.009,4.287
2025/10/05 02:19:34.183,240.498,4.287
2025/10/05 02:19:35.579,241.001,4.287
2025/10/05 02:19:36.964,241.503,4.287
2025/10/05 02:19:38.553,242.006,4.287
2025/10/05 02:19:39.970,242.528,4.287
2025/10/05 02:19:41.345,243.006,4.287
2025/10/05 02:19:42.702,243.506,4.287
2025/10/05 02:19:44.304,243.989,4.287
2025/10/05 02:19:45.646,244.503,4.287
2025/10/05 02:19:47.036,245.011,4.287
2025/10/05 02:19:50.155,223.046,11.206
2025/10/05 02:19:51.604,223.903,11.206
2025/10/05 02:19:53.206,225.051,11.206
2025/10/05 02:19:54.635,225.993,11.206
2025/10/05 02:19:56.052,227.01,11.206
2025/10/05 02:19:57.444,228.02,11.206
2025/10/05 02:19:59.119,228.976,11.206
2025/10/05 02:20:00.508,230.045,11.206
2025/10/05 02:20:01.926,231.022,11.206
2025/10/05 02:20:03.351,232.008,11.206
2025/10/05 02:20:04.932,232.992,11.206
2025/10/05 02:20:06.377,233.991,11.206
2025/10/05 02:20:07.803,235.024,11.206
2025/10/05 02:20:09.379,236.002,11.206
2025/10/05 02:20:10.825,236.993,11.206
2025/10/05 02:20:12.261,238.015,11.206
2025/10/05 02:20:13.886,239.001,11.206
2025/10/05 02:20:15.319,240.009,11.206
2025/10/05 02:20:16.738,241.025,11.206
2025/10/05 02:20:18.270,242.003,11.206
2025/10/05 02:20:19.690,243.0,11.206
2025/10/05 02:20:21.101,244.0,11.206
2025/10/05 02:20:22.532,245.016,11.206
2025/10/05 02:20:24.180,246.01,11.206
2025/10/05 02:20:25.624,247.035,11.206
2025/10/05 02:20:27.254,247.955,11.206
2025/10/05 02:20:28.716,249.037,11.206
2025/10/05 02:20:30.142,249.99,11.206
2025/10/05 02:20:31.560,250.971,11.206
2025/10/05 02:20:34.784,227.01,6.784
2025/10/05 02:20:36.165,227.46,6.784
2025/10/05 02:20:37.744,228.012,6.784
2025/10/05 02:20:39.126,228.507,6.784
2025/10/05 02:20:40.481,229.004,6.784
2025/10/05 02:20:41.828,229.487,6.784
2025/10/05 02:20:43.394,229.99,6.784
2025/10/05 02:20:44.758,230.536,6.784
2025/10/05 02:20:46.137,231.0,6.784
2025/10/05 02:20:47.512,231.514,6.784
2025/10/05 02:20:49.085,232.006,6.784
2025/10/05 02:20:50.467,232.497,6.784
2025/10/05 02:20:51.821,233.022,6.784
2025/10/05 02:20:53.208,233.467,6.784
2025/10/05 02:20:54.867,234.063,6.784
2025/10/05 02:20:56.258,234.491,6.784
2025/10/05 02:20:57.631,234.966,6.784
2025/10/05 02:20:58.993,235.524,6.784
2025/10/05 02:21:00.555,235.994,6.784
2025/10/05 02:21:01.945,236.54,6.784
2025/10/05 02:21:03.309,236.955,6.784
2025/10/05 02:21:04.717,237.521,6.784
2025/10/05 02:21:06.133,237.996,6.784
2025/10/05 02:21:07.530,238.512,6.784
2025/10/05 02:21:08.894,238.99,6.784
2025/10/05 02:21:10.275,239.512,6.784
2025/10/05 02:21:11.839,240.031,6.784
2025/10/05 02:21:13.251,240.446,6.784
2025/10/05 02:21:14.654,241.02,6.784
2025/10/05 02:21:15.986,241.536,6.784
2025/10/05 02:21:17.555,241.981,6.784
2025/10/05 02:21:18.951,242.503,6.784
2025/10/05 02:21:20.322,243.006,6.784
2025/10/05 02:21:21.680,243.519,6.784
2025/10/05 02:21:23.244,244.016,6.784
2025/10/05 02:21:24.613,244.467,6.784
2025/10/05 02:21:26.009,245.013,6.784
2025/10/05 02:21:27.379,245.541,6.784
2025/10/05 02:21:28.751,245.991,6.784
2025/10/05 02:21:30.305,246.502,6.784
2025/10/05 02:21:31.706,247.008,6.784
2025/10/05 02:21:34.385,229.048,4.886
2025/10/05 02:21:35.791,229.462,4.886
2025/10/05 02:21:37.363,230.014,4.886
2025/10/05 02:21:38.732,230.523,4.886
2025/10/05 02:21:40.107,230.995,4.886
2025/10/05 02:21:41.455,231.5,4.886
2025/10/05 02:21:43.047,232.022,4.886
2025/10/05 02:21:44.433,232.489,4.886
2025/10/05 02:21:45.800,233.022,4.886
2025/10/05 02:21:47.164,233.483,4.886
2025/10/05 02:21:48.763,233.989,4.886
2025/10/05 02:21:50.128,234.53,4.886
2025/10/05 02:21:51.514,235.002,4.886
2025/10/05 02:21:52.867,235.505,4.886
2025/10/05 02:21:54.472,235.983,4.886
2025/10/05 02:21:55.836,236.505,4.886
2025/10/05 02:21:57.235,237.004,4.886
2025/10/05 02:21:58.625,237.515,4.886
2025/10/05 02:21:59.987,238.026,4.886
2025/10/05 02:22:01.430,238.457,4.886
2025/10/05 02:22:02.827,239.067,4.886
2025/10/05 02:22:04.185,239.515,4.886
2025/10/05 02:22:05.550,240.009,4.886
2025/10/05 02:22:07.133,240.509,4.886
2025/10/05 02:22:08.516,240.99,4.886
2025/10/05 02:22:09.886,241.484,4.886
2025/10/05 02:22:11.260,242.011,4.886
2025/10/05 02:22:12.627,242.509,4.886
2025/10/05 02:22:14.288,242.989,4.886
2025/10/05 02:22:15.680,243.47,4.886
2025/10/05 02:22:17.047,244.049,4.886
2025/10/05 02:22:18.420,244.503,4.886
2025/10/05 02:22:19.829,245.038,4.886
2025/10/05 02:22:22.858,229.05,4.284
2025/10/05 02:22:24.255,229.465,4.284
2025/10/05 02:22:25.612,230.012,4.284
2025/10/05 02:22:26.992,230.503,4.284
2025/10/05 02:22:28.552,231.033,4.284
2025/10/05 02:22:29.962,231.503,4.284
2025/10/05 02:22:31.326,231.962,4.284
2025/10/05 02:22:32.699,232.53,4.284
2025/10/05 02:22:34.138,233.008,4.284
2025/10/05 02:22:35.527,233.508,4.284
2025/10/05 02:22:36.883,233.972,4.284
2025/10/05 02:22:38.260,234.533,4.284
2025/10/05 02:22:39.874,234.986,4.284
2025/10/05 02:22:41.270,235.519,4.284
2025/10/05 02:22:42.666,236.018,4.284
2025/10/05 02:22:44.013,236.502,4.284
2025/10/05 02:22:45.557,237.018,4.284
2025/10/05 02:22:46.952,237.48,4.284
2025/10/05 02:22:48.300,237.988,4.284
2025/10/05 02:22:49.672,238.493,4.284
2025/10/05 02:22:51.056,239.029,4.284
2025/10/05 02:22:52.592,239.482,4.284
2025/10/05 02:22:53.959,240.009,4.284
2025/10/05 02:22:55.342,240.509,4.284
2025/10/05 02:22:56.723,241.001,4.284
2025/10/05 02:22:58.288,241.528,4.284
2025/10/05 02:22:59.691,241.973,4.284
2025/10/05 02:23:01.075,242.52,4.284
2025/10/05 02:23:02.420,243.011,4.284
2025/10/05 02:23:03.788,243.514,4.284
2025/10/05 02:23:05.185,244.003,4.284
2025/10/05 02:23:06.535,244.508,4.284
2025/10/05 02:23:07.912,245.008,4.284
2025/10/05 02:23:11.014,223.027,11.206
2025/10/05 02:23:12.459,223.942,11.206
2025/10/05 02:23:13.891,224.985,11.206
2025/10/05 02:23:15.455,226.035,11.206
2025/10/05 02:23:16.874,227.023,11.206
2025/10/05 02:23:18.282,227.987,11.206
2025/10/05 02:23:19.878,229.004,11.206
2025/10/05 02:23:21.307,230.001,11.206
2025/10/05 02:23:22.710,231.042,11.206
2025/10/05 02:23:24.283,231.995,11.206
2025/10/05 02:23:25.709,233.0,11.206
2025/10/05 02:23:27.136,234.008,11.206
2025/10/05 02:23:28.537,234.997,11.206
2025/10/05 02:23:30.209,236.01,11.206
2025/10/05 02:23:31.607,236.999,11.206
2025/10/05 02:23:33.019,238.007,11.206
2025/10/05 02:23:34.641,239.031,11.206
2025/10/05 02:23:36.083,239.976,11.206
2025/10/05 02:23:37.475,241.025,11.206
2025/10/05 02:23:39.133,241.992,11.206
2025/10/05 02:23:40.543,243.008,11.206
2025/10/05 02:23:41.984,244.014,11.206
2025/10/05 02:23:43.582,244.983,11.206
2025/10/05 02:23:45.027,246.008,11.206
2025/10/05 02:23:46.430,246.991,11.206
2025/10/05 02:23:47.825,248.018,11.206
2025/10/05 02:23:49.407,248.991,11.206
2025/10/05 02:23:50.840,250.007,11.206
2025/10/05 02:23:52.280,251.012,11.206
2025/10/05 02:23:55.283,227.045,6.781
2025/10/05 02:23:56.684,227.427,6.781
2025/10/05 02:23:58.057,228.031,6.781
2025/10/05 02:23:59.673,228.498,6.781
2025/10/05 02:24:01.059,229.026,6.781
2025/10/05 02:24:02.452,229.495,6.781
2025/10/05 02:24:03.828,230.028,6.781
2025/10/05 02:24:05.431,230.512,6.781
2025/10/05 02:24:06.795,230.97,6.781
2025/10/05 02:24:08.174,231.495,6.781
2025/10/05 02:24:09.576,232.014,6.781
2025/10/05 02:24:11.146,232.484,6.781
2025/10/05 02:24:12.554,233.038,6.781
2025/10/05 02:24:13.909,233.503,6.781
2025/10/05 02:24:15.258,234.022,6.781
2025/10/05 02:24:16.808,234.456,6.781
2025/10/05 02:24:18.202,235.021,6.781
2025/10/05 02:24:19.583,235.524,6.781
2025/10/05 02:24:20.961,236.007,6.781
2025/10/05 02:24:22.546,236.474,6.781
2025/10/05 02:24:23.956,237.013,6.781
2025/10/05 02:24:25.310,237.504,6.781
2025/10/05 02:24:26.679,238.01,6.781
2025/10/05 02:24:28.067,238.504,6.781
2025/10/05 02:24:29.622,239.02,6.781
2025/10/05 02:24:30.986,239.507,6.781
2025/10/05 02:24:32.361,240.037,6.781
2025/10/05 02:24:33.714,240.482,6.781
2025/10/05 02:24:35.137,241.006,6.781
2025/10/05 02:24:36.559,241.465,6.781
2025/10/05 02:24:37.916,242.014,6.781
2025/10/05 02:24:39.275,242.514,6.781
2025/10/05 02:24:40.645,242.997,6.781
2025/10/05 02:24:42.213,243.519,6.781
2025/10/05 02:24:43.580,243.992,6.781
2025/10/05 02:24:44.966,244.503,6.781
2025/10/05 02:24:46.535,245.066,6.781
2025/10/05 02:24:47.926,245.447,6.781
2025/10/05 02:24:49.303,245.983,6.781
2025/10/05 02:24:50.681,246.497,6.781
2025/10/05 02:24:52.037,247.032,6.781
2025/10/05 02:24:55.010,229.053,4.883
2025/10/05 02:24:56.352,229.49,4.883
2025/10/05 02:24:57.737,229.965,4.883
2025/10/05 02:24:59.352,230.509,4.883
2025/10/05 02:25:00.754,231.022,4.883
2025/10/05 02:25:02.127,231.478,4.883
2025/10/05 02:25:03.497,232.025,4.883
2025/10/05 02:25:04.883,232.522,4.883
2025/10/05 02:25:06.279,232.989,4.883
2025/10/05 02:25:07.649,233.522,4.883
2025/10/05 02:25:09.053,234.002,4.883
2025/10/05 02:25:10.432,234.516,4.883
2025/10/05 02:25:12.010,234.98,4.883
2025/10/05 02:25:13.395,235.538,4.883
2025/10/05 02:25:14.775,235.991,4.883
2025/10/05 02:25:16.356,236.488,4.883
2025/10/05 02:25:17.751,237.002,4.883
2025/10/05 02:25:19.115,237.526,4.883
2025/10/05 02:25:20.502,238.01,4.883
2025/10/05 02:25:21.896,238.504,4.883
2025/10/05 02:25:23.491,239.012,4.883
2025/10/05 02:25:24.897,239.496,4.883
2025/10/05 02:25:26.284,240.009,4.883
2025/10/05 02:25:27.653,240.487,4.883
2025/10/05 02:25:29.219,241.023,4.883
2025/10/05 02:25:30.583,241.47,4.883
2025/10/05 02:25:32.000,242.017,4.883
2025/10/05 02:25:33.583,242.492,4.883
2025/10/05 02:25:35.000,243.03,4.883
2025/10/05 02:25:36.360,243.508,4.883
2025/10/05 02:25:37.716,244.014,4.883
2025/10/05 02:25:39.186,244.527,4.883
2025/10/05 02:25:40.575,244.989,4.883
2025/10/05 02:25:43.159,229.037,4.29
2025/10/05 02:25:44.541,229.451,4.29
2025/10/05 02:25:45.901,229.998,4.29
2025/10/05 02:25:47.452,230.514,4.29
2025/10/05 02:25:48.860,230.981,4.29
2025/10/05 02:25:50.236,231.552,4.29
2025/10/05 02:25:51.571,232.022,4.29
2025/10/05 02:25:53.160,232.462,4.29
2025/10/05 02:25:54.515,233.0,4.29
2025/10/05 02:25:55.930,233.516,4.29
2025/10/05 02:25:57.311,234.019,4.29
2025/10/05 02:25:58.885,234.5,4.29
2025/10/05 02:26:00.248,235.021,4.29
2025/10/05 02:26:01.612,235.48,4.29
2025/10/05 02:26:02.984,236.054,4.29
2025/10/05 02:26:04.523,236.452,4.29
2025/10/05 02:26:05.919,237.021,4.29
2025/10/05 02:26:07.304,237.48,4.29
2025/10/05 02:26:08.669,237.974,4.29
2025/10/05 02:26:10.226,238.554,4.29
2025/10/05 02:26:11.616,239.004,4.29
2025/10/05 02:26:12.970,239.504,4.29
2025/10/05 02:26:14.337,240.015,4.29
2025/10/05 02:26:16.005,240.512,4.29
2025/10/05 02:26:17.389,240.987,4.29
2025/10/05 02:26:18.779,241.49,4.29
2025/10/05 02:26:20.348,242.0,4.29
2025/10/05 02:26:21.736,242.506,4.29
2025/10/05 02:26:23.122,243.003,4.29
2025/10/05 02:26:24.512,243.506,4.29
2025/10/05 02:26:25.861,243.992,4.29
2025/10/05 02:26:27.435,244.511,4.29
2025/10/05 02:26:28.814,244.964,4.29
2025/10/05 02:26:32.026,223.035,11.208
2025/10/05 02:26:33.451,223.944,11.208
2025/10/05 02:26:34.865,225.01,11.208
2025/10/05 02:26:36.486,226.004,11.208
2025/10/05 02:26:37.928,227.007,11.208
2025/10/05 02:26:39.332,227.996,11.208
2025/10/05 02:26:40.753,229.026,11.208
2025/10/05 02:26:42.253,230.009,11.208
2025/10/05 02:26:43.631,231.031,11.208
2025/10/05 02:26:45.050,231.997,11.208
2025/10/05 02:26:46.475,232.992,11.208
2025/10/05 02:26:48.084,234.016,11.208
2025/10/05 02:26:49.531,234.977,11.208
2025/10/05 02:26:50.944,236.007,11.208
2025/10/05 02:26:52.565,236.999,11.208
2025/10/05 02:26:53.974,238.032,11.208
2025/10/05 02:26:55.387,238.99,11.208
2025/10/05 02:26:57.011,239.979,11.208
2025/10/05 02:26:58.432,241.039,11.208
2025/10/05 02:26:59.828,241.998,11.208
2025/10/05 02:27:01.408,243.014,11.208
2025/10/05 02:27:02.854,244.008,11.208
2025/10/05 02:27:04.269,245.008,11.208
2025/10/05 02:27:05.674,245.997,11.208
2025/10/05 02:27:07.335,247.027,11.208
2025/10/05 02:27:08.767,247.977,11.208
2025/10/05 02:27:10.177,249.021,11.208
2025/10/05 02:27:11.775,249.999,11.208
2025/10/05 02:27:13.167,250.987,11.208
2025/10/05 02:27:16.420,227.029,6.781
2025/10/05 02:27:17.770,227.504,6.781
2025/10/05 02:27:19.161,227.974,6.781
2025/10/05 02:27:20.567,228.507,6.781
2025/10/05 02:27:21.914,228.998,6.781
2025/10/05 02:27:23.289,229.517,6.781
2025/10/05 02:27:24.696,230.003,6.781
2025/10/05 02:27:26.054,230.517,6.781
2025/10/05 02:27:27.429,230.978,6.781
2025/10/05 02:27:29.023,231.569,6.781
2025/10/05 02:27:30.411,231.923,6.781
2025/10/05 02:27:31.805,232.555,6.781
2025/10/05 02:27:33.144,233.005,6.781
2025/10/05 02:27:34.752,233.475,6.781
2025/10/05 02:27:36.129,234.046,6.781
2025/10/05 02:27:37.529,234.511,6.781
2025/10/05 02:27:38.876,235.008,6.781
2025/10/05 02:27:40.304,235.513,6.781
2025/10/05 02:27:41.670,235.996,6.781
2025/10/05 02:27:43.036,236.516,6.781
2025/10/05 02:27:44.410,237.01,6.781
2025/10/05 02:27:45.981,237.513,6.781
2025/10/05 02:27:47.364,237.988,6.781
2025/10/05 02:27:48.733,238.507,6.781
2025/10/05 02:27:50.111,239.02,6.781
2025/10/05 02:27:51.696,239.501,6.781
2025/10/05 02:27:53.070,240.012,6.781
2025/10/05 02:27:54.444,240.457,6.781
2025/10/05 02:27:55.836,241.045,6.781
2025/10/05 02:27:57.174,241.52,6.781
2025/10/05 02:27:58.567,241.987,6.781
2025/10/05 02:27:59.976,242.517,6.781
2025/10/05 02:28:01.365,242.989,6.781
2025/10/05 02:28:02.758,243.525,6.781
2025/10/05 02:28:04.341,244.003,6.781
2025/10/05 02:28:05.750,244.503,6.781
2025/10/05 02:28:07.121,245.0,6.781
2025/10/05 02:28:08.715,245.475,6.781
2025/10/05 02:28:10.106,246.041,6.781
2025/10/05 02:28:11.465,246.502,6.781
2025/10/05 02:28:12.842,246.991,6.781
2025/10/05 02:28:15.796,229.053,4.88
2025/10/05 02:28:17.168,229.482,4.88
2025/10/05 02:28:18.568,230.001,4.88
2025/10/05 02:28:19.952,230.525,4.88
2025/10/05 02:28:21.495,231.011,4.88
2025/10/05 02:28:22.886,231.536,4.88
2025/10/05 02:28:24.245,231.967,4.88
2025/10/05 02:28:25.603,232.511,4.88
2025/10/05 02:28:27.002,232.981,4.88
2025/10/05 02:28:28.587,233.511,4.88
2025/10/05 02:28:29.975,234.008,4.88
2025/10/05 02:28:31.378,234.524,4.88
2025/10/05 02:28:32.741,235.008,4.88
2025/10/05 02:28:34.312,235.502,4.88
2025/10/05 02:28:35.697,235.996,4.88
2025/10/05 02:28:37.055,236.505,4.88
2025/10/05 02:28:38.665,236.991,4.88
2025/10/05 02:28:40.062,237.504,4.88
2025/10/05 02:28:41.426,238.018,4.88
2025/10/05 02:28:42.826,238.493,4.88
2025/10/05 02:28:44.196,238.99,4.88
2025/10/05 02:28:45.586,239.504,4.88
2025/10/05 02:28:46.955,240.009,4.88
2025/10/05 02:28:48.344,240.517,4.88
2025/10/05 02:28:49.709,240.971,4.88
2025/10/05 02:28:51.271,241.556,4.88
2025/10/05 02:28:52.665,242.006,4.88
2025/10/05 02:28:54.023,242.492,4.88
2025/10/05 02:28:55.386,243.019,4.88
2025/10/05 02:28:56.995,243.497,4.88
2025/10/05 02:28:58.359,244.019,4.88
2025/10/05 02:28:59.718,244.508,4.88
2025/10/05 02:29:01.106,245.011,4.88
2025/10/05 02:29:04.017,229.042,4.284
2025/10/05 02:29:05.408,229.471,4.284
2025/10/05 02:29:06.765,230.012,4.284
2025/10/05 02:29:08.134,230.484,4.284
2025/10/05 02:29:09.607,230.989,4.284
2025/10/05 02:29:10.973,231.542,4.284
2025/10/05 02:29:12.355,231.997,4.284
2025/10/05 02:29:13.718,232.519,4.284
2025/10/05 02:29:15.316,232.983,4.284
2025/10/05 02:29:16.690,233.522,4.284
2025/10/05 02:29:18.076,233.991,4.284
2025/10/05 02:29:19.444,234.502,4.284
2025/10/05 02:29:21.020,234.986,4.284
2025/10/05 02:29:22.418,235.516,4.284
2025/10/05 02:29:23.805,236.01,4.284
2025/10/05 02:29:25.163,236.502,4.284
2025/10/05 02:29:26.731,236.974,4.284
2025/10/05 02:29:28.127,237.496,4.284
2025/10/05 02:29:29.509,238.004,4.284
2025/10/05 02:29:30.887,238.515,4.284
2025/10/05 02:29:32.262,239.045,4.284
2025/10/05 02:29:33.632,239.482,4.284
2025/10/05 02:29:35.026,240.006,4.284
2025/10/05 02:29:36.416,240.517,4.284
2025/10/05 02:29:37.784,241.014,4.284
2025/10/05 02:29:39.350,241.509,4.284
2025/10/05 02:29:40.728,242.011,4.284
2025/10/05 02:29:42.107,242.489,4.284
2025/10/05 02:29:43.680,243.025,4.284
2025/10/05 02:29:45.081,243.497,4.284
2025/10/05 02:29:46.449,244.019,4.284
2025/10/05 02:29:47.819,244.511,4.284
2025/10/05 02:29:49.224,244.986,4.284
2025/10/05 02:29:52.212,223.022,11.206
2025/10/05 02:29:53.617,223.936,11.206
2025/10/05 02:29:55.231,224.988,11.206
2025/10/05 02:29:56.646,226.035,11.206
2025/10/05 02:29:58.041,226.985,11.206
2025/10/05 02:29:59.640,228.02,11.206
2025/10/05 02:30:01.072,228.987,11.206
2025/10/05 02:30:02.521,230.028,11.206
2025/10/05 02:30:04.126,230.995,11.206
2025/10/05 02:30:05.532,232.022,11.206
2025/10/05 02:30:06.956,233.005,11.206
2025/10/05 02:30:08.573,233.986,11.206
2025/10/05 02:30:10.001,235.01,11.206
2025/10/05 02:30:11.419,236.016,11.206
2025/10/05 02:30:13.044,237.021,11.206
2025/10/05 02:30:14.482,238.001,11.206
2025/10/05 02:30:15.896,238.998,11.206
2025/10/05 02:30:17.530,240.031,11.206
2025/10/05 02:30:18.971,240.984,11.206
2025/10/05 02:30:20.421,242.006,11.206
2025/10/05 02:30:21.818,243.0,11.206
2025/10/05 02:30:23.408,244.011,11.206
2025/10/05 02:30:24.838,244.994,11.206
2025/10/05 02:30:26.453,246.002,11.206
2025/10/05 02:30:27.882,247.043,11.206
2025/10/05 02:30:29.287,247.977,11.206
2025/10/05 02:30:30.708,249.013,11.206
2025/10/05 02:30:32.359,250.015,11.206
2025/10/05 02:30:33.791,250.998,11.206
2025/10/05 02:30:36.900,227.051,6.784
2025/10/05 02:30:38.308,227.463,6.784
2025/10/05 02:30:39.673,228.042,6.784
2025/10/05 02:30:41.027,228.515,6.784
2025/10/05 02:30:42.540,228.979,6.784
2025/10/05 02:30:43.916,229.501,6.784
2025/10/05 02:30:45.280,230.012,6.784
2025/10/05 02:30:46.664,230.506,6.784
2025/10/05 02:30:48.267,231.025,6.784
2025/10/05 02:30:49.696,231.473,6.784
2025/10/05 02:30:51.060,232.022,6.784
2025/10/05 02:30:52.403,232.533,6.784
2025/10/05 02:30:53.786,232.972,6.784
2025/10/05 02:30:55.362,233.5,6.784
2025/10/05 02:30:56.737,234.011,6.784
2025/10/05 02:30:58.120,234.511,6.784
2025/10/05 02:30:59.746,235.005,6.784
2025/10/05 02:31:01.137,235.513,6.784
2025/10/05 02:31:02.491,236.005,6.784
2025/10/05 02:31:03.872,236.488,6.784
2025/10/05 02:31:05.253,236.982,6.784
2025/10/05 02:31:06.669,237.565,6.784
2025/10/05 02:31:08.064,237.941,6.784
2025/10/05 02:31:09.421,238.534,6.784
2025/10/05 02:31:10.807,238.976,6.784
2025/10/05 02:31:12.377,239.534,6.784
2025/10/05 02:31:13.776,240.004,6.784
2025/10/05 02:31:15.132,240.487,6.784
2025/10/05 02:31:16.489,241.003,6.784
2025/10/05 02:31:17.870,241.525,6.784
2025/10/05 02:31:19.338,242.014,6.784
2025/10/05 02:31:20.745,242.476,6.784
2025/10/05 02:31:22.122,243.008,6.784
2025/10/05 02:31:23.490,243.541,6.784
2025/10/05 02:31:25.073,243.981,6.784
2025/10/05 02:31:26.477,244.511,6.784
2025/10/05 02:31:27.862,245.019,6.784
2025/10/05 02:31:29.227,245.502,6.784
2025/10/05 02:31:30.818,246.005,6.784
2025/10/05 02:31:32.177,246.494,6.784
2025/10/05 02:31:33.545,247.002,6.784
2025/10/05 02:31:36.347,229.039,4.883
2025/10/05 02:31:37.705,229.479,4.883
2025/10/05 02:31:39.070,229.99,4.883
2025/10/05 02:31:40.449,230.495,4.883
2025/10/05 02:31:41.826,231.003,4.883
2025/10/05 02:31:43.378,231.506,4.883
2025/10/05 02:31:44.781,232.0,4.883
2025/10/05 02:31:46.149,232.533,4.883
2025/10/05 02:31:47.742,232.975,4.883
2025/10/05 02:31:49.140,233.516,4.883
2025/10/05 02:31:50.490,234.019,4.883
2025/10/05 02:31:51.887,234.505,4.883
2025/10/05 02:31:53.266,234.966,4.883
2025/10/05 02:31:54.854,235.519,4.883
2025/10/05 02:31:56.255,236.005,4.883
2025/10/05 02:31:57.615,236.491,4.883
2025/10/05 02:31:58.989,237.004,4.883
2025/10/05 02:32:00.560,237.485,4.883
2025/10/05 02:32:01.936,238.04,4.883
2025/10/05 02:32:03.306,238.488,4.883
2025/10/05 02:32:04.688,239.009,4.883
2025/10/05 02:32:06.291,239.49,4.883
2025/10/05 02:32:07.670,240.009,4.883
2025/10/05 02:32:09.042,240.506,4.883
2025/10/05 02:32:10.402,241.014,4.883
2025/10/05 02:32:11.949,241.495,4.883
2025/10/05 02:32:13.348,242.014,4.883
2025/10/05 02:32:14.710,242.462,4.883
2025/10/05 02:32:16.109,243.022,4.883
2025/10/05 02:32:17.611,243.55,4.883
2025/10/05 02:32:19.134,243.978,4.883
2025/10/05 02:32:20.512,244.522,4.883
2025/10/05 02:32:21.874,244.992,4.883
2025/10/05 02:32:24.568,229.034,4.284
2025/10/05 02:32:25.933,229.484,4.284
2025/10/05 02:32:27.306,229.995,4.284
2025/10/05 02:32:28.706,230.498,4.284
2025/10/05 02:32:30.062,231.022,4.284
2025/10/05 02:32:31.427,231.509,4.284
2025/10/05 02:32:32.800,231.997,4.284
2025/10/05 02:32:34.175,232.522,4.284
2025/10/05 02:32:35.548,232.992,4.284
2025/10/05 02:32:37.157,233.508,4.284
2025/10/05 02:32:38.539,233.997,4.284
2025/10/05 02:32:39.921,234.502,4.284
2025/10/05 02:32:41.306,234.969,4.284
2025/10/05 02:32:42.909,235.565,4.284
2025/10/05 02:32:44.310,236.016,4.284
2025/10/05 02:32:45.719,236.483,4.284
2025/10/05 02:32:47.090,237.018,4.284
2025/10/05 02:32:48.796,237.513,4.284
2025/10/05 02:32:50.196,237.993,4.284
2025/10/05 02:32:51.563,238.504,4.284
2025/10/05 02:32:52.924,239.004,4.284
2025/10/05 02:32:54.362,239.504,4.284
2025/10/05 02:32:55.730,239.998,4.284
2025/10/05 02:32:57.096,240.528,4.284
2025/10/05 02:32:58.474,241.006,4.284
2025/10/05 02:32:59.833,241.498,4.284
2025/10/05 02:33:01.415,241.989,4.284
2025/10/05 02:33:02.800,242.5,4.284
2025/10/05 02:33:04.180,243.008,4.284
2025/10/05 02:33:05.759,243.506,4.284
2025/10/05 02:33:07.150,244.003,4.284
2025/10/05 02:33:08.513,244.511,4.284
2025/10/05 02:33:09.895,244.994,4.284
2025/10/05 02:33:13.000,223.024,11.208
2025/10/05 02:33:14.436,223.928,11.208
2025/10/05 02:33:15.840,225.01,11.208
2025/10/05 02:33:17.444,226.013,11.208
2025/10/05 02:33:18.880,227.007,11.208
2025/10/05 02:33:20.290,228.004,11.208
2025/10/05 02:33:21.914,228.99,11.208
2025/10/05 02:33:23.350,230.012,11.208
2025/10/05 02:33:24.749,231.014,11.208
2025/10/05 02:33:26.392,232.008,11.208
2025/10/05 02:33:27.806,232.997,11.208
2025/10/05 02:33:29.210,234.011,11.208
2025/10/05 02:33:30.640,235.005,11.208
2025/10/05 02:33:32.244,236.005,11.208
2025/10/05 02:33:33.665,237.01,11.208
2025/10/05 02:33:35.072,238.004,11.208
2025/10/05 02:33:36.663,238.993,11.208
2025/10/05 02:33:38.076,240.02,11.208
2025/10/05 02:33:39.498,241.003,11.208
2025/10/05 02:33:40.875,242.0,11.208
2025/10/05 02:33:42.493,243.008,11.208
2025/10/05 02:33:43.933,244.016,11.208
2025/10/05 02:33:45.341,244.975,11.208
2025/10/05 02:33:47.005,246.063,11.208
2025/10/05 02:33:48.438,246.939,11.208
2025/10/05 02:33:49.885,248.015,11.208
2025/10/05 02:33:51.298,248.999,11.208
2025/10/05 02:33:52.752,250.031,11.208
2025/10/05 02:33:54.143,250.982,11.208
2025/10/05 02:33:57.201,227.051,6.784
2025/10/05 02:33:58.599,227.441,6.784
2025/10/05 02:33:59.998,228.034,6.784
2025/10/05 02:34:01.580,228.493,6.784
2025/10/05 02:34:02.957,229.012,6.784
2025/10/05 02:34:04.352,229.501,6.784
2025/10/05 02:34:05.750,230.009,6.784
2025/10/05 02:34:07.116,230.506,6.784
2025/10/05 02:34:08.693,230.989,6.784
2025/10/05 02:34:10.067,231.5,6.784
2025/10/05 02:34:11.435,232.039,6.784
2025/10/05 02:34:12.793,232.503,6.784
2025/10/05 02:34:14.349,232.997,6.784
2025/10/05 02:34:15.715,233.481,6.784
2025/10/05 02:34:17.100,234.022,6.784
2025/10/05 02:34:18.461,234.508,6.784
2025/10/05 02:34:20.035,235.002,6.784
2025/10/05 02:34:21.434,235.494,6.784
2025/10/05 02:34:22.796,236.018,6.784
2025/10/05 02:34:24.142,236.499,6.784
2025/10/05 02:34:25.684,237.01,6.784
2025/10/05 02:34:27.074,237.496,6.784
2025/10/05 02:34:28.436,238.004,6.784
2025/10/05 02:34:29.811,238.51,6.784
2025/10/05 02:34:31.430,239.023,6.784
2025/10/05 02:34:32.823,239.479,6.784
2025/10/05 02:34:34.207,240.009,6.784
2025/10/05 02:34:35.769,240.504,6.784
2025/10/05 02:34:37.157,241.009,6.784
2025/10/05 02:34:38.557,241.509,6.784
2025/10/05 02:34:39.949,241.998,6.784
2025/10/05 02:34:41.342,242.506,6.784
2025/10/05 02:34:42.747,243.03,6.784
2025/10/05 02:34:44.127,243.484,6.784
2025/10/05 02:34:45.502,244.011,6.784
2025/10/05 02:34:46.887,244.516,6.784
2025/10/05 02:34:48.477,245.002,6.784
2025/10/05 02:34:49.842,245.494,6.784
2025/10/05 02:34:51.223,246.016,6.784
2025/10/05 02:34:52.776,246.502,6.784
2025/10/05 02:34:54.178,246.991,6.784
2025/10/05 02:34:56.854,229.039,4.886
2025/10/05 02:34:58.279,229.418,4.886
2025/10/05 02:34:59.946,230.039,4.886
2025/10/05 02:35:01.321,230.531,4.886
2025/10/05 02:35:02.671,230.998,4.886
2025/10/05 02:35:04.056,231.514,4.886
2025/10/05 02:35:05.659,232.006,4.886
2025/10/05 02:35:07.032,232.508,4.886
2025/10/05 02:35:08.423,232.989,4.886
2025/10/05 02:35:09.788,233.511,4.886
2025/10/05 02:35:11.156,234.011,4.886
2025/10/05 02:35:12.675,234.524,4.886
2025/10/05 02:35:14.042,234.988,4.886
2025/10/05 02:35:15.437,235.494,4.886
2025/10/05 02:35:16.815,236.005,4.886
2025/10/05 02:35:18.386,236.502,4.886
2025/10/05 02:35:19.765,236.993,4.886
2025/10/05 02:35:21.145,237.518,4.886
2025/10/05 02:35:22.508,237.996,4.886
2025/10/05 02:35:24.069,238.501,4.886
2025/10/05 02:35:25.472,239.001,4.886
2025/10/05 02:35:26.835,239.515,4.886
2025/10/05 02:35:28.193,240.012,4.886
2025/10/05 02:35:29.757,240.515,4.886
2025/10/05 02:35:31.134,240.987,4.886
2025/10/05 02:35:32.516,241.501,4.886
2025/10/05 02:35:33.898,242.003,4.886
2025/10/05 02:35:35.502,242.495,4.886
2025/10/05 02:35:36.884,243.006,4.886
2025/10/05 02:35:38.244,243.508,4.886
2025/10/05 02:35:39.804,244.008,4.886
2025/10/05 02:35:41.216,244.494,4.886
2025/10/05 02:35:42.580,245.011,4.886
2025/10/05 02:35:45.094,229.039,4.29
2025/10/05 02:35:46.493,229.443,4.29
2025/10/05 02:35:47.859,230.031,4.29
2025/10/05 02:35:49.248,230.503,4.29
2025/10/05 02:35:50.606,231.02,4.29
2025/10/05 02:35:51.962,231.498,4.29
2025/10/05 02:35:53.559,232.003,4.29
2025/10/05 02:35:54.959,232.508,4.29
2025/10/05 02:35:56.314,233.016,4.29
2025/10/05 02:35:57.889,233.478,4.29
2025/10/05 02:35:59.271,234.0,4.29
2025/10/05 02:36:00.636,234.511,4.29
2025/10/05 02:36:01.993,235.002,4.29
2025/10/05 02:36:03.351,235.521,4.29
2025/10/05 02:36:04.783,235.994,4.29
2025/10/05 02:36:06.178,236.488,4.29
2025/10/05 02:36:07.585,237.002,4.29
2025/10/05 02:36:08.949,237.515,4.29
2025/10/05 02:36:10.512,238.015,4.29
2025/10/05 02:36:11.891,238.504,4.29
2025/10/05 02:36:13.249,238.998,4.29
2025/10/05 02:36:14.853,239.518,4.29
2025/10/05 02:36:16.251,240.009,4.29
2025/10/05 02:36:17.637,240.495,4.29
2025/10/05 02:36:19.008,240.99,4.29
2025/10/05 02:36:20.540,241.528,4.29
2025/10/05 02:36:21.996,242.011,4.29
2025/10/05 02:36:23.401,242.498,4.29
2025/10/05 02:36:24.787,243.006,4.29
2025/10/05 02:36:26.153,243.492,4.29
2025/10/05 02:36:27.686,244.038,4.29
2025/10/05 02:36:29.059,244.497,4.29
2025/10/05 02:36:30.391,245.0,4.29
2025/10/05 02:36:33.528,223.038,11.208
2025/10/05 02:36:34.947,223.939,11.208
2025/10/05 02:36:36.370,225.01,11.208
2025/10/05 02:36:37.783,226.01,11.208
2025/10/05 02:36:39.402,227.001,11.208
2025/10/05 02:36:40.811,228.009,11.208
2025/10/05 02:36:42.215,228.995,11.208
2025/10/05 02:36:43.795,230.02,11.208
2025/10/05 02:36:45.210,231.011,11.208
2025/10/05 02:36:46.641,232.019,11.208
2025/10/05 02:36:48.257,232.989,11.208
2025/10/05 02:36:49.679,233.991,11.208
2025/10/05 02:36:51.096,235.002,11.208
2025/10/05 02:36:52.516,236.013,11.208
2025/10/05 02:36:54.165,237.026,11.208
2025/10/05 02:36:55.566,237.988,11.208
2025/10/05 02:36:56.993,239.001,11.208
2025/10/05 02:36:58.389,240.015,11.208
2025/10/05 02:36:59.841,241.001,11.208
2025/10/05 02:37:01.283,242.009,11.208
2025/10/05 02:37:02.684,243.017,11.208
2025/10/05 02:37:04.320,243.978,11.208
2025/10/05 02:37:05.719,245.016,11.208
2025/10/05 02:37:07.127,246.013,11.208
2025/10/05 02:37:08.726,247.013,11.208
2025/10/05 02:37:10.145,247.988,11.208
2025/10/05 02:37:11.571,249.026,11.208
2025/10/05 02:37:12.992,249.993,11.208
2025/10/05 02:37:14.442,251.015,11.208
2025/10/05 02:37:17.497,227.04,6.786
2025/10/05 02:37:18.897,227.468,6.786
2025/10/05 02:37:20.269,227.998,6.786
2025/10/05 02:37:21.672,228.518,6.786
2025/10/05 02:37:23.275,228.99,6.786
2025/10/05 02:37:24.639,229.52,6.786
2025/10/05 02:37:26.019,230.012,6.786
2025/10/05 02:37:27.392,230.509,6.786
2025/10/05 02:37:28.978,231.006,6.786
2025/10/05 02:37:30.366,231.489,6.786
2025/10/05 02:37:31.731,232.019,6.786
2025/10/05 02:37:33.117,232.508,6.786
2025/10/05 02:37:34.707,233.016,6.786
2025/10/05 02:37:36.102,233.478,6.786
2025/10/05 02:37:37.461,234.008,6.786
2025/10/05 02:37:38.818,234.505,6.786
2025/10/05 02:37:40.183,235.01,6.786
2025/10/05 02:37:41.607,235.491,6.786
2025/10/05 02:37:42.990,236.018,6.786
2025/10/05 02:37:44.330,236.521,6.786
2025/10/05 02:37:45.726,236.991,6.786
2025/10/05 02:37:47.273,237.499,6.786
2025/10/05 02:37:48.666,237.988,6.786
2025/10/05 02:37:50.024,238.526,6.786
2025/10/05 02:37:51.396,239.009,6.786
2025/10/05 02:37:52.963,239.449,6.786
2025/10/05 02:37:54.359,240.05,6.786
2025/10/05 02:37:55.715,240.512,6.786
2025/10/05 02:37:57.079,241.009,6.786
2025/10/05 02:37:58.668,241.501,6.786
2025/10/05 02:38:00.055,241.998,6.786
2025/10/05 02:38:01.442,242.503,6.786
2025/10/05 02:38:02.806,242.995,6.786
2025/10/05 02:38:04.171,243.519,6.786
2025/10/05 02:38:05.722,244.005,6.786
2025/10/05 02:38:07.132,244.497,6.786
2025/10/05 02:38:08.525,245.013,6.786
2025/10/05 02:38:09.896,245.494,6.786
2025/10/05 02:38:11.460,246.024,6.786
2025/10/05 02:38:12.857,246.508,6.786
2025/10/05 02:38:14.255,246.999,6.786
2025/10/05 02:38:17.248,229.037,4.886
2025/10/05 02:38:18.638,229.473,4.886
2025/10/05 02:38:20.023,230.003,4.886
2025/10/05 02:38:21.399,230.506,4.886
2025/10/05 02:38:22.834,231.006,4.886
2025/10/05 02:38:24.211,231.509,4.886
2025/10/05 02:38:25.589,232.008,4.886
2025/10/05 02:38:26.973,232.511,4.886
2025/10/05 02:38:28.531,232.986,4.886
2025/10/05 02:38:29.915,233.503,4.886
2025/10/05 02:38:31.275,234.027,4.886
2025/10/05 02:38:32.867,234.494,4.886
2025/10/05 02:38:34.258,235.002,4.886
2025/10/05 02:38:35.677,235.508,4.886
2025/10/05 02:38:37.025,236.002,4.886
2025/10/05 02:38:38.386,236.51,4.886
2025/10/05 02:38:39.861,236.996,4.886
2025/10/05 02:38:41.265,237.491,4.886
2025/10/05 02:38:42.628,238.007,4.886
2025/10/05 02:38:43.988,238.51,4.886
2025/10/05 02:38:46.426,238.998,4.886
2025/10/05 02:38:47.862,239.501,4.886
2025/10/05 02:38:49.255,240.015,4.886
2025/10/05 02:38:50.629,240.512,4.886
2025/10/05 02:38:51.982,241.009,4.886
2025/10/05 02:38:53.579,241.498,4.886
2025/10/05 02:38:54.933,242.011,4.886
2025/10/05 02:38:56.314,242.5,4.886
2025/10/05 02:38:57.877,242.997,4.886
2025/10/05 02:38:59.273,243.503,4.886
2025/10/05 02:39:00.665,244.025,4.886
2025/10/05 02:39:02.036,244.5,4.886
2025/10/05 02:39:03.399,244.997,4.886
2025/10/05 02:39:06.272,229.056,4.287
2025/10/05 02:39:07.640,229.457,4.287
2025/10/05 02:39:09.006,230.012,4.287
2025/10/05 02:39:10.383,230.523,4.287
2025/10/05 02:39:11.879,230.995,4.287
2025/10/05 02:39:13.292,231.495,4.287
2025/10/05 02:39:14.656,232.008,4.287
2025/10/05 02:39:16.003,232.506,4.287
2025/10/05 02:39:17.563,233.016,4.287
2025/10/05 02:39:18.970,233.497,4.287
2025/10/05 02:39:20.342,234.019,4.287
2025/10/05 02:39:21.703,234.497,4.287
2025/10/05 02:39:23.292,234.997,4.287
2025/10/05 02:39:24.662,235.508,4.287
2025/10/05 02:39:26.067,236.002,4.287
2025/10/05 02:39:27.436,236.516,4.287
2025/10/05 02:39:29.033,236.996,4.287
2025/10/05 02:39:30.427,237.513,4.287
2025/10/05 02:39:31.773,237.999,4.287
2025/10/05 02:39:33.157,238.485,4.287
2025/10/05 02:39:34.595,239.02,4.287
2025/10/05 02:39:35.976,239.509,4.287
2025/10/05 02:39:37.366,240.001,4.287
2025/10/05 02:39:38.712,240.512,4.287
2025/10/05 02:39:40.333,241.009,4.287
2025/10/05 02:39:41.725,241.498,4.287
2025/10/05 02:39:43.122,242.003,4.287
2025/10/05 02:39:44.497,242.484,4.287
2025/10/05 02:39:46.083,243.028,4.287
2025/10/05 02:39:47.445,243.511,4.287
2025/10/05 02:39:48.824,244.016,4.287
2025/10/05 02:39:50.214,244.497,4.287
2025/10/05 02:39:51.748,244.997,4.287
2025/10/05 02:39:54.807,223.035,11.208
2025/10/05 02:39:56.327,223.933,11.208
2025/10/05 02:39:57.727,225.01,11.208
2025/10/05 02:39:59.118,226.004,11.208
2025/10/05 02:40:00.758,227.012,11.208
2025/10/05 02:40:02.183,227.998,11.208
2025/10/05 02:40:03.606,228.998,11.208
2025/10/05 02:40:04.992,230.02,11.208
2025/10/05 02:40:06.617,231.011,11.208
2025/10/05 02:40:08.034,232.008,11.208
2025/10/05 02:40:09.476,233.016,11.208
2025/10/05 02:40:11.072,233.991,11.208
2025/10/05 02:40:12.528,235.002,11.208
2025/10/05 02:40:13.924,236.013,11.208
2025/10/05 02:40:15.553,237.002,11.208
2025/10/05 02:40:16.971,238.007,11.208
2025/10/05 02:40:18.397,239.007,11.208
2025/10/05 02:40:19.797,239.998,11.208
2025/10/05 02:40:21.436,241.009,11.208
2025/10/05 02:40:22.822,241.998,11.208
2025/10/05 02:40:24.251,243.008,11.208
2025/10/05 02:40:25.841,243.995,11.208
2025/10/05 02:40:27.277,245.022,11.208
2025/10/05 02:40:28.697,246.021,11.208
2025/10/05 02:40:30.314,246.98,11.208
2025/10/05 02:40:31.744,247.999,11.208
2025/10/05 02:40:33.143,249.013,11.208
2025/10/05 02:40:34.556,249.993,11.208
2025/10/05 02:40:36.224,251.026,11.208
2025/10/05 02:40:39.102,227.026,6.781
2025/10/05 02:40:40.694,227.446,6.781
2025/10/05 02:40:42.053,228.048,6.781
2025/10/05 02:40:43.443,228.471,6.781
2025/10/05 02:40:45.004,229.004,6.781
2025/10/05 02:40:46.394,229.539,6.781
2025/10/05 02:40:47.758,229.959,6.781
2025/10/05 02:40:49.146,230.523,6.781
2025/10/05 02:40:50.558,230.992,6.781
2025/10/05 02:40:51.931,231.525,6.781
2025/10/05 02:40:53.315,232.006,6.781
2025/10/05 02:40:54.714,232.503,6.781
2025/10/05 02:40:56.105,233.008,6.781
2025/10/05 02:40:57.617,233.516,6.781
2025/10/05 02:40:58.983,233.983,6.781
2025/10/05 02:41:00.372,234.48,6.781
2025/10/05 02:41:01.755,235.046,6.781
2025/10/05 02:41:03.327,235.513,6.781
2025/10/05 02:41:04.764,235.972,6.781
2025/10/05 02:41:06.134,236.488,6.781
2025/10/05 02:41:07.510,236.985,6.781
2025/10/05 02:41:08.909,237.524,6.781
2025/10/05 02:41:10.519,237.982,6.781
2025/10/05 02:41:11.918,238.507,6.781
2025/10/05 02:41:13.303,238.985,6.781
2025/10/05 02:41:15.023,239.542,6.781
2025/10/05 02:41:16.412,239.995,6.781
2025/10/05 02:41:17.797,240.509,6.781
2025/10/05 02:41:19.174,241.003,6.781
2025/10/05 02:41:20.609,241.509,6.781
2025/10/05 02:41:22.013,242.011,6.781
2025/10/05 02:41:23.384,242.506,6.781
2025/10/05 02:41:24.988,243.006,6.781
2025/10/05 02:41:26.363,243.519,6.781
2025/10/05 02:41:27.748,244.003,6.781
2025/10/05 02:41:29.107,244.519,6.781
2025/10/05 02:41:30.467,244.997,6.781
2025/10/05 02:41:31.938,245.53,6.781
2025/10/05 02:41:33.283,245.983,6.781
2025/10/05 02:41:34.659,246.502,6.781
2025/10/05 02:41:36.068,247.008,6.781
2025/10/05 02:41:39.086,229.053,4.883
2025/10/05 02:41:40.443,229.454,4.883
2025/10/05 02:41:41.819,230.017,4.883
2025/10/05 02:41:43.399,230.512,4.883
2025/10/05 02:41:44.786,231.009,4.883
2025/10/05 02:41:46.145,231.489,4.883
2025/10/05 02:41:47.518,232.022,4.883
2025/10/05 02:41:48.938,232.492,4.883
2025/10/05 02:41:50.583,233.008,4.883
2025/10/05 02:41:52.000,233.489,4.883
2025/10/05 02:41:53.369,234.016,4.883
2025/10/05 02:41:54.718,234.511,4.883
2025/10/05 02:41:56.122,234.994,4.883
2025/10/05 02:41:57.606,235.51,4.883
2025/10/05 02:41:59.003,235.994,4.883
2025/10/05 02:42:00.378,236.513,4.883
2025/10/05 02:42:01.755,236.993,4.883
2025/10/05 02:42:03.344,237.507,4.883
2025/10/05 02:42:04.729,238.012,4.883
2025/10/05 02:42:06.145,238.504,4.883
2025/10/05 02:42:07.504,239.023,4.883
2025/10/05 02:42:09.083,239.509,4.883
2025/10/05 02:42:10.475,239.979,4.883
2025/10/05 02:42:11.846,240.476,4.883
2025/10/05 02:42:13.212,241.05,4.883
2025/10/05 02:42:14.780,241.514,4.883
2025/10/05 02:42:16.159,242.006,4.883
2025/10/05 02:42:17.544,242.506,4.883
2025/10/05 02:42:18.920,242.995,4.883
2025/10/05 02:42:20.306,243.492,4.883
2025/10/05 02:42:21.859,244.033,4.883
2025/10/05 02:42:23.271,244.522,4.883
2025/10/05 02:42:24.632,244.997,4.883
2025/10/05 02:42:27.291,229.042,4.284
2025/10/05 02:42:28.740,229.413,4.284
2025/10/05 02:42:30.178,230.061,4.284
2025/10/05 02:42:31.534,230.531,4.284
2025/10/05 02:42:33.124,230.992,4.284
2025/10/05 02:42:34.489,231.506,4.284
2025/10/05 02:42:35.861,232.003,4.284
2025/10/05 02:42:37.245,232.522,4.284
2025/10/05 02:42:38.832,232.983,4.284
2025/10/05 02:42:40.253,233.514,4.284
2025/10/05 02:42:41.634,233.978,4.284
2025/10/05 02:42:43.001,234.533,4.284
2025/10/05 02:42:44.602,235.008,4.284
2025/10/05 02:42:45.966,235.477,4.284
2025/10/05 02:42:47.373,236.029,4.284
2025/10/05 02:42:48.731,236.513,4.284
2025/10/05 02:42:50.345,236.958,4.284
2025/10/05 02:42:51.728,237.526,4.284
2025/10/05 02:42:53.100,238.01,4.284
2025/10/05 02:42:54.462,238.499,4.284
2025/10/05 02:42:55.945,238.996,4.284
2025/10/05 02:42:57.345,239.504,4.284
2025/10/05 02:42:58.719,239.998,4.284
2025/10/05 02:43:00.079,240.506,4.284
2025/10/05 02:43:01.686,241.017,4.284
2025/10/05 02:43:03.055,241.501,4.284
2025/10/05 02:43:04.448,242.028,4.284
2025/10/05 02:43:06.017,242.487,4.284
2025/10/05 02:43:07.415,243.025,4.284
2025/10/05 02:43:08.775,243.497,4.284
2025/10/05 02:43:10.169,244.003,4.284
2025/10/05 02:43:11.565,244.505,4.284
2025/10/05 02:43:13.222,245.011,4.284
2025/10/05 02:43:16.134,223.055,11.208
2025/10/05 02:43:17.533,223.958,11.208
2025/10/05 02:43:19.163,224.988,11.208
2025/10/05 02:43:20.582,226.048,11.208
2025/10/05 02:43:21.995,226.982,11.208
2025/10/05 02:43:23.611,227.99,11.208
2025/10/05 02:43:25.018,229.026,11.208
2025/10/05 02:43:26.455,230.023,11.208
2025/10/05 02:43:27.869,231.0,11.208
2025/10/05 02:43:29.534,232.003,11.208
2025/10/05 02:43:30.944,232.986,11.208
2025/10/05 02:43:32.359,234.033,11.208
2025/10/05 02:43:33.772,235.016,11.208
2025/10/05 02:43:35.420,236.021,11.208
2025/10/05 02:43:36.870,236.961,11.208
2025/10/05 02:43:38.275,238.051,11.208
2025/10/05 02:43:39.660,239.034,11.208
2025/10/05 02:43:41.309,239.998,11.208
2025/10/05 02:43:42.747,241.012,11.208
2025/10/05 02:43:44.179,241.992,11.208
2025/10/05 02:43:45.850,243.0,11.208
2025/10/05 02:43:47.253,244.008,11.208
2025/10/05 02:43:48.637,245.008,11.208
2025/10/05 02:43:50.062,246.0,11.208
2025/10/05 02:43:51.679,246.986,11.208
2025/10/05 02:43:53.090,248.026,11.208
2025/10/05 02:43:54.529,249.004,11.208
2025/10/05 02:43:56.144,249.988,11.208
2025/10/05 02:43:57.593,251.018,11.208
2025/10/05 02:44:00.669,227.018,6.778
2025/10/05 02:44:02.043,227.477,6.778
2025/10/05 02:44:03.425,228.001,6.778
2025/10/05 02:44:04.811,228.512,6.778
2025/10/05 02:44:06.380,229.028,6.778
2025/10/05 02:44:07.779,229.493,6.778
2025/10/05 02:44:09.162,230.001,6.778
2025/10/05 02:44:10.516,230.495,6.778
2025/10/05 02:44:12.086,231.028,6.778
2025/10/05 02:44:13.468,231.484,6.778
2025/10/05 02:44:14.836,232.017,6.778
2025/10/05 02:44:16.226,232.495,6.778
2025/10/05 02:44:17.802,233.014,6.778
2025/10/05 02:44:19.189,233.505,6.778
2025/10/05 02:44:20.581,233.986,6.778
2025/10/05 02:44:21.961,234.524,6.778
2025/10/05 02:44:23.330,235.008,6.778
2025/10/05 02:44:24.742,235.519,6.778
2025/10/05 02:44:26.130,236.005,6.778
2025/10/05 02:44:27.485,236.491,6.778
2025/10/05 02:44:28.835,237.004,6.778
2025/10/05 02:44:30.437,237.513,6.778
2025/10/05 02:44:31.808,237.999,6.778
2025/10/05 02:44:33.226,238.485,6.778
2025/10/05 02:44:34.591,239.02,6.778
2025/10/05 02:44:35.981,239.512,6.778
2025/10/05 02:44:37.348,240.001,6.778
2025/10/05 02:44:38.690,240.501,6.778
2025/10/05 02:44:40.077,241.012,6.778
2025/10/05 02:44:41.670,241.495,6.778
2025/10/05 02:44:43.055,242.011,6.778
2025/10/05 02:44:44.419,242.498,6.778
2025/10/05 02:44:45.782,243.028,6.778
2025/10/05 02:44:47.363,243.489,6.778
2025/10/05 02:44:48.751,244.005,6.778
2025/10/05 02:44:50.112,244.505,6.778
2025/10/05 02:44:51.471,245.002,6.778
2025/10/05 02:44:53.196,245.502,6.778
2025/10/05 02:44:54.574,245.994,6.778
2025/10/05 02:44:55.937,246.516,6.778
2025/10/05 02:44:57.297,246.999,6.778
2025/10/05 02:45:00.203,229.045,4.883
2025/10/05 02:45:01.612,229.46,4.883
2025/10/05 02:45:02.976,230.006,4.883
2025/10/05 02:45:04.323,230.52,4.883
2025/10/05 02:45:05.877,230.973,4.883
2025/10/05 02:45:07.278,231.52,4.883
2025/10/05 02:45:08.642,232.011,4.883
2025/10/05 02:45:10.020,232.484,4.883
2025/10/05 02:45:11.649,233.016,4.883
2025/10/05 02:45:13.012,233.511,4.883
2025/10/05 02:45:14.409,234.0,4.883
2025/10/05 02:45:15.769,234.522,4.883
2025/10/05 02:45:17.328,234.986,4.883
2025/10/05 02:45:18.709,235.491,4.883
2025/10/05 02:45:20.096,236.018,4.883
2025/10/05 02:45:21.484,236.524,4.883
2025/10/05 02:45:23.040,236.993,4.883
2025/10/05 02:45:24.466,237.493,4.883
2025/10/05 02:45:25.876,238.007,4.883
2025/10/05 02:45:27.259,238.526,4.883
2025/10/05 02:45:28.614,238.996,4.883
2025/10/05 02:45:30.199,239.501,4.883
2025/10/05 02:45:31.574,240.015,4.883
2025/10/05 02:45:32.949,240.515,4.883
2025/10/05 02:45:34.332,241.009,4.883
2025/10/05 02:45:35.942,241.476,4.883
2025/10/05 02:45:37.316,242.036,4.883
2025/10/05 02:45:38.693,242.503,4.883
2025/10/05 02:45:40.070,242.989,4.883
2025/10/05 02:45:41.629,243.514,4.883
2025/10/05 02:45:42.989,244.005,4.883
2025/10/05 02:45:44.354,244.516,4.883
2025/10/05 02:45:45.758,245.002,4.883
2025/10/05 02:45:48.820,229.048,4.287
2025/10/05 02:45:50.180,229.465,4.287
2025/10/05 02:45:51.583,230.003,4.287
2025/10/05 02:45:53.144,230.506,4.287
2025/10/05 02:45:54.523,231.02,4.287
2025/10/05 02:45:55.882,231.503,4.287
2025/10/05 02:45:57.236,232.014,4.287
2025/10/05 02:45:58.627,232.492,4.287
2025/10/05 02:46:00.029,233.016,4.287
2025/10/05 02:46:01.388,233.481,4.287
2025/10/05 02:46:02.789,234.041,4.287
2025/10/05 02:46:04.165,234.469,4.287
2025/10/05 02:46:05.714,235.06,4.287
2025/10/05 02:46:07.064,235.497,4.287
2025/10/05 02:46:08.426,235.988,4.287
2025/10/05 02:46:09.814,236.513,4.287
2025/10/05 02:46:11.176,236.977,4.287
2025/10/05 02:46:12.785,237.532,4.287
2025/10/05 02:46:14.126,238.004,4.287
2025/10/05 02:46:15.497,238.496,4.287
2025/10/05 02:46:17.107,239.029,4.287
2025/10/05 02:46:18.494,239.485,4.287
2025/10/05 02:46:19.921,240.012,4.287
2025/10/05 02:46:21.285,240.512,4.287
2025/10/05 02:46:22.696,240.984,4.287
2025/10/05 02:46:24.069,241.523,4.287
2025/10/05 02:46:25.463,241.981,4.287
2025/10/05 02:46:26.836,242.489,4.287
2025/10/05 02:46:28.208,243.011,4.287
2025/10/05 02:46:29.759,243.517,4.287
2025/10/05 02:46:31.166,243.989,4.287
2025/10/05 02:46:32.522,244.508,4.287
2025/10/05 02:46:34.105,245.0,4.287
2025/10/05 02:46:37.022,223.052,11.206
2025/10/05 02:46:38.431,223.911,11.206
2025/10/05 02:46:40.073,225.018,11.206
2025/10/05 02:46:41.488,226.013,11.206
2025/10/05 02:46:42.900,226.996,11.206
2025/10/05 02:46:44.535,227.998,11.206
2025/10/05 02:46:45.969,229.023,11.206
2025/10/05 02:46:47.377,230.001,11.206
2025/10/05 02:46:48.947,230.989,11.206
2025/10/05 02:46:50.351,232.017,11.206
2025/10/05 02:46:51.739,233.005,11.206
2025/10/05 02:46:53.148,234.016,11.206
2025/10/05 02:46:54.768,235.008,11.206
2025/10/05 02:46:56.205,236.005,11.206
2025/10/05 02:46:57.641,236.996,11.206
2025/10/05 02:46:59.308,238.054,11.206
2025/10/05 02:47:00.721,238.979,11.206
2025/10/05 02:47:02.123,239.993,11.206
2025/10/05 02:47:03.535,241.001,11.206
2025/10/05 02:47:05.039,242.017,11.206
2025/10/05 02:47:06.487,243.006,11.206
2025/10/05 02:47:07.878,244.016,11.206
2025/10/05 02:47:09.475,245.008,11.206
2025/10/05 02:47:10.907,246.0,11.206
2025/10/05 02:47:12.307,247.016,11.206
2025/10/05 02:47:13.713,248.021,11.206
2025/10/05 02:47:15.341,248.98,11.206
2025/10/05 02:47:16.772,250.001,11.206
2025/10/05 02:47:18.175,251.026,11.206
2025/10/05 02:47:21.261,227.026,6.781
2025/10/05 02:47:22.640,227.455,6.781
2025/10/05 02:47:24.031,228.031,6.781
2025/10/05 02:47:25.400,228.496,6.781
2025/10/05 02:47:26.934,229.004,6.781
2025/10/05 02:47:28.300,229.506,6.781
2025/10/05 02:47:29.675,230.006,6.781
2025/10/05 02:47:31.056,230.506,6.781
2025/10/05 02:47:32.450,231.006,6.781
2025/10/05 02:47:34.032,231.498,6.781
2025/10/05 02:47:35.385,232.019,6.781
2025/10/05 02:47:36.770,232.506,6.781
2025/10/05 02:47:38.118,232.989,6.781
2025/10/05 02:47:39.688,233.516,6.781
2025/10/05 02:47:41.058,233.991,6.781
2025/10/05 02:47:42.436,234.489,6.781
2025/10/05 02:47:43.817,235.016,6.781
2025/10/05 02:47:45.167,235.516,6.781
2025/10/05 02:47:46.750,235.996,6.781
2025/10/05 02:47:48.127,236.477,6.781
2025/10/05 02:47:49.525,237.04,6.781
2025/10/05 02:47:51.090,237.493,6.781
2025/10/05 02:47:52.502,238.004,6.781
2025/10/05 02:47:53.874,238.504,6.781
2025/10/05 02:47:55.256,239.012,6.781
2025/10/05 02:47:56.628,239.515,6.781
2025/10/05 02:47:58.202,240.001,6.781
2025/10/05 02:47:59.604,240.493,6.781
2025/10/05 02:48:00.968,240.992,6.781
2025/10/05 02:48:02.348,241.512,6.781
2025/10/05 02:48:03.778,242.036,6.781
2025/10/05 02:48:05.182,242.503,6.781
2025/10/05 02:48:06.539,242.995,6.781
2025/10/05 02:48:07.917,243.514,6.781
2025/10/05 02:48:09.499,244.041,6.781
2025/10/05 02:48:10.887,244.456,6.781
2025/10/05 02:48:12.317,245.016,6.781
2025/10/05 02:48:13.687,245.494,6.781
2025/10/05 02:48:15.278,246.016,6.781
2025/10/05 02:48:16.697,246.499,6.781
2025/10/05 02:48:18.111,247.024,6.781
2025/10/05 02:48:21.160,229.017,4.883
2025/10/05 02:48:22.536,229.468,4.883
2025/10/05 02:48:23.911,230.047,4.883
2025/10/05 02:48:25.285,230.459,4.883
2025/10/05 02:48:26.964,231.047,4.883
2025/10/05 02:48:28.356,231.467,4.883
2025/10/05 02:48:29.743,232.014,4.883
2025/10/05 02:48:31.091,232.506,4.883
2025/10/05 02:48:32.459,233.014,4.883
2025/10/05 02:48:33.852,233.481,4.883
2025/10/05 02:48:35.229,234.027,4.883
2025/10/05 02:48:36.597,234.502,4.883
2025/10/05 02:48:37.969,235.013,4.883
2025/10/05 02:48:39.522,235.505,4.883
2025/10/05 02:48:40.902,236.005,4.883
2025/10/05 02:48:42.295,236.507,4.883
2025/10/05 02:48:43.654,236.993,4.883
2025/10/05 02:48:45.209,237.529,4.883
2025/10/05 02:48:46.601,237.985,4.883
2025/10/05 02:48:47.952,238.515,4.883
2025/10/05 02:48:49.335,239.009,4.883
2025/10/05 02:48:50.933,239.501,4.883
2025/10/05 02:48:52.319,240.004,4.883
2025/10/05 02:48:53.728,240.501,4.883
2025/10/05 02:48:55.096,241.014,4.883
2025/10/05 02:48:56.460,241.514,4.883
2025/10/05 02:48:58.009,241.992,4.883
2025/10/05 02:48:59.413,242.495,4.883
2025/10/05 02:49:00.764,243.006,4.883
2025/10/05 02:49:02.127,243.514,4.883
2025/10/05 02:49:03.731,244.016,4.883
2025/10/05 02:49:05.150,244.5,4.883
2025/10/05 02:49:06.528,245.0,4.883
2025/10/05 02:49:09.089,229.037,4.284
2025/10/05 02:49:10.479,229.465,4.284
2025/10/05 02:49:12.033,230.003,4.284
2025/10/05 02:49:13.434,230.514,4.284
2025/10/05 02:49:14.797,230.998,4.284
2025/10/05 02:49:16.173,231.509,4.284
2025/10/05 02:49:17.730,232.011,4.284
2025/10/05 02:49:19.126,232.497,4.284
2025/10/05 02:49:20.521,233.008,4.284
2025/10/05 02:49:21.890,233.514,4.284
2025/10/05 02:49:23.240,233.994,4.284
2025/10/05 02:49:24.778,234.502,4.284
2025/10/05 02:49:26.179,234.991,4.284
2025/10/05 02:49:27.554,235.521,4.284
2025/10/05 02:49:28.911,235.996,4.284
2025/10/05 02:49:30.519,236.499,4.284
2025/10/05 02:49:31.869,237.007,4.284
2025/10/05 02:49:33.239,237.504,4.284
2025/10/05 02:49:34.639,237.999,4.284
2025/10/05 02:49:36.319,238.51,4.284
2025/10/05 02:49:37.696,239.015,4.284
2025/10/05 02:49:39.043,239.507,4.284
2025/10/05 02:49:40.442,240.006,4.284
2025/10/05 02:49:41.844,240.498,4.284
2025/10/05 02:49:43.227,240.992,4.284
2025/10/05 02:49:44.581,241.509,4.284
2025/10/05 02:49:45.967,242.011,4.284
2025/10/05 02:49:47.533,242.503,4.284
2025/10/05 02:49:48.929,242.995,4.284
2025/10/05 02:49:50.307,243.514,4.284
2025/10/05 02:49:51.677,243.989,4.284
2025/10/05 02:49:53.267,244.522,4.284
2025/10/05 02:49:54.645,245.03,4.284
2025/10/05 02:49:57.828,223.038,11.206
2025/10/05 02:49:59.247,223.944,11.206
2025/10/05 02:50:00.678,225.005,11.206
2025/10/05 02:50:02.281,225.996,11.206
2025/10/05 02:50:03.687,227.007,11.206
2025/10/05 02:50:05.078,227.998,11.206
2025/10/05 02:50:06.488,229.001,11.206
2025/10/05 02:50:07.917,229.995,11.206
2025/10/05 02:50:09.362,231.022,11.206
2025/10/05 02:50:10.765,232.008,11.206
2025/10/05 02:50:12.349,232.997,11.206
2025/10/05 02:50:13.747,234.0,11.206
2025/10/05 02:50:15.144,234.994,11.206
2025/10/05 02:50:16.576,236.027,11.206
2025/10/05 02:50:18.226,236.996,11.206
2025/10/05 02:50:19.655,237.996,11.206
2025/10/05 02:50:21.110,239.004,11.206
2025/10/05 02:50:22.544,240.012,11.206
2025/10/05 02:50:24.126,241.009,11.206
2025/10/05 02:50:25.545,241.965,11.206
2025/10/05 02:50:26.973,243.044,11.206
2025/10/05 02:50:28.613,244.019,11.206
2025/10/05 02:50:30.033,244.986,11.206
2025/10/05 02:50:31.466,245.994,11.206
2025/10/05 02:50:33.043,247.035,11.206
2025/10/05 02:50:34.495,247.999,11.206
2025/10/05 02:50:35.899,249.004,11.206
2025/10/05 02:50:37.291,250.021,11.206
2025/10/05 02:50:38.892,250.99,11.206
2025/10/05 02:50:41.708,227.021,6.781
2025/10/05 02:50:43.255,227.466,6.781
2025/10/05 02:50:44.678,228.009,6.781
2025/10/05 02:50:46.056,228.487,6.781
2025/10/05 02:50:47.465,229.026,6.781
2025/10/05 02:50:48.863,229.523,6.781
2025/10/05 02:50:50.254,230.009,6.781
2025/10/05 02:50:51.649,230.484,6.781
2025/10/05 02:50:53.039,230.995,6.781
2025/10/05 02:50:54.609,231.558,6.781
2025/10/05 02:50:55.996,232.003,6.781
2025/10/05 02:50:57.375,232.511,6.781
2025/10/05 02:50:58.755,232.981,6.781
2025/10/05 02:51:00.417,233.516,6.781
2025/10/05 02:51:01.808,233.98,6.781
2025/10/05 02:51:03.179,234.541,6.781
2025/10/05 02:51:04.590,234.991,6.781
2025/10/05 02:51:06.135,235.524,6.781
2025/10/05 02:51:07.535,235.996,6.781
2025/10/05 02:51:08.887,236.518,6.781
2025/10/05 02:51:10.282,236.993,6.781
2025/10/05 02:51:11.856,237.502,6.781
2025/10/05 02:51:13.260,238.021,6.781
2025/10/05 02:51:14.600,238.488,6.781
2025/10/05 02:51:15.955,239.07,6.781
2025/10/05 02:51:17.555,239.432,6.781
2025/10/05 02:51:18.927,240.012,6.781
2025/10/05 02:51:20.309,240.515,6.781
2025/10/05 02:51:21.692,240.995,6.781
2025/10/05 02:51:23.369,241.509,6.781
2025/10/05 02:51:24.721,242.014,6.781
2025/10/05 02:51:26.097,242.495,6.781
2025/10/05 02:51:27.455,243.006,6.781
2025/10/05 02:51:29.053,243.508,6.781
2025/10/05 02:51:30.435,244.014,6.781
2025/10/05 02:51:31.768,244.492,6.781
2025/10/05 02:51:33.171,245.013,6.781
2025/10/05 02:51:34.783,245.497,6.781
2025/10/05 02:51:36.181,246.013,6.781
2025/10/05 02:51:37.583,246.494,6.781
2025/10/05 02:51:38.952,247.016,6.781
2025/10/05 02:51:42.017,229.045,4.886
2025/10/05 02:51:43.412,229.46,4.886
2025/10/05 02:51:44.780,229.995,4.886
2025/10/05 02:51:46.362,230.52,4.886
2025/10/05 02:51:47.745,231.0,4.886
2025/10/05 02:51:49.126,231.506,4.886
2025/10/05 02:51:50.498,231.995,4.886
2025/10/05 02:51:51.892,232.522,4.886
2025/10/05 02:51:53.292,233.005,4.886
2025/10/05 02:51:54.643,233.497,4.886
2025/10/05 02:51:56.045,234.002,4.886
2025/10/05 02:51:57.638,234.511,4.886
2025/10/05 02:51:59.042,234.997,4.886
2025/10/05 02:52:00.374,235.491,4.886
2025/10/05 02:52:01.737,236.032,4.886
2025/10/05 02:52:03.300,236.507,4.886
2025/10/05 02:52:04.724,236.971,4.886
2025/10/05 02:52:06.082,237.526,4.886
2025/10/05 02:52:07.455,237.999,4.886
2025/10/05 02:52:09.033,238.488,4.886
2025/10/05 02:52:10.429,239.023,4.886
2025/10/05 02:52:11.804,239.468,4.886
2025/10/05 02:52:13.170,240.061,4.886
2025/10/05 02:52:14.579,240.493,4.886
2025/10/05 02:52:15.988,240.99,4.886
2025/10/05 02:52:17.329,241.528,4.886
2025/10/05 02:52:18.726,241.973,4.886
2025/10/05 02:52:20.105,242.542,4.886
2025/10/05 02:52:21.670,243.0,4.886
2025/10/05 02:52:23.066,243.497,4.886
2025/10/05 02:52:24.404,244.022,4.886
2025/10/05 02:52:25.777,244.467,4.886
2025/10/05 02:52:27.343,245.013,4.886
2025/10/05 02:52:29.894,229.045,4.287
2025/10/05 02:52:31.265,229.465,4.287
2025/10/05 02:52:32.613,230.02,4.287
2025/10/05 02:52:34.275,230.481,4.287
2025/10/05 02:52:35.640,231.028,4.287
2025/10/05 02:52:37.043,231.503,4.287
2025/10/05 02:52:38.396,232.017,4.287
2025/10/05 02:52:39.770,232.492,4.287
2025/10/05 02:52:41.341,232.986,4.287
2025/10/05 02:52:42.741,233.508,4.287
2025/10/05 02:52:44.112,234.03,4.287
2025/10/05 02:52:45.455,234.513,4.287
2025/10/05 02:52:47.075,235.002,4.287
2025/10/05 02:52:48.429,235.488,4.287
2025/10/05 02:52:49.805,235.994,4.287
2025/10/05 02:52:51.181,236.557,4.287
2025/10/05 02:52:52.528,236.958,4.287
2025/10/05 02:52:54.138,237.565,4.287
2025/10/05 02:52:55.497,238.012,4.287
2025/10/05 02:52:56.873,238.479,4.287
2025/10/05 02:52:58.240,239.018,4.287
2025/10/05 02:52:59.819,239.518,4.287
2025/10/05 02:53:01.197,239.971,4.287
2025/10/05 02:53:02.539,240.556,4.287
2025/10/05 02:53:03.936,240.96,4.287
2025/10/05 02:53:05.479,241.523,4.287
2025/10/05 02:53:06.892,242.006,4.287
2025/10/05 02:53:08.259,242.509,4.287
2025/10/05 02:53:09.622,243.022,4.287
2025/10/05 02:53:11.178,243.486,4.287
2025/10/05 02:53:12.578,243.989,4.287
2025/10/05 02:53:13.950,244.516,4.287
2025/10/05 02:53:15.322,245.019,4.287
2025/10/05 02:53:18.565,223.049,11.206
2025/10/05 02:53:19.990,223.942,11.206
2025/10/05 02:53:21.592,224.994,11.206
2025/10/05 02:53:23.032,226.032,11.206
2025/10/05 02:53:24.444,227.01,11.206
2025/10/05 02:53:26.085,227.99,11.206
2025/10/05 02:53:27.490,229.001,11.206
2025/10/05 02:53:28.911,230.014,11.206
2025/10/05 02:53:30.317,230.998,11.206
2025/10/05 02:53:31.997,232.003,11.206
2025/10/05 02:53:33.400,233.0,11.206
2025/10/05 02:53:34.820,234.024,11.206
2025/10/05 02:53:36.239,234.994,11.206
2025/10/05 02:53:37.669,235.996,11.206
2025/10/05 02:53:39.074,237.015,11.206
2025/10/05 02:53:40.667,237.996,11.206
2025/10/05 02:53:42.094,239.007,11.206
2025/10/05 02:53:43.498,240.026,11.206
2025/10/05 02:53:45.088,240.998,11.206
2025/10/05 02:53:46.535,242.011,11.206
2025/10/05 02:53:47.929,243.008,11.206
2025/10/05 02:53:49.339,244.003,11.206
2025/10/05 02:53:50.974,245.005,11.206
2025/10/05 02:53:52.420,246.019,11.206
2025/10/05 02:53:53.829,246.986,11.206
2025/10/05 02:53:55.454,248.018,11.206
2025/10/05 02:53:56.892,249.004,11.206
2025/10/05 02:53:58.315,250.01,11.206
2025/10/05 02:53:59.708,251.001,11.206
2025/10/05 02:54:02.889,227.007,6.781
2025/10/05 02:54:04.274,227.463,6.781
2025/10/05 02:54:05.847,227.976,6.781
2025/10/05 02:54:07.218,228.528,6.781
2025/10/05 02:54:08.602,229.02,6.781
2025/10/05 02:54:09.942,229.52,6.781
2025/10/05 02:54:11.589,229.995,6.781
2025/10/05 02:54:12.946,230.495,6.781
2025/10/05 02:54:14.320,231.014,6.781
2025/10/05 02:54:15.700,231.5,6.781
2025/10/05 02:54:17.247,232.011,6.781
2025/10/05 02:54:18.648,232.514,6.781
2025/10/05 02:54:20.016,232.994,6.781
2025/10/05 02:54:21.374,233.505,6.781
2025/10/05 02:54:22.746,234.002,6.781
2025/10/05 02:54:24.441,234.497,6.781
2025/10/05 02:54:25.797,235.002,6.781
2025/10/05 02:54:27.198,235.488,6.781
2025/10/05 02:54:28.581,236.013,6.781
2025/10/05 02:54:30.147,236.507,6.781
2025/10/05 02:54:31.543,236.993,6.781
2025/10/05 02:54:32.920,237.515,6.781
2025/10/05 02:54:34.299,238.012,6.781
2025/10/05 02:54:35.879,238.49,6.781
2025/10/05 02:54:37.293,239.018,6.781
2025/10/05 02:54:38.692,239.52,6.781
2025/10/05 02:54:40.057,239.99,6.781
2025/10/05 02:54:41.425,240.509,6.781
2025/10/05 02:54:42.988,240.995,6.781
2025/10/05 02:54:44.385,241.514,6.781
2025/10/05 02:54:45.767,241.998,6.781
2025/10/05 02:54:47.361,242.509,6.781
2025/10/05 02:54:48.741,243.003,6.781
2025/10/05 02:54:50.089,243.508,6.781
2025/10/05 02:54:51.470,244.016,6.781
2025/10/05 02:54:52.833,244.508,6.781
2025/10/05 02:54:54.412,245.0,6.781
2025/10/05 02:54:55.843,245.475,6.781
2025/10/05 02:54:57.211,246.03,6.781
2025/10/05 02:54:58.567,246.494,6.781
2025/10/05 02:54:59.969,247.016,6.781
2025/10/05 02:55:02.593,229.05,4.886
2025/10/05 02:55:03.985,229.454,4.886
2025/10/05 02:55:05.556,230.001,4.886
2025/10/05 02:55:06.958,230.512,4.886
2025/10/05 02:55:08.326,231.011,4.886
2025/10/05 02:55:09.688,231.498,4.886
2025/10/05 02:55:11.248,231.989,4.886
2025/10/05 02:55:12.608,232.519,4.886
2025/10/05 02:55:13.978,233.019,4.886
2025/10/05 02:55:15.360,233.505,4.886
2025/10/05 02:55:16.952,233.989,4.886
2025/10/05 02:55:18.336,234.513,4.886
2025/10/05 02:55:19.703,234.988,4.886
2025/10/05 02:55:21.286,235.508,4.886
2025/10/05 02:55:22.713,236.021,4.886
2025/10/05 02:55:24.093,236.507,4.886
2025/10/05 02:55:25.448,236.999,4.886
2025/10/05 02:55:26.843,237.48,4.886
2025/10/05 02:55:28.277,238.021,4.886
2025/10/05 02:55:29.629,238.51,4.886
2025/10/05 02:55:31.027,238.99,4.886
2025/10/05 02:55:32.401,239.501,4.886
2025/10/05 02:55:34.833,240.026,4.886
2025/10/05 02:55:36.260,240.498,4.886
2025/10/05 02:55:37.622,241.009,4.886
2025/10/05 02:55:39.002,241.503,4.886
2025/10/05 02:55:40.364,242.006,4.886
2025/10/05 02:55:41.964,242.511,4.886
2025/10/05 02:55:43.349,242.997,4.886
2025/10/05 02:55:44.733,243.495,4.886
2025/10/05 02:55:46.124,244.027,4.886
2025/10/05 02:55:47.687,244.494,4.886
2025/10/05 02:55:49.111,245.005,4.886
2025/10/05 02:55:51.659,229.037,4.287
2025/10/05 02:55:53.023,229.454,4.287
2025/10/05 02:55:54.640,230.014,4.287
2025/10/05 02:55:56.014,230.512,4.287
2025/10/05 02:55:57.402,230.989,4.287
2025/10/05 02:55:58.978,231.509,4.287
2025/10/05 02:56:00.355,232.022,4.287
2025/10/05 02:56:01.711,232.489,4.287
2025/10/05 02:56:03.094,233.011,4.287
2025/10/05 02:56:04.707,233.505,4.287
2025/10/05 02:56:06.117,234.0,4.287
2025/10/05 02:56:07.509,234.505,4.287
2025/10/05 02:56:08.881,235.016,4.287
2025/10/05 02:56:10.481,235.508,4.287
2025/10/05 02:56:11.880,235.996,4.287
2025/10/05 02:56:13.256,236.521,4.287
2025/10/05 02:56:14.674,236.996,4.287
2025/10/05 02:56:16.241,237.477,4.287
2025/10/05 02:56:17.638,238.018,4.287
2025/10/05 02:56:19.008,238.51,4.287
2025/10/05 02:56:20.387,239.001,4.287
2025/10/05 02:56:21.964,239.507,4.287
2025/10/05 02:56:23.368,239.993,4.287
2025/10/05 02:56:24.715,240.528,4.287
2025/10/05 02:56:26.105,241.006,4.287
2025/10/05 02:56:27.732,241.503,4.287
2025/10/05 02:56:29.138,242.003,4.287
2025/10/05 02:56:30.523,242.511,4.287
2025/10/05 02:56:31.880,242.989,4.287
2025/10/05 02:56:33.447,243.503,4.287
2025/10/05 02:56:34.841,244.022,4.287
2025/10/05 02:56:36.200,244.505,4.287
2025/10/05 02:56:37.560,244.997,4.287
2025/10/05 02:56:40.845,223.044,11.208
2025/10/05 02:56:42.271,223.914,11.208
2025/10/05 02:56:43.685,225.018,11.208
2025/10/05 02:56:45.301,226.015,11.208
2025/10/05 02:56:46.729,226.999,11.208
2025/10/05 02:56:48.148,228.012,11.208
2025/10/05 02:56:49.768,228.993,11.208
2025/10/05 02:56:51.198,230.023,11.208
2025/10/05 02:56:52.633,230.992,11.208
2025/10/05 02:56:54.202,232.017,11.208
2025/10/05 02:56:55.672,233.011,11.208
2025/10/05 02:56:57.061,233.994,11.208
2025/10/05 02:56:58.455,234.999,11.208
2025/10/05 02:57:00.060,235.994,11.208
2025/10/05 02:57:01.485,237.015,11.208
2025/10/05 02:57:02.887,238.004,11.208
2025/10/05 02:57:04.331,239.015,11.208
2025/10/05 02:57:05.993,240.015,11.208
2025/10/05 02:57:07.443,241.009,11.208
2025/10/05 02:57:08.865,241.987,11.208
2025/10/05 02:57:10.470,242.995,11.208
2025/10/05 02:57:11.902,244.027,11.208
2025/10/05 02:57:13.318,245.013,11.208
2025/10/05 02:57:14.932,245.997,11.208
2025/10/05 02:57:16.342,246.994,11.208
2025/10/05 02:57:17.757,248.015,11.208
2025/10/05 02:57:19.379,249.013,11.208
2025/10/05 02:57:20.792,250.001,11.208
2025/10/05 02:57:22.214,251.018,11.208
2025/10/05 02:57:25.331,227.059,6.781
2025/10/05 02:57:26.735,227.457,6.781
2025/10/05 02:57:28.125,228.02,6.781
2025/10/05 02:57:29.492,228.49,6.781
2025/10/05 02:57:31.053,229.009,6.781
2025/10/05 02:57:32.453,229.512,6.781
2025/10/05 02:57:33.806,230.006,6.781
2025/10/05 02:57:35.427,230.503,6.781
2025/10/05 02:57:36.806,231.006,6.781
2025/10/05 02:57:38.168,231.511,6.781
2025/10/05 02:57:39.554,232.006,6.781
2025/10/05 02:57:40.904,232.481,6.781
2025/10/05 02:57:42.331,233.011,6.781
2025/10/05 02:57:43.719,233.505,6.781
2025/10/05 02:57:45.090,234.005,6.781
2025/10/05 02:57:46.471,234.513,6.781
2025/10/05 02:57:48.050,234.991,6.781
2025/10/05 02:57:49.428,235.502,6.781
2025/10/05 02:57:50.794,235.999,6.781
2025/10/05 02:57:52.376,236.521,6.781
2025/10/05 02:57:53.781,236.985,6.781
2025/10/05 02:57:55.167,237.518,6.781
2025/10/05 02:57:56.544,237.99,6.781
2025/10/05 02:57:57.913,238.521,6.781
2025/10/05 02:57:59.290,238.996,6.781
2025/10/05 02:58:00.670,239.474,6.781
2025/10/05 02:58:02.037,240.031,6.781
2025/10/05 02:58:03.617,240.484,6.781
2025/10/05 02:58:05.031,241.031,6.781
2025/10/05 02:58:06.403,241.503,6.781
2025/10/05 02:58:07.771,242.003,6.781
2025/10/05 02:58:09.295,242.52,6.781
2025/10/05 02:58:10.693,242.995,6.781
2025/10/05 02:58:12.070,243.503,6.781
2025/10/05 02:58:13.447,244.019,6.781
2025/10/05 02:58:15.019,244.503,6.781
2025/10/05 02:58:16.432,245.005,6.781
2025/10/05 02:58:17.817,245.502,6.781
2025/10/05 02:58:19.367,245.997,6.781
2025/10/05 02:58:20.763,246.519,6.781
2025/10/05 02:58:22.155,247.016,6.781
2025/10/05 02:58:25.003,229.048,4.883
2025/10/05 02:58:26.400,229.454,4.883
2025/10/05 02:58:27.762,230.012,4.883
2025/10/05 02:58:29.132,230.509,4.883
2025/10/05 02:58:30.508,231.014,4.883
2025/10/05 02:58:32.077,231.495,4.883
2025/10/05 02:58:33.449,232.008,4.883
2025/10/05 02:58:34.832,232.492,4.883
2025/10/05 02:58:36.393,233.011,4.883
2025/10/05 02:58:37.767,233.505,4.883
2025/10/05 02:58:39.137,233.986,4.883
2025/10/05 02:58:40.486,234.533,4.883
2025/10/05 02:58:41.851,234.999,4.883
2025/10/05 02:58:43.383,235.508,4.883
2025/10/05 02:58:44.789,235.996,4.883
2025/10/05 02:58:46.159,236.507,4.883
2025/10/05 02:58:47.505,237.01,4.883
2025/10/05 02:58:49.049,237.491,4.883
2025/10/05 02:58:50.476,237.996,4.883
2025/10/05 02:58:51.826,238.504,4.883
2025/10/05 02:58:53.379,239.004,4.883
2025/10/05 02:58:54.767,239.512,4.883
2025/10/05 02:58:56.133,240.015,4.883
2025/10/05 02:58:57.474,240.515,4.883
2025/10/05 02:58:58.893,241.001,4.883
2025/10/05 02:59:00.360,241.501,4.883
2025/10/05 02:59:01.714,242.0,4.883
2025/10/05 02:59:03.089,242.522,4.883
2025/10/05 02:59:04.450,243.003,4.883
2025/10/05 02:59:06.044,243.5,4.883
2025/10/05 02:59:07.441,244.008,4.883
2025/10/05 02:59:08.811,244.503,4.883
2025/10/05 02:59:10.151,245.013,4.883
2025/10/05 02:59:12.994,229.028,4.284
2025/10/05 02:59:14.385,229.46,4.284
2025/10/05 02:59:15.768,230.012,4.284
2025/10/05 02:59:17.306,230.517,4.284
2025/10/05 02:59:18.687,230.989,4.284
2025/10/05 02:59:20.052,231.517,4.284
2025/10/05 02:59:21.411,232.039,4.284
2025/10/05 02:59:22.992,232.456,4.284
2025/10/05 02:59:24.375,233.014,4.284
2025/10/05 02:59:25.757,233.5,4.284
2025/10/05 02:59:27.144,233.98,4.284
2025/10/05 02:59:28.511,234.516,4.284
2025/10/05 02:59:30.081,235.002,4.284
2025/10/05 02:59:31.445,235.499,4.284
2025/10/05 02:59:32.804,236.016,4.284
2025/10/05 02:59:34.178,236.507,4.284
2025/10/05 02:59:35.797,237.015,4.284
2025/10/05 02:59:37.156,237.496,4.284
2025/10/05 02:59:38.504,238.001,4.284
2025/10/05 02:59:39.916,238.504,4.284
2025/10/05 02:59:41.387,238.998,4.284
2025/10/05 02:59:42.774,239.518,4.284
2025/10/05 02:59:44.168,239.993,4.284
2025/10/05 02:59:45.542,240.512,4.284
2025/10/05 02:59:47.098,241.003,4.284
2025/10/05 02:59:48.491,241.509,4.284
2025/10/05 02:59:49.858,241.998,4.284
2025/10/05 02:59:51.419,242.5,4.284
2025/10/05 02:59:52.819,243.011,4.284
2025/10/05 02:59:54.209,243.497,4.284
2025/10/05 02:59:55.595,244.022,4.284
2025/10/05 02:59:56.958,244.516,4.284
2025/10/05 02:59:58.596,244.992,4.284
2025/10/05 03:00:01.471,223.055,11.206
2025/10/05 03:00:03.115,223.925,11.206
2025/10/05 03:00:04.548,225.018,11.206
2025/10/05 03:00:05.952,226.007,11.206
2025/10/05 03:00:07.342,227.01,11.206
2025/10/05 03:00:08.922,228.001,11.206
2025/10/05 03:00:10.353,229.006,11.206
2025/10/05 03:00:11.758,230.006,11.206
2025/10/05 03:00:13.344,231.003,11.206
2025/10/05 03:00:14.779,231.997,11.206
2025/10/05 03:00:16.175,233.016,11.206
2025/10/05 03:00:17.552,234.0,11.206
2025/10/05 03:00:19.164,234.994,11.206
2025/10/05 03:00:20.596,236.01,11.206
2025/10/05 03:00:22.032,237.018,11.206
2025/10/05 03:00:23.674,238.015,11.206
2025/10/05 03:00:25.101,238.99,11.206
2025/10/05 03:00:26.518,239.995,11.206
2025/10/05 03:00:27.919,241.012,11.206
2025/10/05 03:00:29.417,242.006,11.206
2025/10/05 03:00:30.837,243.0,11.206
2025/10/05 03:00:32.256,244.003,11.206
2025/10/05 03:00:33.870,245.019,11.206
2025/10/05 03:00:35.298,245.986,11.206
2025/10/05 03:00:36.720,247.018,11.206
2025/10/05 03:00:38.335,248.018,11.206
2025/10/05 03:00:39.788,248.991,11.206
2025/10/05 03:00:41.191,250.004,11.206
2025/10/05 03:00:42.596,251.004,11.206
2025/10/05 03:00:45.685,226.985,6.784
2025/10/05 03:00:47.252,227.457,6.784
2025/10/05 03:00:48.635,228.012,6.784
2025/10/05 03:00:50.011,228.512,6.784
2025/10/05 03:00:51.398,229.001,6.784
2025/10/05 03:00:52.748,229.509,6.784
2025/10/05 03:00:54.332,230.009,6.784
2025/10/05 03:00:55.731,230.503,6.784
2025/10/05 03:00:57.110,231.003,6.784
2025/10/05 03:00:58.479,231.525,6.784
2025/10/05 03:01:00.080,231.995,6.784
2025/10/05 03:01:01.402,232.506,6.784
2025/10/05 03:01:02.770,233.005,6.784
2025/10/05 03:01:04.142,233.494,6.784
2025/10/05 03:01:05.735,233.997,6.784
2025/10/05 03:01:07.123,234.502,6.784
2025/10/05 03:01:08.516,234.999,6.784
2025/10/05 03:01:09.872,235.524,6.784
2025/10/05 03:01:11.442,235.991,6.784
2025/10/05 03:01:12.841,236.51,6.784
2025/10/05 03:01:14.227,236.991,6.784
2025/10/05 03:01:15.604,237.548,6.784
2025/10/05 03:01:16.944,237.99,6.784
2025/10/05 03:01:18.408,238.51,6.784
2025/10/05 03:01:19.788,239.007,6.784
2025/10/05 03:01:21.136,239.501,6.784
2025/10/05 03:01:22.519,239.99,6.784
2025/10/05 03:01:24.093,240.534,6.784
2025/10/05 03:01:25.484,241.009,6.784
2025/10/05 03:01:26.851,241.525,6.784
2025/10/05 03:01:28.259,241.992,6.784
2025/10/05 03:01:29.852,242.487,6.784
2025/10/05 03:01:31.270,243.008,6.784
2025/10/05 03:01:32.638,243.508,6.784
2025/10/05 03:01:33.999,244.014,6.784
2025/10/05 03:01:35.384,244.494,6.784
2025/10/05 03:01:36.973,245.002,6.784
2025/10/05 03:01:38.318,245.505,6.784
2025/10/05 03:01:39.694,246.027,6.784
2025/10/05 03:01:41.056,246.464,6.784
2025/10/05 03:01:42.428,247.04,6.784
2025/10/05 03:01:45.484,229.034,4.883
2025/10/05 03:01:46.882,229.46,4.883
2025/10/05 03:01:48.448,230.012,4.883
2025/10/05 03:01:49.848,230.503,4.883
2025/10/05 03:01:51.244,230.995,4.883
2025/10/05 03:01:52.635,231.509,4.883
2025/10/05 03:01:54.004,232.028,4.883
2025/10/05 03:01:55.631,232.489,4.883
2025/10/05 03:01:57.030,233.003,4.883
2025/10/05 03:01:58.425,233.511,4.883
2025/10/05 03:01:59.774,234.008,4.883
2025/10/05 03:02:01.329,234.511,4.883
2025/10/05 03:02:02.714,234.999,4.883
2025/10/05 03:02:04.082,235.51,4.883
2025/10/05 03:02:05.431,236.016,4.883
2025/10/05 03:02:06.807,236.491,4.883
2025/10/05 03:02:08.410,237.004,4.883
2025/10/05 03:02:09.768,237.499,4.883
2025/10/05 03:02:11.134,238.004,4.883
2025/10/05 03:02:12.498,238.493,4.883
2025/10/05 03:02:14.063,239.02,4.883
2025/10/05 03:02:15.431,239.515,4.883
2025/10/05 03:02:16.811,240.017,4.883
2025/10/05 03:02:18.177,240.479,4.883
2025/10/05 03:02:19.725,241.012,4.883
2025/10/05 03:02:21.107,241.498,4.883
2025/10/05 03:02:22.463,242.006,4.883
2025/10/05 03:02:23.855,242.5,4.883
2025/10/05 03:02:25.415,243.017,4.883
2025/10/05 03:02:26.802,243.506,4.883
2025/10/05 03:02:28.165,244.0,4.883
2025/10/05 03:02:29.540,244.508,4.883
2025/10/05 03:02:31.125,244.997,4.883
2025/10/05 03:02:33.701,229.017,4.284
2025/10/05 03:02:35.067,229.454,4.284
2025/10/05 03:02:36.440,230.012,4.284
2025/10/05 03:02:37.998,230.501,4.284
2025/10/05 03:02:39.400,231.025,4.284
2025/10/05 03:02:40.768,231.514,4.284
2025/10/05 03:02:42.327,232.008,4.284
2025/10/05 03:02:43.713,232.486,4.284
2025/10/05 03:02:45.084,233.005,4.284
2025/10/05 03:02:46.456,233.511,4.284
2025/10/05 03:02:47.858,234.002,4.284
2025/10/05 03:02:49.392,234.497,4.284
2025/10/05 03:02:50.756,235.024,4.284
2025/10/05 03:02:52.147,235.488,4.284
2025/10/05 03:02:53.494,236.027,4.284
2025/10/05 03:02:55.088,236.51,4.284
2025/10/05 03:02:56.441,236.988,4.284
2025/10/05 03:02:57.803,237.507,4.284
2025/10/05 03:02:59.185,238.001,4.284
2025/10/05 03:03:00.739,238.499,4.284
2025/10/05 03:03:02.154,239.015,4.284
2025/10/05 03:03:03.513,239.512,4.284
2025/10/05 03:03:04.887,239.987,4.284
2025/10/05 03:03:06.433,240.542,4.284
2025/10/05 03:03:07.826,240.979,4.284
2025/10/05 03:03:09.210,241.528,4.284
2025/10/05 03:03:10.593,242.003,4.284
2025/10/05 03:03:12.159,242.503,4.284
2025/10/05 03:03:13.560,243.011,4.284
2025/10/05 03:03:14.942,243.495,4.284
2025/10/05 03:03:16.497,244.005,4.284
2025/10/05 03:03:17.866,244.5,4.284
2025/10/05 03:03:19.280,245.011,4.284
2025/10/05 03:03:22.258,223.044,11.206
2025/10/05 03:03:23.655,223.947,11.206
2025/10/05 03:03:25.098,224.98,11.206
2025/10/05 03:03:26.730,226.015,11.206
2025/10/05 03:03:28.161,227.015,11.206
2025/10/05 03:03:29.564,228.02,11.206
2025/10/05 03:03:30.962,228.976,11.206
2025/10/05 03:03:32.610,230.017,11.206
2025/10/05 03:03:34.024,231.003,11.206
2025/10/05 03:03:35.442,232.008,11.206
2025/10/05 03:03:36.860,233.003,11.206
2025/10/05 03:03:38.335,234.022,11.206
2025/10/05 03:03:39.726,234.994,11.206
2025/10/05 03:03:41.126,236.016,11.206
2025/10/05 03:03:42.726,236.993,11.206
2025/10/05 03:03:44.131,238.015,11.206
2025/10/05 03:03:45.558,238.987,11.206
2025/10/05 03:03:46.984,240.015,11.206
2025/10/05 03:03:48.488,241.001,11.206
2025/10/05 03:03:49.885,241.995,11.206
2025/10/05 03:03:51.330,242.992,11.206
2025/10/05 03:03:52.933,244.011,11.206
2025/10/05 03:03:54.356,245.019,11.206
2025/10/05 03:03:55.769,246.01,11.206
2025/10/05 03:03:57.350,247.008,11.206
2025/10/05 03:03:58.772,247.999,11.206
2025/10/05 03:04:00.168,249.004,11.206
2025/10/05 03:04:01.570,250.012,11.206
2025/10/05 03:04:03.233,250.996,11.206
2025/10/05 03:04:06.055,227.054,6.786
2025/10/05 03:04:07.656,227.457,6.786
2025/10/05 03:04:09.047,228.004,6.786
2025/10/05 03:04:10.423,228.512,6.786
2025/10/05 03:04:11.767,229.012,6.786
2025/10/05 03:04:13.159,229.504,6.786
2025/10/05 03:04:14.527,230.014,6.786
2025/10/05 03:04:15.909,230.498,6.786
2025/10/05 03:04:17.268,231.006,6.786
2025/10/05 03:04:18.646,231.487,6.786
2025/10/05 03:04:20.209,232.028,6.786
2025/10/05 03:04:21.621,232.495,6.786
2025/10/05 03:04:22.970,233.014,6.786
2025/10/05 03:04:24.514,233.514,6.786
2025/10/05 03:04:25.903,233.98,6.786
2025/10/05 03:04:27.270,234.513,6.786
2025/10/05 03:04:28.648,234.999,6.786
2025/10/05 03:04:30.027,235.521,6.786
2025/10/05 03:04:31.582,235.985,6.786
2025/10/05 03:04:32.973,236.513,6.786
2025/10/05 03:04:34.324,237.004,6.786
2025/10/05 03:04:35.723,237.496,6.786
2025/10/05 03:04:37.316,237.993,6.786
2025/10/05 03:04:38.697,238.521,6.786
2025/10/05 03:04:40.050,239.007,6.786
2025/10/05 03:04:41.425,239.479,6.786
2025/10/05 03:04:42.819,240.031,6.786
2025/10/05 03:04:44.388,240.515,6.786
2025/10/05 03:04:45.778,240.976,6.786
2025/10/05 03:04:47.138,241.547,6.786
2025/10/05 03:04:48.536,241.998,6.786
2025/10/05 03:04:49.905,242.492,6.786
2025/10/05 03:04:51.572,243.039,6.786
2025/10/05 03:04:52.972,243.497,6.786
2025/10/05 03:04:54.325,244.0,6.786
2025/10/05 03:04:55.691,244.492,6.786
2025/10/05 03:04:57.073,245.005,6.786
2025/10/05 03:04:58.540,245.513,6.786
2025/10/05 03:04:59.903,246.002,6.786
2025/10/05 03:05:01.276,246.499,6.786
2025/10/05 03:05:02.674,246.994,6.786
2025/10/05 03:05:05.522,229.039,4.88
2025/10/05 03:05:06.889,229.454,4.88
2025/10/05 03:05:08.253,230.014,4.88
2025/10/05 03:05:09.803,230.498,4.88
2025/10/05 03:05:11.192,231.025,4.88
2025/10/05 03:05:12.555,231.5,4.88
2025/10/05 03:05:13.910,232.022,4.88
2025/10/05 03:05:15.436,232.5,4.88
2025/10/05 03:05:16.853,233.003,4.88
2025/10/05 03:05:18.227,233.503,4.88
2025/10/05 03:05:19.594,234.0,4.88
2025/10/05 03:05:21.189,234.513,4.88
2025/10/05 03:05:22.575,234.994,4.88
2025/10/05 03:05:23.943,235.519,4.88
2025/10/05 03:05:25.292,235.996,4.88
2025/10/05 03:05:26.663,236.507,4.88
2025/10/05 03:05:28.245,236.996,4.88
2025/10/05 03:05:29.642,237.515,4.88
2025/10/05 03:05:30.993,237.988,4.88
2025/10/05 03:05:32.360,238.515,4.88
2025/10/05 03:05:33.713,239.026,4.88
2025/10/05 03:05:35.296,239.496,4.88
2025/10/05 03:05:36.690,239.995,4.88
2025/10/05 03:05:38.054,240.523,4.88
2025/10/05 03:05:39.615,241.003,4.88
2025/10/05 03:05:41.012,241.498,4.88
2025/10/05 03:05:42.370,242.006,4.88
2025/10/05 03:05:43.725,242.503,4.88
2025/10/05 03:05:45.092,243.022,4.88
2025/10/05 03:05:46.536,243.486,4.88
2025/10/05 03:05:47.895,244.016,4.88
2025/10/05 03:05:49.266,244.497,4.88
2025/10/05 03:05:50.653,245.024,4.88
2025/10/05 03:05:53.535,229.048,4.287
2025/10/05 03:05:54.902,229.476,4.287
2025/10/05 03:05:56.314,230.001,4.287
2025/10/05 03:05:57.683,230.495,4.287
2025/10/05 03:05:59.270,231.0,4.287
2025/10/05 03:06:00.633,231.503,4.287
2025/10/05 03:06:02.029,232.0,4.287
2025/10/05 03:06:03.642,232.5,4.287
2025/10/05 03:06:05.034,233.022,4.287
2025/10/05 03:06:06.397,233.478,4.287
2025/10/05 03:06:07.738,234.049,4.287
2025/10/05 03:06:09.106,234.48,4.287
2025/10/05 03:06:10.543,235.005,4.287
2025/10/05 03:06:11.902,235.502,4.287
2025/10/05 03:06:13.265,236.01,4.287
2025/10/05 03:06:14.640,236.507,4.287
2025/10/05 03:06:16.205,237.004,4.287
2025/10/05 03:06:17.614,237.51,4.287
2025/10/05 03:06:18.969,237.974,4.287
2025/10/05 03:06:20.338,238.532,4.287
2025/10/05 03:06:21.935,239.012,4.287
2025/10/05 03:06:23.301,239.504,4.287
2025/10/05 03:06:24.693,240.001,4.287
2025/10/05 03:06:26.068,240.517,4.287
2025/10/05 03:06:27.545,240.998,4.287
2025/10/05 03:06:28.895,241.506,4.287
2025/10/05 03:06:30.287,242.0,4.287
2025/10/05 03:06:31.671,242.506,4.287
2025/10/05 03:06:33.255,243.014,4.287
2025/10/05 03:06:34.624,243.508,4.287
2025/10/05 03:06:35.991,244.0,4.287
2025/10/05 03:06:37.580,244.497,4.287
2025/10/05 03:06:38.975,245.011,4.287
2025/10/05 03:06:41.874,223.06,11.206
2025/10/05 03:06:43.485,223.928,11.206
2025/10/05 03:06:44.903,225.002,11.206
2025/10/05 03:06:46.316,226.032,11.206
2025/10/05 03:06:47.969,226.999,11.206
2025/10/05 03:06:49.407,228.007,11.206
2025/10/05 03:06:50.808,228.993,11.206
2025/10/05 03:06:52.402,230.017,11.206
2025/10/05 03:06:53.818,231.0,11.206
2025/10/05 03:06:55.207,232.008,11.206
2025/10/05 03:06:56.632,232.986,11.206
2025/10/05 03:06:58.233,234.022,11.206
2025/10/05 03:06:59.666,234.997,11.206
2025/10/05 03:07:01.073,236.002,11.206
2025/10/05 03:07:02.690,237.013,11.206
2025/10/05 03:07:04.121,237.988,11.206
2025/10/05 03:07:05.541,239.009,11.206
2025/10/05 03:07:06.937,240.012,11.206
2025/10/05 03:07:08.542,241.001,11.206
2025/10/05 03:07:09.975,242.017,11.206
2025/10/05 03:07:11.400,242.995,11.206
2025/10/05 03:07:12.992,244.008,11.206
2025/10/05 03:07:14.392,245.005,11.206
2025/10/05 03:07:15.842,246.0,11.206
2025/10/05 03:07:17.422,246.999,11.206
2025/10/05 03:07:18.867,248.002,11.206
2025/10/05 03:07:20.274,248.999,11.206
2025/10/05 03:07:21.674,250.01,11.206
2025/10/05 03:07:23.336,251.018,11.206
2025/10/05 03:07:26.179,227.051,6.786
2025/10/05 03:07:27.571,227.463,6.786
2025/10/05 03:07:28.937,228.009,6.786
2025/10/05 03:07:30.297,228.501,6.786
2025/10/05 03:07:31.652,229.012,6.786
2025/10/05 03:07:33.248,229.498,6.786
2025/10/05 03:07:34.644,230.014,6.786
2025/10/05 03:07:36.002,230.498,6.786
2025/10/05 03:07:37.357,231.017,6.786
2025/10/05 03:07:38.917,231.5,6.786
2025/10/05 03:07:40.284,232.0,6.786
2025/10/05 03:07:41.646,232.495,6.786
2025/10/05 03:07:42.991,233.014,6.786
2025/10/05 03:07:44.654,233.492,6.786
2025/10/05 03:07:45.995,234.019,6.786
2025/10/05 03:07:47.352,234.508,6.786
2025/10/05 03:07:48.754,234.994,6.786
2025/10/05 03:07:50.101,235.508,6.786
2025/10/05 03:07:51.595,235.999,6.786
2025/10/05 03:07:52.991,236.505,6.786
2025/10/05 03:07:54.363,237.004,6.786
2025/10/05 03:07:55.729,237.499,6.786
2025/10/05 03:07:57.285,237.999,6.786
2025/10/05 03:07:58.660,238.507,6.786
2025/10/05 03:08:00.028,238.996,6.786
2025/10/05 03:08:01.596,239.509,6.786
2025/10/05 03:08:02.998,240.001,6.786
2025/10/05 03:08:04.382,240.512,6.786
2025/10/05 03:08:05.787,241.006,6.786
2025/10/05 03:08:07.150,241.506,6.786
2025/10/05 03:08:08.791,242.009,6.786
2025/10/05 03:08:10.176,242.5,6.786
2025/10/05 03:08:11.540,243.011,6.786
2025/10/05 03:08:12.909,243.514,6.786
2025/10/05 03:08:14.484,244.005,6.786
2025/10/05 03:08:15.871,244.5,6.786
2025/10/05 03:08:17.230,245.005,6.786
2025/10/05 03:08:18.626,245.494,6.786
2025/10/05 03:08:20.235,246.01,6.786
2025/10/05 03:08:21.637,246.491,6.786
2025/10/05 03:08:23.002,247.005,6.786
2025/10/05 03:08:25.868,229.039,4.883
2025/10/05 03:08:27.269,229.446,4.883
2025/10/05 03:08:28.647,230.023,4.883
2025/10/05 03:08:29.984,230.514,4.883
2025/10/05 03:08:31.522,230.998,4.883
2025/10/05 03:08:32.909,231.498,4.883
2025/10/05 03:08:34.293,232.006,4.883
2025/10/05 03:08:35.657,232.514,4.883
2025/10/05 03:08:37.263,232.992,4.883
2025/10/05 03:08:38.636,233.516,4.883
2025/10/05 03:08:40.031,234.011,4.883
2025/10/05 03:08:41.412,234.489,4.883
2025/10/05 03:08:43.084,235.027,4.883
2025/10/05 03:08:44.506,235.502,4.883
2025/10/05 03:08:45.857,236.007,4.883
2025/10/05 03:08:47.421,236.494,4.883
2025/10/05 03:08:48.818,236.999,4.883
2025/10/05 03:08:50.162,237.507,4.883
2025/10/05 03:08:51.553,237.99,4.883
2025/10/05 03:08:52.923,238.499,4.883
2025/10/05 03:08:54.478,239.018,4.883
2025/10/05 03:08:55.854,239.515,4.883
2025/10/05 03:08:57.198,239.993,4.883
2025/10/05 03:08:58.578,240.506,4.883
2025/10/05 03:08:59.949,241.003,4.883
2025/10/05 03:09:01.358,241.512,4.883
2025/10/05 03:09:02.711,241.998,4.883
2025/10/05 03:09:04.078,242.509,4.883
2025/10/05 03:09:05.468,243.003,4.883
2025/10/05 03:09:07.016,243.506,4.883
2025/10/05 03:09:08.421,244.0,4.883
2025/10/05 03:09:09.794,244.5,4.883
2025/10/05 03:09:11.157,245.002,4.883
2025/10/05 03:09:14.030,229.042,4.287
2025/10/05 03:09:15.441,229.451,4.287
2025/10/05 03:09:16.812,230.025,4.287
2025/10/05 03:09:18.178,230.501,4.287
2025/10/05 03:09:19.603,231.014,4.287
2025/10/05 03:09:20.958,231.495,4.287
2025/10/05 03:09:22.349,232.003,4.287
2025/10/05 03:09:23.692,232.506,4.287
2025/10/05 03:09:25.318,233.003,4.287
2025/10/05 03:09:26.686,233.508,4.287
2025/10/05 03:09:28.058,234.002,4.287
2025/10/05 03:09:29.678,234.508,4.287
2025/10/05 03:09:31.071,234.994,4.287
2025/10/05 03:09:32.452,235.508,4.287
2025/10/05 03:09:33.785,235.999,4.287
2025/10/05 03:09:35.155,236.518,4.287
2025/10/05 03:09:36.810,237.004,4.287
2025/10/05 03:09:38.189,237.491,4.287
2025/10/05 03:09:39.540,238.015,4.287
2025/10/05 03:09:40.894,238.499,4.287
2025/10/05 03:09:42.502,239.007,4.287
2025/10/05 03:09:43.903,239.504,4.287
2025/10/05 03:09:45.266,239.998,4.287
2025/10/05 03:09:46.639,240.517,4.287
2025/10/05 03:09:48.025,241.001,4.287
2025/10/05 03:09:49.447,241.501,4.287
2025/10/05 03:09:50.801,241.995,4.287
2025/10/05 03:09:52.196,242.511,4.287
2025/10/05 03:09:53.555,243.0,4.287
2025/10/05 03:09:55.131,243.514,4.287
2025/10/05 03:09:56.520,244.003,4.287
2025/10/05 03:09:57.870,244.516,4.287
2025/10/05 03:09:59.233,245.0,4.287
2025/10/05 03:10:02.328,223.008,11.206
2025/10/05 03:10:03.965,223.925,11.206
2025/10/05 03:10:05.398,225.013,11.206
2025/10/05 03:10:06.834,226.007,11.206
2025/10/05 03:10:08.300,227.018,11.206
2025/10/05 03:10:09.741,227.976,11.206
2025/10/05 03:10:11.150,229.037,11.206
2025/10/05 03:10:12.554,230.009,11.206
2025/10/05 03:10:14.174,231.014,11.206
2025/10/05 03:10:15.617,232.014,11.206
2025/10/05 03:10:17.001,232.989,11.206
2025/10/05 03:10:18.607,234.013,11.206
2025/10/05 03:10:20.038,235.005,11.206
2025/10/05 03:10:21.461,235.991,11.206
2025/10/05 03:10:22.841,237.013,11.206
2025/10/05 03:10:24.432,238.004,11.206
2025/10/05 03:10:25.833,239.007,11.206
2025/10/05 03:10:27.213,240.031,11.206
2025/10/05 03:10:28.814,240.976,11.206
2025/10/05 03:10:30.218,242.011,11.206
2025/10/05 03:10:31.642,243.019,11.206
2025/10/05 03:10:33.034,244.0,11.206
2025/10/05 03:10:34.472,244.989,11.206
2025/10/05 03:10:35.886,246.024,11.206
2025/10/05 03:10:37.307,247.008,11.206
2025/10/05 03:10:38.918,248.015,11.206
2025/10/05 03:10:40.362,248.999,11.206
2025/10/05 03:10:41.739,249.999,11.206
2025/10/05 03:10:43.163,251.012,11.206
2025/10/05 03:10:46.235,227.034,6.781
2025/10/05 03:10:47.648,227.441,6.781
2025/10/05 03:10:49.055,228.034,6.781
2025/10/05 03:10:50.605,228.518,6.781
2025/10/05 03:10:51.991,228.987,6.781
2025/10/05 03:10:53.355,229.512,6.781
2025/10/05 03:10:54.732,230.017,6.781
2025/10/05 03:10:56.282,230.492,6.781
2025/10/05 03:10:57.666,231.009,6.781
2025/10/05 03:10:59.072,231.495,6.781
2025/10/05 03:11:00.439,232.014,6.781
2025/10/05 03:11:02.028,232.514,6.781
2025/10/05 03:11:03.419,232.986,6.781
2025/10/05 03:11:04.783,233.514,6.781
2025/10/05 03:11:06.149,234.013,6.781
2025/10/05 03:11:07.721,234.491,6.781
2025/10/05 03:11:09.133,234.999,6.781
2025/10/05 03:11:10.518,235.516,6.781
2025/10/05 03:11:11.859,236.005,6.781
2025/10/05 03:11:13.226,236.496,6.781
2025/10/05 03:11:14.678,237.004,6.781
2025/10/05 03:11:16.056,237.51,6.781
2025/10/05 03:11:17.428,237.999,6.781
2025/10/05 03:11:18.803,238.507,6.781
2025/10/05 03:11:20.342,239.012,6.781
2025/10/05 03:11:21.743,239.501,6.781
2025/10/05 03:11:23.090,240.006,6.781
2025/10/05 03:11:24.463,240.504,6.781
2025/10/05 03:11:26.018,240.992,6.781
2025/10/05 03:11:27.410,241.487,6.781
2025/10/05 03:11:28.756,242.028,6.781
2025/10/05 03:11:30.168,242.509,6.781
2025/10/05 03:11:31.875,243.003,6.781
2025/10/05 03:11:33.229,243.522,6.781
2025/10/05 03:11:34.599,243.992,6.781
2025/10/05 03:11:35.986,244.503,6.781
2025/10/05 03:11:37.405,245.011,6.781
2025/10/05 03:11:38.797,245.467,6.781
2025/10/05 03:11:40.197,246.024,6.781
2025/10/05 03:11:41.552,246.532,6.781
2025/10/05 03:11:43.160,246.977,6.781
2025/10/05 03:11:45.825,229.053,4.883
2025/10/05 03:11:47.197,229.421,4.883
2025/10/05 03:11:48.949,230.072,4.883
2025/10/05 03:11:50.334,230.462,4.883
2025/10/05 03:11:51.726,231.014,4.883
2025/10/05 03:11:53.084,231.522,4.883
2025/10/05 03:11:54.595,232.019,4.883
2025/10/05 03:11:55.981,232.5,4.883
2025/10/05 03:11:57.348,232.997,4.883
2025/10/05 03:11:58.724,233.5,4.883
2025/10/05 03:12:00.332,234.0,4.883
2025/10/05 03:12:01.734,234.497,4.883
2025/10/05 03:12:03.109,235.002,4.883
2025/10/05 03:12:04.473,235.505,4.883
2025/10/05 03:12:05.837,236.005,4.883
2025/10/05 03:12:07.423,236.507,4.883
2025/10/05 03:12:08.785,236.996,4.883
2025/10/05 03:12:10.167,237.504,4.883
2025/10/05 03:12:11.537,238.012,4.883
2025/10/05 03:12:12.914,238.504,4.883
2025/10/05 03:12:14.405,239.02,4.883
2025/10/05 03:12:15.786,239.482,4.883
2025/10/05 03:12:17.164,240.012,4.883
2025/10/05 03:12:18.571,240.506,4.883
2025/10/05 03:12:20.138,241.006,4.883
2025/10/05 03:12:21.512,241.498,4.883
2025/10/05 03:12:22.895,242.0,4.883
2025/10/05 03:12:24.252,242.506,4.883
2025/10/05 03:12:25.808,242.997,4.883
2025/10/05 03:12:27.228,243.506,4.883
2025/10/05 03:12:28.589,244.0,4.883
2025/10/05 03:12:29.940,244.508,4.883
2025/10/05 03:12:31.353,244.989,4.883
2025/10/05 03:12:33.931,229.053,4.284
2025/10/05 03:12:35.289,229.449,4.284
2025/10/05 03:12:36.669,230.025,4.284
2025/10/05 03:12:38.236,230.509,4.284
2025/10/05 03:12:39.609,231.02,4.284
2025/10/05 03:12:40.994,231.492,4.284
2025/10/05 03:12:42.514,231.978,4.284
2025/10/05 03:12:43.919,232.536,4.284
2025/10/05 03:12:45.288,233.003,4.284
2025/10/05 03:12:46.657,233.489,4.284
2025/10/05 03:12:48.019,234.019,4.284
2025/10/05 03:12:49.573,234.502,4.284
2025/10/05 03:12:50.943,234.977,4.284
2025/10/05 03:12:52.343,235.53,4.284
2025/10/05 03:12:53.750,235.994,4.284
2025/10/05 03:12:55.084,236.518,4.284
2025/10/05 03:12:56.457,237.002,4.284
2025/10/05 03:12:57.837,237.499,4.284
2025/10/05 03:12:59.211,237.988,4.284
2025/10/05 03:13:00.568,238.515,4.284
2025/10/05 03:13:02.162,239.02,4.284
2025/10/05 03:13:03.570,239.498,4.284
2025/10/05 03:13:04.960,239.993,4.284
2025/10/05 03:13:06.316,240.487,4.284
2025/10/05 03:13:07.888,241.006,4.284
2025/10/05 03:13:09.271,241.539,4.284
2025/10/05 03:13:10.627,241.979,4.284
2025/10/05 03:13:12.005,242.484,4.284
2025/10/05 03:13:13.594,243.041,4.284
2025/10/05 03:13:14.938,243.511,4.284
2025/10/05 03:13:16.318,244.0,4.284
2025/10/05 03:13:17.722,244.503,4.284
2025/10/05 03:13:19.088,244.986,4.284
2025/10/05 03:13:22.402,223.041,11.206
2025/10/05 03:13:23.805,223.925,11.206
2025/10/05 03:13:25.458,225.021,11.206
2025/10/05 03:13:26.872,226.002,11.206
2025/10/05 03:13:28.276,227.004,11.206
2025/10/05 03:13:29.879,228.007,11.206
2025/10/05 03:13:31.308,229.006,11.206
2025/10/05 03:13:32.708,230.003,11.206
2025/10/05 03:13:34.342,230.998,11.206
2025/10/05 03:13:35.765,232.014,11.206
2025/10/05 03:13:37.206,233.008,11.206
2025/10/05 03:13:38.633,234.0,11.206
2025/10/05 03:13:40.252,234.997,11.206
2025/10/05 03:13:41.648,236.01,11.206
2025/10/05 03:13:43.044,236.999,11.206
2025/10/05 03:13:44.651,238.015,11.206
2025/10/05 03:13:46.047,238.996,11.206
2025/10/05 03:13:47.498,240.015,11.206
2025/10/05 03:13:48.930,241.006,11.206
2025/10/05 03:13:50.535,242.0,11.206
2025/10/05 03:13:51.931,243.006,11.206
2025/10/05 03:13:53.373,244.008,11.206
2025/10/05 03:13:54.937,245.002,11.206
2025/10/05 03:13:56.380,246.005,11.206
2025/10/05 03:13:57.766,246.994,11.206
2025/10/05 03:13:59.402,248.01,11.206
2025/10/05 03:14:00.813,249.004,11.206
2025/10/05 03:14:02.194,249.99,11.206
2025/10/05 03:14:03.819,251.018,11.206
2025/10/05 03:14:06.696,227.04,6.784
2025/10/05 03:14:08.250,227.444,6.784
2025/10/05 03:14:09.659,228.029,6.784
2025/10/05 03:14:11.008,228.49,6.784
2025/10/05 03:14:12.572,229.009,6.784
2025/10/05 03:14:13.953,229.509,6.784
2025/10/05 03:14:15.317,230.014,6.784
2025/10/05 03:14:16.694,230.506,6.784
2025/10/05 03:14:18.061,231.006,6.784
2025/10/05 03:14:19.467,231.506,6.784
2025/10/05 03:14:20.836,231.997,6.784
2025/10/05 03:14:22.195,232.517,6.784
2025/10/05 03:14:23.561,233.003,6.784
2025/10/05 03:14:24.950,233.489,6.784
2025/10/05 03:14:26.474,234.024,6.784
2025/10/05 03:14:27.849,234.497,6.784
2025/10/05 03:14:29.248,234.999,6.784
2025/10/05 03:14:30.616,235.513,6.784
2025/10/05 03:14:32.169,236.007,6.784
2025/10/05 03:14:33.614,236.494,6.784
2025/10/05 03:14:34.960,237.004,6.784
2025/10/05 03:14:36.336,237.502,6.784
2025/10/05 03:14:37.916,238.01,6.784
2025/10/05 03:14:39.284,238.488,6.784
2025/10/05 03:14:40.645,239.007,6.784
2025/10/05 03:14:42.017,239.504,6.784
2025/10/05 03:14:43.437,239.998,6.784
2025/10/05 03:14:44.842,240.515,6.784
2025/10/05 03:14:46.186,240.987,6.784
2025/10/05 03:14:47.563,241.514,6.784
2025/10/05 03:14:48.961,242.011,6.784
2025/10/05 03:14:50.564,242.495,6.784
2025/10/05 03:14:51.944,243.0,6.784
2025/10/05 03:14:53.336,243.508,6.784
2025/10/05 03:14:54.901,244.003,6.784
2025/10/05 03:14:56.287,244.508,6.784
2025/10/05 03:14:57.659,245.011,6.784
2025/10/05 03:14:59.021,245.511,6.784
2025/10/05 03:15:00.594,246.008,6.784
2025/10/05 03:15:01.960,246.494,6.784
2025/10/05 03:15:03.337,247.002,6.784
2025/10/05 03:15:06.444,229.037,4.886
2025/10/05 03:15:07.841,229.451,4.886
2025/10/05 03:15:09.218,230.009,4.886
2025/10/05 03:15:10.583,230.514,4.886
2025/10/05 03:15:12.237,231.006,4.886
2025/10/05 03:15:13.638,231.506,4.886
2025/10/05 03:15:15.002,232.006,4.886
2025/10/05 03:15:16.361,232.511,4.886
2025/10/05 03:15:17.728,232.994,4.886
2025/10/05 03:15:19.288,233.503,4.886
2025/10/05 03:15:20.657,234.008,4.886
2025/10/05 03:15:22.052,234.508,4.886
2025/10/05 03:15:23.618,234.999,4.886
2025/10/05 03:15:25.017,235.505,4.886
2025/10/05 03:15:26.367,236.005,4.886
2025/10/05 03:15:27.747,236.499,4.886
2025/10/05 03:15:29.087,237.007,4.886
2025/10/05 03:15:30.515,237.502,4.886
2025/10/05 03:15:31.882,238.001,4.886
2025/10/05 03:15:33.246,238.504,4.886
2025/10/05 03:15:34.645,239.009,4.886
2025/10/05 03:15:36.212,239.504,4.886
2025/10/05 03:15:37.634,239.987,4.886
2025/10/05 03:15:39.010,240.526,4.886
2025/10/05 03:15:40.357,241.012,4.886
2025/10/05 03:15:41.917,241.503,4.886
2025/10/05 03:15:43.313,242.0,4.886
2025/10/05 03:15:44.696,242.489,4.886
2025/10/05 03:15:46.059,243.003,4.886
2025/10/05 03:15:47.619,243.522,4.886
2025/10/05 03:15:48.986,243.997,4.886
2025/10/05 03:15:50.349,244.489,4.886
2025/10/05 03:15:51.721,245.041,4.886
2025/10/05 03:15:54.463,229.05,4.287
2025/10/05 03:15:55.871,229.449,4.287
2025/10/05 03:15:57.246,230.017,4.287
2025/10/05 03:15:58.627,230.509,4.287
2025/10/05 03:16:00.221,231.009,4.287
2025/10/05 03:16:01.638,231.498,4.287
2025/10/05 03:16:03.027,232.003,4.287
2025/10/05 03:16:04.373,232.503,4.287
2025/10/05 03:16:05.966,233.011,4.287
2025/10/05 03:16:07.332,233.497,4.287
2025/10/05 03:16:08.677,234.019,4.287
2025/10/05 03:16:10.047,234.489,4.287
2025/10/05 03:16:11.614,235.013,4.287
2025/10/05 03:16:13.027,235.508,4.287
2025/10/05 03:16:14.423,235.999,4.287
2025/10/05 03:16:15.794,236.502,4.287
2025/10/05 03:16:17.174,237.002,4.287
2025/10/05 03:16:18.577,237.502,4.287
2025/10/05 03:16:19.988,238.004,4.287
2025/10/05 03:16:21.352,238.512,4.287
2025/10/05 03:16:22.695,239.004,4.287
2025/10/05 03:16:24.280,239.496,4.287
2025/10/05 03:16:25.667,240.023,4.287
2025/10/05 03:16:27.067,240.498,4.287
2025/10/05 03:16:28.400,241.02,4.287
2025/10/05 03:16:29.781,241.492,4.287
2025/10/05 03:16:31.342,242.017,4.287
2025/10/05 03:16:32.728,242.476,4.287
2025/10/05 03:16:34.121,243.033,4.287
2025/10/05 03:16:35.513,243.5,4.287
2025/10/05 03:16:37.118,244.003,4.287
2025/10/05 03:16:38.506,244.511,4.287
2025/10/05 03:16:39.854,245.002,4.287
2025/10/05 03:16:42.819,223.041,11.206
2025/10/05 03:16:44.255,223.909,11.206
2025/10/05 03:16:45.689,225.049,11.206
2025/10/05 03:16:47.297,226.01,11.206
2025/10/05 03:16:48.717,227.007,11.206
2025/10/05 03:16:50.142,228.004,11.206
2025/10/05 03:16:51.715,229.009,11.206
2025/10/05 03:16:53.143,230.02,11.206
2025/10/05 03:16:54.567,230.973,11.206
2025/10/05 03:16:55.973,232.014,11.206
2025/10/05 03:16:57.575,233.016,11.206
2025/10/05 03:16:59.016,233.997,11.206
2025/10/05 03:17:00.445,235.013,11.206
2025/10/05 03:17:02.088,236.029,11.206
2025/10/05 03:17:03.534,236.98,11.206
2025/10/05 03:17:04.950,238.018,11.206
2025/10/05 03:17:06.403,238.998,11.206
2025/10/05 03:17:07.834,240.006,11.206
2025/10/05 03:17:09.249,241.014,11.206
2025/10/05 03:17:10.691,242.0,11.206
2025/10/05 03:17:12.285,243.011,11.206
2025/10/05 03:17:13.703,244.008,11.206
2025/10/05 03:17:15.104,245.008,11.206
2025/10/05 03:17:16.704,246.002,11.206
2025/10/05 03:17:18.149,247.01,11.206
2025/10/05 03:17:19.562,247.999,11.206
2025/10/05 03:17:20.952,248.993,11.206
2025/10/05 03:17:22.575,250.018,11.206
2025/10/05 03:17:24.017,251.009,11.206
2025/10/05 03:17:27.030,227.045,6.784
2025/10/05 03:17:28.398,227.435,6.784
2025/10/05 03:17:29.762,228.034,6.784
2025/10/05 03:17:31.152,228.512,6.784
2025/10/05 03:17:32.717,229.004,6.784
2025/10/05 03:17:34.090,229.509,6.784
2025/10/05 03:17:35.435,230.001,6.784
2025/10/05 03:17:36.811,230.503,6.784
2025/10/05 03:17:38.174,231.009,6.784
2025/10/05 03:17:39.729,231.522,6.784
2025/10/05 03:17:41.095,231.989,6.784
2025/10/05 03:17:42.514,232.506,6.784
2025/10/05 03:17:43.864,233.0,6.784
2025/10/05 03:17:45.243,233.505,6.784
2025/10/05 03:17:46.805,234.002,6.784
2025/10/05 03:17:48.156,234.519,6.784
2025/10/05 03:17:49.523,235.002,6.784
2025/10/05 03:17:50.897,235.51,6.784
2025/10/05 03:17:52.229,236.021,6.784
2025/10/05 03:17:53.652,236.477,6.784
2025/10/05 03:17:55.045,236.996,6.784
2025/10/05 03:17:56.432,237.54,6.784
2025/10/05 03:17:57.803,237.988,6.784
2025/10/05 03:17:59.367,238.51,6.784
2025/10/05 03:18:00.757,238.996,6.784
2025/10/05 03:18:02.105,239.512,6.784
2025/10/05 03:18:03.461,239.998,6.784
2025/10/05 03:18:05.030,240.506,6.784
2025/10/05 03:18:06.399,241.014,6.784
2025/10/05 03:18:07.761,241.506,6.784
2025/10/05 03:18:09.125,241.995,6.784
2025/10/05 03:18:10.716,242.503,6.784
2025/10/05 03:18:12.071,243.006,6.784
2025/10/05 03:18:13.475,243.5,6.784
2025/10/05 03:18:14.857,244.019,6.784
2025/10/05 03:18:16.216,244.494,6.784
2025/10/05 03:18:17.612,245.005,6.784
2025/10/05 03:18:18.993,245.5,6.784
2025/10/05 03:18:20.333,246.002,6.784
2025/10/05 03:18:21.708,246.494,6.784
2025/10/05 03:18:23.289,246.997,6.784
2025/10/05 03:18:26.075,229.012,4.883
2025/10/05 03:18:27.438,229.454,4.883
2025/10/05 03:18:29.004,230.006,4.883
2025/10/05 03:18:30.386,230.503,4.883
2025/10/05 03:18:31.769,231.003,4.883
2025/10/05 03:18:33.133,231.5,4.883
2025/10/05 03:18:34.739,232.041,4.883
2025/10/05 03:18:36.082,232.495,4.883
2025/10/05 03:18:37.426,232.986,4.883
2025/10/05 03:18:38.824,233.53,4.883
2025/10/05 03:18:40.180,233.978,4.883
2025/10/05 03:18:41.737,234.519,4.883
2025/10/05 03:18:43.131,235.002,4.883
2025/10/05 03:18:44.485,235.499,4.883
2025/10/05 03:18:45.863,235.961,4.883
2025/10/05 03:18:47.426,236.56,4.883
2025/10/05 03:18:48.809,236.999,4.883
2025/10/05 03:18:50.187,237.496,4.883
2025/10/05 03:18:51.732,238.018,4.883
2025/10/05 03:18:53.129,238.496,4.883
2025/10/05 03:18:54.495,238.996,4.883
2025/10/05 03:18:55.885,239.507,4.883
2025/10/05 03:18:57.238,240.023,4.883
2025/10/05 03:18:58.822,240.493,4.883
2025/10/05 03:19:00.214,241.012,4.883
2025/10/05 03:19:01.581,241.506,4.883
2025/10/05 03:19:02.948,241.998,4.883
2025/10/05 03:19:04.504,242.514,4.883
2025/10/05 03:19:05.869,243.0,4.883
2025/10/05 03:19:07.262,243.506,4.883
2025/10/05 03:19:08.608,243.989,4.883
2025/10/05 03:19:10.166,244.514,4.883
2025/10/05 03:19:11.549,245.013,4.883
2025/10/05 03:19:14.094,229.05,4.287
2025/10/05 03:19:15.454,229.443,4.287
2025/10/05 03:19:17.026,230.031,4.287
2025/10/05 03:19:18.418,230.506,4.287
2025/10/05 03:19:19.764,231.003,4.287
2025/10/05 03:19:21.128,231.509,4.287
2025/10/05 03:19:22.745,232.017,4.287
2025/10/05 03:19:24.110,232.503,4.287
2025/10/05 03:19:25.511,232.997,4.287
2025/10/05 03:19:26.886,233.508,4.287
2025/10/05 03:19:28.261,234.019,4.287
2025/10/05 03:19:29.652,234.497,4.287
2025/10/05 03:19:31.043,234.991,4.287
2025/10/05 03:19:32.411,235.521,4.287
2025/10/05 03:19:33.757,236.005,4.287
2025/10/05 03:19:35.361,236.51,4.287
2025/10/05 03:19:36.747,236.991,4.287
2025/10/05 03:19:38.123,237.496,4.287
2025/10/05 03:19:39.465,238.01,4.287
2025/10/05 03:19:41.019,238.496,4.287
2025/10/05 03:19:42.402,239.012,4.287
2025/10/05 03:19:43.743,239.507,4.287
2025/10/05 03:19:45.077,239.998,4.287
2025/10/05 03:19:46.485,240.504,4.287
2025/10/05 03:19:47.913,240.984,4.287
2025/10/05 03:19:49.267,241.536,4.287
2025/10/05 03:19:50.630,241.976,4.287
2025/10/05 03:19:52.026,242.525,4.287
2025/10/05 03:19:53.571,243.008,4.287
2025/10/05 03:19:54.967,243.5,4.287
2025/10/05 03:19:56.332,244.022,4.287
2025/10/05 03:19:57.719,244.492,4.287
2025/10/05 03:19:59.127,244.992,4.287
2025/10/05 03:20:02.356,223.011,11.203
2025/10/05 03:20:03.990,223.942,11.203
2025/10/05 03:20:05.411,225.002,11.203
2025/10/05 03:20:06.834,226.021,11.203
2025/10/05 03:20:08.231,226.999,11.203
2025/10/05 03:20:09.851,227.996,11.203
2025/10/05 03:20:11.293,229.009,11.203
2025/10/05 03:20:12.694,229.979,11.203
2025/10/05 03:20:14.089,231.055,11.203
2025/10/05 03:20:15.698,231.984,11.203
2025/10/05 03:20:17.116,233.077,11.203
2025/10/05 03:20:18.528,233.983,11.203
2025/10/05 03:20:20.117,234.966,11.203
2025/10/05 03:20:21.543,236.051,11.203
2025/10/05 03:20:23.030,236.963,11.203
2025/10/05 03:20:24.716,238.07,11.203
2025/10/05 03:20:26.139,238.993,11.203
2025/10/05 03:20:27.541,240.006,11.203
2025/10/05 03:20:29.208,241.003,11.203
2025/10/05 03:20:30.637,242.02,11.203
2025/10/05 03:20:32.041,242.97,11.203
2025/10/05 03:20:33.464,244.019,11.203
2025/10/05 03:20:34.922,245.022,11.203
2025/10/05 03:20:36.348,245.969,11.203
2025/10/05 03:20:37.727,247.018,11.203
2025/10/05 03:20:39.349,248.051,11.203
2025/10/05 03:20:40.763,248.933,11.203
2025/10/05 03:20:42.192,250.021,11.203
2025/10/05 03:20:43.801,251.001,11.203
2025/10/05 03:20:46.650,227.051,6.781
2025/10/05 03:20:48.192,227.455,6.781
2025/10/05 03:20:49.591,228.009,6.781
2025/10/05 03:20:50.950,228.501,6.781
2025/10/05 03:20:52.319,229.015,6.781
2025/10/05 03:20:53.710,229.506,6.781
2025/10/05 03:20:55.120,229.99,6.781
2025/10/05 03:20:56.552,230.523,6.781
2025/10/05 03:20:57.940,231.0,6.781
2025/10/05 03:20:59.316,231.506,6.781
2025/10/05 03:21:00.919,231.989,6.781
2025/10/05 03:21:02.274,232.511,6.781
2025/10/05 03:21:03.651,233.003,6.781
2025/10/05 03:21:05.016,233.494,6.781
2025/10/05 03:21:06.569,234.013,6.781
2025/10/05 03:21:07.935,234.505,6.781
2025/10/05 03:21:09.329,234.999,6.781
2025/10/05 03:21:10.702,235.51,6.781
2025/10/05 03:21:12.269,235.996,6.781
2025/10/05 03:21:13.678,236.51,6.781
2025/10/05 03:21:15.032,236.999,6.781
2025/10/05 03:21:16.387,237.504,6.781
2025/10/05 03:21:17.976,238.004,6.781
2025/10/05 03:21:19.354,238.504,6.781
2025/10/05 03:21:20.754,239.007,6.781
2025/10/05 03:21:22.106,239.507,6.781
2025/10/05 03:21:23.483,239.987,6.781
2025/10/05 03:21:24.945,240.517,6.781
2025/10/05 03:21:26.341,241.006,6.781
2025/10/05 03:21:27.728,241.498,6.781
2025/10/05 03:21:29.082,242.017,6.781
2025/10/05 03:21:30.626,242.503,6.781
2025/10/05 03:21:32.039,243.014,6.781
2025/10/05 03:21:33.404,243.495,6.781
2025/10/05 03:21:34.980,244.016,6.781
2025/10/05 03:21:36.345,244.5,6.781
2025/10/05 03:21:37.730,245.002,6.781
2025/10/05 03:21:39.107,245.511,6.781
2025/10/05 03:21:40.484,246.0,6.781
2025/10/05 03:21:42.038,246.51,6.781
2025/10/05 03:21:43.411,246.997,6.781
2025/10/05 03:21:46.097,229.037,4.88
2025/10/05 03:21:47.672,229.44,4.88
2025/10/05 03:21:49.054,230.039,4.88
2025/10/05 03:21:50.413,230.503,4.88
2025/10/05 03:21:51.981,231.006,4.88
2025/10/05 03:21:53.356,231.514,4.88
2025/10/05 03:21:54.745,232.006,4.88
2025/10/05 03:21:56.118,232.506,4.88
2025/10/05 03:21:57.477,233.003,4.88
2025/10/05 03:21:59.082,233.508,4.88
2025/10/05 03:22:00.423,234.002,4.88
2025/10/05 03:22:01.808,234.502,4.88
2025/10/05 03:22:03.174,235.002,4.88
2025/10/05 03:22:04.521,235.505,4.88
2025/10/05 03:22:05.982,236.013,4.88
2025/10/05 03:22:07.376,236.488,4.88
2025/10/05 03:22:08.734,237.013,4.88
2025/10/05 03:22:10.100,237.485,4.88
2025/10/05 03:22:11.647,238.026,4.88
2025/10/05 03:22:13.040,238.496,4.88
2025/10/05 03:22:14.397,238.998,4.88
2025/10/05 03:22:15.750,239.526,4.88
2025/10/05 03:22:17.328,239.984,4.88
2025/10/05 03:22:18.730,240.52,4.88
2025/10/05 03:22:20.093,241.009,4.88
2025/10/05 03:22:21.457,241.498,4.88
2025/10/05 03:22:22.971,241.998,4.88
2025/10/05 03:22:24.331,242.52,4.88
2025/10/05 03:22:25.713,243.006,4.88
2025/10/05 03:22:27.093,243.497,4.88
2025/10/05 03:22:28.690,244.008,4.88
2025/10/05 03:22:30.077,244.497,4.88
2025/10/05 03:22:31.440,244.997,4.88
2025/10/05 03:22:34.377,229.039,4.29
2025/10/05 03:22:35.756,229.457,4.29
2025/10/05 03:22:37.156,230.017,4.29
2025/10/05 03:22:38.509,230.495,4.29
2025/10/05 03:22:40.049,231.022,4.29
2025/10/05 03:22:41.449,231.498,4.29
2025/10/05 03:22:42.801,232.0,4.29
2025/10/05 03:22:44.175,232.519,4.29
2025/10/05 03:22:45.563,233.005,4.29
2025/10/05 03:22:47.132,233.497,4.29
2025/10/05 03:22:48.504,233.994,4.29
2025/10/05 03:22:49.866,234.524,4.29
2025/10/05 03:22:51.243,234.997,4.29
2025/10/05 03:22:52.797,235.508,4.29
2025/10/05 03:22:54.196,235.999,4.29
2025/10/05 03:22:55.553,236.507,4.29
2025/10/05 03:22:56.919,236.982,4.29
2025/10/05 03:22:58.292,237.507,4.29
2025/10/05 03:22:59.871,238.004,4.29
2025/10/05 03:23:01.249,238.518,4.29
2025/10/05 03:23:02.619,239.001,4.29
2025/10/05 03:23:03.976,239.501,4.29
2025/10/05 03:23:05.344,240.009,4.29
2025/10/05 03:23:06.934,240.498,4.29
2025/10/05 03:23:08.305,241.003,4.29
2025/10/05 03:23:09.658,241.514,4.29
2025/10/05 03:23:11.031,242.009,4.29
2025/10/05 03:23:12.605,242.498,4.29
2025/10/05 03:23:13.970,243.014,4.29
2025/10/05 03:23:15.327,243.5,4.29
2025/10/05 03:23:16.708,244.005,4.29
2025/10/05 03:23:18.293,244.5,4.29
2025/10/05 03:23:19.671,245.002,4.29
2025/10/05 03:23:22.700,223.052,11.206
2025/10/05 03:23:24.132,223.955,11.206
2025/10/05 03:23:25.572,225.005,11.206
2025/10/05 03:23:26.987,226.004,11.206
2025/10/05 03:23:28.611,226.993,11.206
2025/10/05 03:23:30.012,228.02,11.206
2025/10/05 03:23:31.429,229.006,11.206
2025/10/05 03:23:33.052,230.006,11.206
2025/10/05 03:23:34.483,230.989,11.206
2025/10/05 03:23:35.865,232.03,11.206
2025/10/05 03:23:37.276,232.978,11.206
2025/10/05 03:23:38.723,234.041,11.206
2025/10/05 03:23:40.123,234.991,11.206
2025/10/05 03:23:41.545,236.016,11.206
2025/10/05 03:23:42.955,236.971,11.206
2025/10/05 03:23:44.582,238.001,11.206
2025/10/05 03:23:46.043,239.02,11.206
2025/10/05 03:23:47.439,240.045,11.206
2025/10/05 03:23:49.010,240.976,11.206
2025/10/05 03:23:50.432,242.033,11.206
2025/10/05 03:23:51.809,242.992,11.206
2025/10/05 03:23:53.439,243.997,11.206
2025/10/05 03:23:54.845,244.983,11.206
2025/10/05 03:23:56.241,246.046,11.206
2025/10/05 03:23:57.653,246.98,11.206
2025/10/05 03:23:59.267,248.024,11.206
2025/10/05 03:24:00.686,249.013,11.206
2025/10/05 03:24:02.088,249.996,11.206
2025/10/05 03:24:03.509,251.007,11.206
2025/10/05 03:24:06.571,227.04,6.781
2025/10/05 03:24:07.952,227.463,6.781
2025/10/05 03:24:09.334,228.009,6.781
2025/10/05 03:24:10.881,228.498,6.781
2025/10/05 03:24:12.261,229.015,6.781
2025/10/05 03:24:13.638,229.512,6.781
2025/10/05 03:24:15.019,229.987,6.781
2025/10/05 03:24:16.373,230.506,6.781
2025/10/05 03:24:17.949,231.006,6.781
2025/10/05 03:24:19.344,231.498,6.781
2025/10/05 03:24:20.722,231.992,6.781
2025/10/05 03:24:22.098,232.533,6.781
2025/10/05 03:24:23.672,233.027,6.781
2025/10/05 03:24:25.017,233.492,6.781
2025/10/05 03:24:26.401,234.013,6.781
2025/10/05 03:24:27.813,234.486,6.781
2025/10/05 03:24:29.382,235.016,6.781
2025/10/05 03:24:30.766,235.516,6.781
2025/10/05 03:24:32.124,236.002,6.781
2025/10/05 03:24:33.515,236.483,6.781
2025/10/05 03:24:35.216,237.026,6.781
2025/10/05 03:24:36.585,237.493,6.781
2025/10/05 03:24:37.937,238.01,6.781
2025/10/05 03:24:39.304,238.479,6.781
2025/10/05 03:24:40.713,239.042,6.781
2025/10/05 03:24:42.115,239.457,6.781
2025/10/05 03:24:43.460,240.122,6.781
2025/10/05 03:24:44.844,240.484,6.781
2025/10/05 03:24:46.217,241.014,6.781
2025/10/05 03:24:47.814,241.495,6.781
2025/10/05 03:24:49.173,241.998,6.781
2025/10/05 03:24:50.554,242.454,6.781
2025/10/05 03:24:52.032,243.061,6.781
2025/10/05 03:24:53.402,243.503,6.781
2025/10/05 03:24:54.768,244.014,6.781
2025/10/05 03:24:56.129,244.505,6.781
2025/10/05 03:24:57.692,245.008,6.781
2025/10/05 03:24:59.096,245.494,6.781
2025/10/05 03:25:00.463,246.027,6.781
2025/10/05 03:25:01.825,246.502,6.781
2025/10/05 03:25:03.386,247.005,6.781
2025/10/05 03:25:06.106,229.039,4.883
2025/10/05 03:25:07.455,229.46,4.883
2025/10/05 03:25:08.820,230.025,4.883
2025/10/05 03:25:10.369,230.479,4.883
2025/10/05 03:25:11.724,230.978,4.883
2025/10/05 03:25:13.118,231.555,4.883
2025/10/05 03:25:14.459,231.992,4.883
2025/10/05 03:25:16.129,232.522,4.883
2025/10/05 03:25:17.525,232.994,4.883
2025/10/05 03:25:18.879,233.514,4.883
2025/10/05 03:25:20.260,234.033,4.883
2025/10/05 03:25:21.653,234.486,4.883
2025/10/05 03:25:23.085,234.983,4.883
2025/10/05 03:25:24.442,235.516,4.883
2025/10/05 03:25:25.825,236.013,4.883
2025/10/05 03:25:27.178,236.51,4.883
2025/10/05 03:25:28.783,236.955,4.883
2025/10/05 03:25:30.182,237.551,4.883
2025/10/05 03:25:31.564,238.001,4.883
2025/10/05 03:25:33.167,238.518,4.883
2025/10/05 03:25:34.568,238.996,4.883
2025/10/05 03:25:35.946,239.496,4.883
2025/10/05 03:25:37.342,240.026,4.883
2025/10/05 03:25:38.873,240.512,4.883
2025/10/05 03:25:40.272,240.995,4.883
2025/10/05 03:25:41.655,241.492,4.883
2025/10/05 03:25:43.030,242.028,4.883
2025/10/05 03:25:44.452,242.47,4.883
2025/10/05 03:25:45.857,243.006,4.883
2025/10/05 03:25:47.368,243.547,4.883
2025/10/05 03:25:48.752,244.022,4.883
2025/10/05 03:25:50.335,244.494,4.883
2025/10/05 03:25:51.698,245.016,4.883
2025/10/05 03:25:54.247,229.059,4.284
2025/10/05 03:25:55.614,229.487,4.284
2025/10/05 03:25:57.057,230.001,4.284
2025/10/05 03:25:58.451,230.531,4.284
2025/10/05 03:25:59.837,230.992,4.284
2025/10/05 03:26:01.224,231.525,4.284
2025/10/05 03:26:02.827,231.989,4.284
2025/10/05 03:26:04.173,232.511,4.284
2025/10/05 03:26:05.557,232.997,4.284
2025/10/05 03:26:07.121,233.461,4.284
2025/10/05 03:26:08.542,234.052,4.284
2025/10/05 03:26:09.894,234.5,4.284
2025/10/05 03:26:11.258,234.988,4.284
2025/10/05 03:26:12.639,235.502,4.284
2025/10/05 03:26:14.087,235.994,4.284
2025/10/05 03:26:15.484,236.466,4.284
2025/10/05 03:26:16.877,237.029,4.284
2025/10/05 03:26:18.233,237.551,4.284
2025/10/05 03:26:19.798,238.007,4.284
2025/10/05 03:26:21.208,238.46,4.284
2025/10/05 03:26:22.582,239.023,4.284
2025/10/05 03:26:24.184,239.509,4.284
2025/10/05 03:26:25.594,239.993,4.284
2025/10/05 03:26:26.962,240.512,4.284
2025/10/05 03:26:28.329,241.017,4.284
2025/10/05 03:26:29.745,241.49,4.284
2025/10/05 03:26:31.141,241.998,4.284
2025/10/05 03:26:32.491,242.531,4.284
2025/10/05 03:26:33.856,242.981,4.284
2025/10/05 03:26:35.220,243.517,4.284
2025/10/05 03:26:36.750,244.005,4.284
2025/10/05 03:26:38.119,244.522,4.284
2025/10/05 03:26:39.485,244.992,4.284
2025/10/05 03:26:42.547,223.013,11.206
2025/10/05 03:26:43.955,223.939,11.206
2025/10/05 03:26:45.383,224.977,11.206
2025/10/05 03:26:47.047,226.04,11.206
2025/10/05 03:26:48.482,226.999,11.206
2025/10/05 03:26:49.891,228.001,11.206
2025/10/05 03:26:51.520,229.042,11.206
2025/10/05 03:26:52.945,229.995,11.206
2025/10/05 03:26:54.349,230.976,11.206
2025/10/05 03:26:55.965,232.069,11.206
2025/10/05 03:26:57.372,232.972,11.206
2025/10/05 03:26:58.827,234.016,11.206
2025/10/05 03:27:00.214,235.002,11.206
2025/10/05 03:27:01.854,235.98,11.206
2025/10/05 03:27:03.296,237.021,11.206
2025/10/05 03:27:04.697,238.001,11.206
2025/10/05 03:27:06.290,239.026,11.206
2025/10/05 03:27:07.699,240.015,11.206
2025/10/05 03:27:09.135,240.995,11.206
2025/10/05 03:27:10.710,242.003,11.206
2025/10/05 03:27:12.167,242.995,11.206
2025/10/05 03:27:13.555,244.014,11.206
2025/10/05 03:27:15.193,245.008,11.206
2025/10/05 03:27:16.592,246.002,11.206
2025/10/05 03:27:18.048,247.005,11.206
2025/10/05 03:27:19.452,247.996,11.206
2025/10/05 03:27:21.036,249.021,11.206
2025/10/05 03:27:22.448,249.979,11.206
2025/10/05 03:27:23.911,251.031,11.206
2025/10/05 03:27:26.921,227.045,6.778
2025/10/05 03:27:28.313,227.463,6.778
2025/10/05 03:27:29.687,228.018,6.778
2025/10/05 03:27:31.272,228.507,6.778
2025/10/05 03:27:32.668,229.001,6.778
2025/10/05 03:27:34.029,229.482,6.778
2025/10/05 03:27:35.390,230.028,6.778
2025/10/05 03:27:36.809,230.531,6.778
2025/10/05 03:27:38.216,230.956,6.778
2025/10/05 03:27:39.582,231.514,6.778
2025/10/05 03:27:40.948,232.025,6.778
2025/10/05 03:27:42.546,232.508,6.778
2025/10/05 03:27:43.942,232.994,6.778
2025/10/05 03:27:45.309,233.503,6.778
2025/10/05 03:27:46.664,234.022,6.778
2025/10/05 03:27:48.052,234.491,6.778
2025/10/05 03:27:49.616,235.021,6.778
2025/10/05 03:27:50.997,235.505,6.778
2025/10/05 03:27:52.372,235.966,6.778
2025/10/05 03:27:53.948,236.538,6.778
2025/10/05 03:27:55.317,236.999,6.778
2025/10/05 03:27:56.678,237.504,6.778
2025/10/05 03:27:58.036,238.01,6.778
2025/10/05 03:27:59.422,238.515,6.778
2025/10/05 03:28:00.807,239.001,6.778
2025/10/05 03:28:03.338,239.485,6.778
2025/10/05 03:28:04.712,240.004,6.778
2025/10/05 03:28:06.083,240.512,6.778
2025/10/05 03:28:07.449,241.028,6.778
2025/10/05 03:28:09.026,241.49,6.778
2025/10/05 03:28:10.408,242.02,6.778
2025/10/05 03:28:11.746,242.492,6.778
2025/10/05 03:28:13.135,243.041,6.778
2025/10/05 03:28:14.534,243.484,6.778
2025/10/05 03:28:16.105,243.97,6.778
2025/10/05 03:28:17.491,244.525,6.778
2025/10/05 03:28:18.842,245.024,6.778
2025/10/05 03:28:20.429,245.505,6.778
2025/10/05 03:28:21.807,245.969,6.778
2025/10/05 03:28:23.193,246.524,6.778
2025/10/05 03:28:24.551,246.991,6.778
2025/10/05 03:28:27.371,229.05,4.883
2025/10/05 03:28:28.760,229.438,4.883
2025/10/05 03:28:30.158,230.053,4.883
2025/10/05 03:28:31.530,230.459,4.883
2025/10/05 03:28:33.092,231.105,4.883
2025/10/05 03:28:34.482,231.44,4.883
2025/10/05 03:28:35.848,231.995,4.883
2025/10/05 03:28:37.206,232.5,4.883
2025/10/05 03:28:38.789,233.027,4.883
2025/10/05 03:28:40.175,233.459,4.883
2025/10/05 03:28:41.546,234.033,4.883
2025/10/05 03:28:42.894,234.467,4.883
2025/10/05 03:28:44.450,235.098,4.883
2025/10/05 03:28:45.838,235.453,4.883
2025/10/05 03:28:47.204,236.027,4.883
2025/10/05 03:28:48.579,236.483,4.883
2025/10/05 03:28:50.134,236.971,4.883
2025/10/05 03:28:51.495,237.573,4.883
2025/10/05 03:28:52.886,237.979,4.883
2025/10/05 03:28:54.281,238.551,4.883
2025/10/05 03:28:55.863,239.009,4.883
2025/10/05 03:28:57.238,239.485,4.883
2025/10/05 03:28:58.613,240.026,4.883
2025/10/05 03:28:59.981,240.493,4.883
2025/10/05 03:29:01.353,241.012,4.883
2025/10/05 03:29:02.938,241.501,4.883
2025/10/05 03:29:04.313,242.036,4.883
2025/10/05 03:29:05.695,242.487,4.883
2025/10/05 03:29:07.077,243.006,4.883
2025/10/05 03:29:08.671,243.503,4.883
2025/10/05 03:29:10.046,244.0,4.883
2025/10/05 03:29:11.418,244.503,4.883
2025/10/05 03:29:12.785,245.0,4.883
2025/10/05 03:29:15.551,229.023,4.29
2025/10/05 03:29:16.897,229.512,4.29
2025/10/05 03:29:18.252,229.948,4.29
2025/10/05 03:29:19.650,230.52,4.29
2025/10/05 03:29:21.366,230.984,4.29
2025/10/05 03:29:22.759,231.539,4.29
2025/10/05 03:29:24.117,232.022,4.29
2025/10/05 03:29:25.502,232.453,4.29
2025/10/05 03:29:27.117,233.049,4.29
2025/10/05 03:29:28.478,233.489,4.29
2025/10/05 03:29:29.845,233.991,4.29
2025/10/05 03:29:31.212,234.511,4.29
2025/10/05 03:29:32.775,235.019,4.29
2025/10/05 03:29:34.151,235.486,4.29
2025/10/05 03:29:35.553,236.024,4.29
2025/10/05 03:29:36.904,236.496,4.29
2025/10/05 03:29:38.446,237.002,4.29
2025/10/05 03:29:39.829,237.496,4.29
2025/10/05 03:29:41.178,238.018,4.29
2025/10/05 03:29:42.550,238.499,4.29
2025/10/05 03:29:44.087,239.001,4.29
2025/10/05 03:29:45.478,239.474,4.29
2025/10/05 03:29:46.852,240.017,4.29
2025/10/05 03:29:48.207,240.534,4.29
2025/10/05 03:29:49.569,240.992,4.29
2025/10/05 03:29:51.224,241.523,4.29
2025/10/05 03:29:52.580,241.937,4.29
2025/10/05 03:29:53.979,242.564,4.29
2025/10/05 03:29:55.360,242.984,4.29
2025/10/05 03:29:56.785,243.5,4.29
2025/10/05 03:29:58.372,244.005,4.29
2025/10/05 03:29:59.797,244.514,4.29
2025/10/05 03:30:01.145,244.997,4.29
2025/10/05 03:30:04.231,223.055,11.206
2025/10/05 03:30:05.633,223.953,11.206
2025/10/05 03:30:07.253,225.005,11.206
2025/10/05 03:30:08.673,225.993,11.206
2025/10/05 03:30:10.092,227.012,11.206
2025/10/05 03:30:11.490,228.009,11.206
2025/10/05 03:30:13.111,228.998,11.206
2025/10/05 03:30:14.500,230.009,11.206
2025/10/05 03:30:15.915,230.989,11.206
2025/10/05 03:30:17.313,232.025,11.206
2025/10/05 03:30:18.896,232.997,11.206
2025/10/05 03:30:20.326,233.991,11.206
2025/10/05 03:30:21.760,235.002,11.206
2025/10/05 03:30:23.347,236.016,11.206
2025/10/05 03:30:24.786,237.002,11.206
2025/10/05 03:30:26.221,238.026,11.206
2025/10/05 03:30:27.844,238.996,11.206
2025/10/05 03:30:29.282,239.995,11.206
2025/10/05 03:30:30.711,241.001,11.206
2025/10/05 03:30:32.307,242.0,11.206
2025/10/05 03:30:33.738,243.003,11.206
2025/10/05 03:30:35.172,244.016,11.206
2025/10/05 03:30:36.810,245.008,11.206
2025/10/05 03:30:38.274,246.0,11.206
2025/10/05 03:30:39.670,246.991,11.206
2025/10/05 03:30:41.263,248.04,11.206
2025/10/05 03:30:42.709,248.985,11.206
2025/10/05 03:30:44.091,250.007,11.206
2025/10/05 03:30:45.520,250.99,11.206
2025/10/05 03:30:48.554,227.032,6.786
2025/10/05 03:30:49.906,227.479,6.786
2025/10/05 03:30:51.297,227.974,6.786
2025/10/05 03:30:52.863,228.526,6.786
2025/10/05 03:30:54.258,229.026,6.786
2025/10/05 03:30:55.639,229.493,6.786
2025/10/05 03:30:57.224,229.981,6.786
2025/10/05 03:30:58.622,230.528,6.786
2025/10/05 03:30:59.998,231.003,6.786
2025/10/05 03:31:01.364,231.47,6.786
2025/10/05 03:31:02.734,231.992,6.786
2025/10/05 03:31:04.217,232.525,6.786
2025/10/05 03:31:05.594,233.014,6.786
2025/10/05 03:31:06.953,233.503,6.786
2025/10/05 03:31:08.342,234.019,6.786
2025/10/05 03:31:09.906,234.491,6.786
2025/10/05 03:31:11.304,235.013,6.786
2025/10/05 03:31:12.668,235.497,6.786
2025/10/05 03:31:14.227,235.991,6.786
2025/10/05 03:31:15.595,236.521,6.786
2025/10/05 03:31:16.952,237.002,6.786
2025/10/05 03:31:18.317,237.491,6.786
2025/10/05 03:31:19.684,238.026,6.786
2025/10/05 03:31:21.195,238.488,6.786
2025/10/05 03:31:22.569,239.029,6.786
2025/10/05 03:31:23.944,239.498,6.786
2025/10/05 03:31:25.315,239.998,6.786
2025/10/05 03:31:26.913,240.528,6.786
2025/10/05 03:31:28.307,241.006,6.786
2025/10/05 03:31:29.702,241.498,6.786
2025/10/05 03:31:31.067,242.014,6.786
2025/10/05 03:31:32.693,242.492,6.786
2025/10/05 03:31:34.048,243.006,6.786
2025/10/05 03:31:35.458,243.522,6.786
2025/10/05 03:31:36.826,244.003,6.786
2025/10/05 03:31:38.495,244.514,6.786
2025/10/05 03:31:39.866,244.997,6.786
2025/10/05 03:31:41.231,245.5,6.786
2025/10/05 03:31:42.617,246.0,6.786
2025/10/05 03:31:44.282,246.524,6.786
2025/10/05 03:31:45.690,246.977,6.786
2025/10/05 03:31:48.381,229.042,4.883
2025/10/05 03:31:49.960,229.451,4.883
2025/10/05 03:31:51.347,230.023,4.883
2025/10/05 03:31:52.709,230.495,4.883
2025/10/05 03:31:54.275,231.036,4.883
2025/10/05 03:31:55.682,231.489,4.883
2025/10/05 03:31:57.055,232.0,4.883
2025/10/05 03:31:58.437,232.508,4.883
2025/10/05 03:31:59.807,232.997,4.883
2025/10/05 03:32:01.215,233.53,4.883
2025/10/05 03:32:02.587,233.989,4.883
2025/10/05 03:32:03.960,234.511,4.883
2025/10/05 03:32:05.365,235.002,4.883
2025/10/05 03:32:06.917,235.494,4.883
2025/10/05 03:32:08.299,236.005,4.883
2025/10/05 03:32:09.712,236.499,4.883
2025/10/05 03:32:11.290,237.015,4.883
2025/10/05 03:32:12.700,237.513,4.883
2025/10/05 03:32:14.074,237.985,4.883
2025/10/05 03:32:15.421,238.518,4.883
2025/10/05 03:32:16.834,239.004,4.883
2025/10/05 03:32:18.234,239.471,4.883
2025/10/05 03:32:19.602,240.039,4.883
2025/10/05 03:32:21.008,240.509,4.883
2025/10/05 03:32:22.364,240.992,4.883
2025/10/05 03:32:23.911,241.525,4.883
2025/10/05 03:32:25.294,241.987,4.883
2025/10/05 03:32:26.634,242.52,4.883
2025/10/05 03:32:28.009,243.006,4.883
2025/10/05 03:32:29.382,243.503,4.883
2025/10/05 03:32:30.967,244.014,4.883
2025/10/05 03:32:32.318,244.503,4.883
2025/10/05 03:32:33.700,245.008,4.883
2025/10/05 03:32:36.648,229.031,4.292
2025/10/05 03:32:38.057,229.454,4.292
2025/10/05 03:32:39.424,229.995,4.292
2025/10/05 03:32:40.788,230.492,4.292
2025/10/05 03:32:42.252,231.02,4.292
2025/10/05 03:32:43.653,231.451,4.292
2025/10/05 03:32:45.053,232.017,4.292
2025/10/05 03:32:46.427,232.522,4.292
2025/10/05 03:32:47.998,232.992,4.292
2025/10/05 03:32:49.380,233.467,4.292
2025/10/05 03:32:50.731,234.055,4.292
2025/10/05 03:32:52.330,234.502,4.292
2025/10/05 03:32:53.721,234.997,4.292
2025/10/05 03:32:55.098,235.486,4.292
2025/10/05 03:32:56.476,236.04,4.292
2025/10/05 03:32:57.846,236.496,4.292
2025/10/05 03:32:59.245,237.002,4.292
2025/10/05 03:33:00.603,237.513,4.292
2025/10/05 03:33:01.994,237.993,4.292
2025/10/05 03:33:03.374,238.515,4.292
2025/10/05 03:33:04.956,238.99,4.292
2025/10/05 03:33:06.364,239.496,4.292
2025/10/05 03:33:07.726,240.001,4.292
2025/10/05 03:33:09.271,240.526,4.292
2025/10/05 03:33:10.658,241.02,4.292
2025/10/05 03:33:12.038,241.487,4.292
2025/10/05 03:33:13.413,242.017,4.292
2025/10/05 03:33:14.779,242.506,4.292
2025/10/05 03:33:16.378,243.0,4.292
2025/10/05 03:33:17.734,243.489,4.292
2025/10/05 03:33:19.143,244.025,4.292
2025/10/05 03:33:20.500,244.497,4.292
2025/10/05 03:33:21.908,245.002,4.292
2025/10/05 03:33:24.806,223.046,11.206
2025/10/05 03:33:26.415,223.914,11.206
2025/10/05 03:33:27.838,225.01,11.206
2025/10/05 03:33:29.267,226.046,11.206
2025/10/05 03:33:30.875,226.988,11.206
2025/10/05 03:33:32.320,228.015,11.206
2025/10/05 03:33:33.717,228.998,11.206
2025/10/05 03:33:35.349,230.053,11.206
2025/10/05 03:33:36.761,230.967,11.206
2025/10/05 03:33:38.152,231.904,11.206
2025/10/05 03:33:39.628,233.041,11.206
2025/10/05 03:33:41.060,234.027,11.206
2025/10/05 03:33:42.490,234.983,11.206
2025/10/05 03:33:43.911,236.027,11.206
2025/10/05 03:33:45.543,236.988,11.206
2025/10/05 03:33:46.951,237.996,11.206
2025/10/05 03:33:48.385,239.026,11.206
2025/10/05 03:33:49.791,239.998,11.206
2025/10/05 03:33:51.463,240.992,11.206
2025/10/05 03:33:52.893,241.995,11.206
2025/10/05 03:33:54.327,242.995,11.206
2025/10/05 03:33:55.922,244.044,11.206
2025/10/05 03:33:57.352,244.97,11.206
2025/10/05 03:33:58.768,246.008,11.206
2025/10/05 03:34:00.409,247.005,11.206
2025/10/05 03:34:01.823,248.026,11.206
2025/10/05 03:34:03.251,249.045,11.206
2025/10/05 03:34:04.656,249.949,11.206
2025/10/05 03:34:06.262,251.026,11.206
2025/10/05 03:34:09.224,227.026,6.786
2025/10/05 03:34:10.869,227.477,6.786
2025/10/05 03:34:12.239,227.974,6.786
2025/10/05 03:34:13.623,228.509,6.786
2025/10/05 03:34:15.179,229.045,6.786
2025/10/05 03:34:16.578,229.435,6.786
2025/10/05 03:34:17.939,230.031,6.786
2025/10/05 03:34:19.288,230.517,6.786
2025/10/05 03:34:20.667,231.011,6.786
2025/10/05 03:34:22.242,231.487,6.786
2025/10/05 03:34:23.602,232.019,6.786
2025/10/05 03:34:24.968,232.5,6.786
2025/10/05 03:34:26.335,232.983,6.786
2025/10/05 03:34:27.680,233.538,6.786
2025/10/05 03:34:29.235,234.002,6.786
2025/10/05 03:34:30.624,234.489,6.786
2025/10/05 03:34:32.009,234.991,6.786
2025/10/05 03:34:33.377,235.508,6.786
2025/10/05 03:34:34.775,236.016,6.786
2025/10/05 03:34:36.156,236.513,6.786
2025/10/05 03:34:37.523,236.996,6.786
2025/10/05 03:34:38.904,237.507,6.786
2025/10/05 03:34:40.474,237.996,6.786
2025/10/05 03:34:41.885,238.515,6.786
2025/10/05 03:34:43.244,239.007,6.786
2025/10/05 03:34:44.605,239.498,6.786
2025/10/05 03:34:46.172,240.015,6.786
2025/10/05 03:34:47.568,240.501,6.786
2025/10/05 03:34:48.933,241.003,6.786
2025/10/05 03:34:50.310,241.509,6.786
2025/10/05 03:34:51.660,242.009,6.786
2025/10/05 03:34:53.243,242.495,6.786
2025/10/05 03:34:54.615,243.0,6.786
2025/10/05 03:34:56.027,243.503,6.786
2025/10/05 03:34:57.404,244.019,6.786
2025/10/05 03:34:58.979,244.505,6.786
2025/10/05 03:35:00.378,245.008,6.786
2025/10/05 03:35:01.720,245.513,6.786
2025/10/05 03:35:03.313,245.997,6.786
2025/10/05 03:35:04.689,246.505,6.786
2025/10/05 03:35:06.088,247.008,6.786
2025/10/05 03:35:09.190,229.042,4.883
2025/10/05 03:35:10.563,229.462,4.883
2025/10/05 03:35:11.943,230.003,4.883
2025/10/05 03:35:13.312,230.514,4.883
2025/10/05 03:35:14.681,230.998,4.883
2025/10/05 03:35:16.250,231.503,4.883
2025/10/05 03:35:17.592,232.028,4.883
2025/10/05 03:35:18.988,232.5,4.883
2025/10/05 03:35:20.356,232.983,4.883
2025/10/05 03:35:21.918,233.505,4.883
2025/10/05 03:35:23.292,233.997,4.883
2025/10/05 03:35:24.638,234.524,4.883
2025/10/05 03:35:26.012,235.002,4.883
2025/10/05 03:35:27.596,235.494,4.883
2025/10/05 03:35:28.972,236.021,4.883
2025/10/05 03:35:30.333,236.499,4.883
2025/10/05 03:35:31.699,237.004,4.883
2025/10/05 03:35:33.244,237.504,4.883
2025/10/05 03:35:34.645,238.001,4.883
2025/10/05 03:35:36.021,238.504,4.883
2025/10/05 03:35:37.374,239.018,4.883
2025/10/05 03:35:38.930,239.496,4.883
2025/10/05 03:35:40.328,239.998,4.883
2025/10/05 03:35:41.709,240.523,4.883
2025/10/05 03:35:43.112,241.009,4.883
2025/10/05 03:35:44.457,241.506,4.883
2025/10/05 03:35:46.022,242.0,4.883
2025/10/05 03:35:47.433,242.503,4.883
2025/10/05 03:35:48.789,243.014,4.883
2025/10/05 03:35:50.343,243.5,4.883
2025/10/05 03:35:51.724,244.003,4.883
2025/10/05 03:35:53.105,244.486,4.883
2025/10/05 03:35:54.492,245.022,4.883
2025/10/05 03:35:57.211,229.042,4.284
2025/10/05 03:35:58.600,229.438,4.284
2025/10/05 03:35:59.983,230.031,4.284
2025/10/05 03:36:01.358,230.517,4.284
2025/10/05 03:36:02.729,231.006,4.284
2025/10/05 03:36:04.391,231.503,4.284
2025/10/05 03:36:05.769,232.0,4.284
2025/10/05 03:36:07.150,232.506,4.284
2025/10/05 03:36:08.547,233.0,4.284
2025/10/05 03:36:09.911,233.511,4.284
2025/10/05 03:36:11.329,234.0,4.284
2025/10/05 03:36:12.665,234.502,4.284
2025/10/05 03:36:14.049,234.999,4.284
2025/10/05 03:36:15.422,235.51,4.284
2025/10/05 03:36:16.987,235.999,4.284
2025/10/05 03:36:18.406,236.524,4.284
2025/10/05 03:36:19.781,236.996,4.284
2025/10/05 03:36:21.374,237.507,4.284
2025/10/05 03:36:22.760,238.004,4.284
2025/10/05 03:36:24.124,238.504,4.284
2025/10/05 03:36:25.495,238.998,4.284
2025/10/05 03:36:26.861,239.507,4.284
2025/10/05 03:36:28.448,240.009,4.284
2025/10/05 03:36:29.828,240.506,4.284
2025/10/05 03:36:31.178,241.001,4.284
2025/10/05 03:36:32.567,241.512,4.284
2025/10/05 03:36:33.936,241.979,4.284
2025/10/05 03:36:35.324,242.528,4.284
2025/10/05 03:36:36.727,243.011,4.284
2025/10/05 03:36:38.094,243.517,4.284
2025/10/05 03:36:39.463,244.014,4.284
2025/10/05 03:36:41.074,244.481,4.284
2025/10/05 03:36:42.443,245.013,4.284
2025/10/05 03:36:45.314,223.046,11.206
2025/10/05 03:36:46.886,223.922,11.206
2025/10/05 03:36:48.327,225.016,11.206
2025/10/05 03:36:49.746,225.996,11.206
2025/10/05 03:36:51.364,227.012,11.206
2025/10/05 03:36:52.806,228.015,11.206
2025/10/05 03:36:54.194,229.009,11.206
2025/10/05 03:36:55.633,230.001,11.206
2025/10/05 03:36:57.064,231.003,11.206
2025/10/05 03:36:58.498,232.011,11.206
2025/10/05 03:36:59.937,233.008,11.206
2025/10/05 03:37:01.324,233.983,11.206
2025/10/05 03:37:02.899,235.008,11.206
2025/10/05 03:37:04.339,236.01,11.206
2025/10/05 03:37:05.748,236.991,11.206
2025/10/05 03:37:07.299,238.015,11.206
2025/10/05 03:37:08.731,239.001,11.206
2025/10/05 03:37:10.131,240.017,11.206
2025/10/05 03:37:11.547,240.998,11.206
2025/10/05 03:37:13.229,242.031,11.206
2025/10/05 03:37:14.646,242.984,11.206
2025/10/05 03:37:16.068,244.0,11.206
2025/10/05 03:37:17.481,245.041,11.206
2025/10/05 03:37:19.139,245.994,11.206
2025/10/05 03:37:20.589,246.986,11.206
2025/10/05 03:37:21.984,247.999,11.206
2025/10/05 03:37:23.568,249.018,11.206
2025/10/05 03:37:24.979,249.985,11.206
2025/10/05 03:37:26.388,251.004,11.206
2025/10/05 03:37:29.450,227.034,6.786
2025/10/05 03:37:30.842,227.463,6.786
2025/10/05 03:37:32.403,228.004,6.786
2025/10/05 03:37:33.806,228.496,6.786
2025/10/05 03:37:35.174,229.015,6.786
2025/10/05 03:37:36.537,229.506,6.786
2025/10/05 03:37:37.937,230.017,6.786
2025/10/05 03:37:39.363,230.528,6.786
2025/10/05 03:37:40.768,230.981,6.786
2025/10/05 03:37:42.144,231.5,6.786
2025/10/05 03:37:43.536,232.019,6.786
2025/10/05 03:37:45.100,232.506,6.786
2025/10/05 03:37:46.487,233.0,6.786
2025/10/05 03:37:47.873,233.494,6.786
2025/10/05 03:37:49.258,233.972,6.786
2025/10/05 03:37:50.861,234.541,6.786
2025/10/05 03:37:52.253,235.021,6.786
2025/10/05 03:37:53.627,235.494,6.786
2025/10/05 03:37:54.990,236.002,6.786
2025/10/05 03:37:56.579,236.513,6.786
2025/10/05 03:37:57.972,236.991,6.786
2025/10/05 03:37:59.361,237.51,6.786
2025/10/05 03:38:00.852,237.952,6.786
2025/10/05 03:38:02.374,238.543,6.786
2025/10/05 03:38:03.758,239.004,6.786
2025/10/05 03:38:05.143,239.501,6.786
2025/10/05 03:38:06.498,240.02,6.786
2025/10/05 03:38:08.039,240.506,6.786
2025/10/05 03:38:09.430,240.984,6.786
2025/10/05 03:38:10.815,241.528,6.786
2025/10/05 03:38:12.172,242.017,6.786
2025/10/05 03:38:13.838,242.481,6.786
2025/10/05 03:38:15.227,243.003,6.786
2025/10/05 03:38:16.617,243.478,6.786
2025/10/05 03:38:17.973,244.005,6.786
2025/10/05 03:38:19.559,244.516,6.786
2025/10/05 03:38:20.957,244.986,6.786
2025/10/05 03:38:22.336,245.513,6.786
2025/10/05 03:38:23.678,246.01,6.786
2025/10/05 03:38:25.285,246.491,6.786
2025/10/05 03:38:26.649,247.013,6.786
2025/10/05 03:38:29.310,229.056,4.886
2025/10/05 03:38:30.925,229.443,4.886
2025/10/05 03:38:32.307,230.017,4.886
2025/10/05 03:38:33.646,230.525,4.886
2025/10/05 03:38:35.009,230.989,4.886
2025/10/05 03:38:36.692,231.533,4.886
2025/10/05 03:38:38.078,231.997,4.886
2025/10/05 03:38:39.456,232.492,4.886
2025/10/05 03:38:40.818,233.025,4.886
2025/10/05 03:38:42.358,233.492,4.886
2025/10/05 03:38:43.737,233.997,4.886
2025/10/05 03:38:45.092,234.511,4.886
2025/10/05 03:38:46.477,235.01,4.886
2025/10/05 03:38:48.048,235.497,4.886
2025/10/05 03:38:49.451,236.021,4.886
2025/10/05 03:38:50.817,236.483,4.886
2025/10/05 03:38:52.164,237.024,4.886
2025/10/05 03:38:53.726,237.521,4.886
2025/10/05 03:38:55.106,237.969,4.886
2025/10/05 03:38:56.480,238.501,4.886
2025/10/05 03:38:57.856,239.026,4.886
2025/10/05 03:38:59.387,239.501,4.886
2025/10/05 03:39:00.767,240.017,4.886
2025/10/05 03:39:02.141,240.465,4.886
2025/10/05 03:39:03.516,241.017,4.886
2025/10/05 03:39:05.118,241.512,4.886
2025/10/05 03:39:06.482,241.998,4.886
2025/10/05 03:39:07.869,242.484,4.886
2025/10/05 03:39:09.466,243.019,4.886
2025/10/05 03:39:10.869,243.5,4.886
2025/10/05 03:39:12.231,244.003,4.886
2025/10/05 03:39:13.618,244.492,4.886
2025/10/05 03:39:15.212,245.033,4.886
2025/10/05 03:39:17.852,229.017,4.287
2025/10/05 03:39:19.226,229.443,4.287
2025/10/05 03:39:20.812,230.025,4.287
2025/10/05 03:39:22.196,230.495,4.287
2025/10/05 03:39:23.565,231.009,4.287
2025/10/05 03:39:24.939,231.509,4.287
2025/10/05 03:39:26.497,231.989,4.287
2025/10/05 03:39:27.873,232.519,4.287
2025/10/05 03:39:29.268,232.994,4.287
2025/10/05 03:39:30.647,233.516,4.287
2025/10/05 03:39:32.220,233.989,4.287
2025/10/05 03:39:33.610,234.538,4.287
2025/10/05 03:39:35.027,234.975,4.287
2025/10/05 03:39:36.408,235.508,4.287
2025/10/05 03:39:37.765,236.029,4.287
2025/10/05 03:39:39.343,236.461,4.287
2025/10/05 03:39:40.708,237.024,4.287
2025/10/05 03:39:42.093,237.488,4.287
2025/10/05 03:39:43.667,238.029,4.287
2025/10/05 03:39:45.050,238.501,4.287
2025/10/05 03:39:46.425,238.998,4.287
2025/10/05 03:39:47.784,239.512,4.287
2025/10/05 03:39:49.154,240.006,4.287
2025/10/05 03:39:50.688,240.534,4.287
2025/10/05 03:39:52.100,240.984,4.287
2025/10/05 03:39:53.460,241.509,4.287
2025/10/05 03:39:54.825,242.009,4.287
2025/10/05 03:39:56.358,242.492,4.287
2025/10/05 03:39:57.758,243.003,4.287
2025/10/05 03:39:59.129,243.514,4.287
2025/10/05 03:40:00.476,244.011,4.287
2025/10/05 03:40:02.043,244.505,4.287
2025/10/05 03:40:03.431,244.981,4.287
2025/10/05 03:40:06.527,223.046,11.206
2025/10/05 03:40:07.945,223.928,11.206
2025/10/05 03:40:09.399,225.01,11.206
2025/10/05 03:40:10.778,226.002,11.206
2025/10/05 03:40:12.226,227.01,11.206
2025/10/05 03:40:13.645,228.009,11.206
2025/10/05 03:40:15.110,228.998,11.206
2025/10/05 03:40:16.726,230.003,11.206
2025/10/05 03:40:18.178,230.992,11.206
2025/10/05 03:40:19.586,232.017,11.206
2025/10/05 03:40:20.964,233.014,11.206
2025/10/05 03:40:22.635,233.994,11.206
2025/10/05 03:40:24.032,235.002,11.206
2025/10/05 03:40:25.463,236.013,11.206
2025/10/05 03:40:27.112,237.007,11.206
2025/10/05 03:40:28.526,238.001,11.206
2025/10/05 03:40:29.935,238.993,11.206
2025/10/05 03:40:31.566,240.012,11.206
2025/10/05 03:40:32.998,241.014,11.206
2025/10/05 03:40:34.400,242.0,11.206
2025/10/05 03:40:35.788,243.003,11.206
2025/10/05 03:40:37.367,243.992,11.206
2025/10/05 03:40:39.830,245.03,11.206
2025/10/05 03:40:41.277,246.016,11.206
2025/10/05 03:40:42.735,247.008,11.206
2025/10/05 03:40:44.329,247.977,11.206
2025/10/05 03:40:45.723,249.023,11.206
2025/10/05 03:40:47.160,249.993,11.206
2025/10/05 03:40:48.592,251.018,11.206
2025/10/05 03:40:51.826,227.051,6.784
2025/10/05 03:40:53.185,227.474,6.784
2025/10/05 03:40:54.769,228.001,6.784
2025/10/05 03:40:56.164,228.523,6.784
2025/10/05 03:40:57.531,229.006,6.784
2025/10/05 03:40:58.886,229.482,6.784
2025/10/05 03:41:00.420,230.02,6.784
2025/10/05 03:41:01.771,230.498,6.784
2025/10/05 03:41:03.136,231.02,6.784
2025/10/05 03:41:04.499,231.511,6.784
2025/10/05 03:41:05.845,231.995,6.784
2025/10/05 03:41:07.433,232.511,6.784
2025/10/05 03:41:08.811,233.014,6.784
2025/10/05 03:41:10.160,233.481,6.784
2025/10/05 03:41:11.552,234.005,6.784
2025/10/05 03:41:13.106,234.516,6.784
2025/10/05 03:41:14.488,235.002,6.784
2025/10/05 03:41:15.865,235.497,6.784
2025/10/05 03:41:17.205,236.01,6.784
2025/10/05 03:41:18.800,236.502,6.784
2025/10/05 03:41:20.183,237.004,6.784
2025/10/05 03:41:21.572,237.504,6.784
2025/10/05 03:41:22.912,238.029,6.784
2025/10/05 03:41:24.560,238.49,6.784
2025/10/05 03:41:25.932,238.976,6.784
2025/10/05 03:41:27.311,239.515,6.784
2025/10/05 03:41:28.687,240.015,6.784
2025/10/05 03:41:30.046,240.495,6.784
2025/10/05 03:41:31.687,241.02,6.784
2025/10/05 03:41:33.071,241.503,6.784
2025/10/05 03:41:34.427,242.02,6.784
2025/10/05 03:41:35.803,242.489,6.784
2025/10/05 03:41:37.331,243.019,6.784
2025/10/05 03:41:38.711,243.506,6.784
2025/10/05 03:41:40.052,244.008,6.784
2025/10/05 03:41:41.422,244.503,6.784
2025/10/05 03:41:42.803,245.005,6.784
2025/10/05 03:41:44.335,245.497,6.784
2025/10/05 03:41:45.730,246.002,6.784
2025/10/05 03:41:47.087,246.51,6.784
2025/10/05 03:41:48.459,246.991,6.784
2025/10/05 03:41:51.326,229.037,4.883
2025/10/05 03:41:52.698,229.471,4.883
2025/10/05 03:41:54.091,230.003,4.883
2025/10/05 03:41:55.446,230.498,4.883
2025/10/05 03:41:57.001,231.017,4.883
2025/10/05 03:41:58.397,231.509,4.883
2025/10/05 03:41:59.771,231.981,4.883
2025/10/05 03:42:01.336,232.519,4.883
2025/10/05 03:42:02.730,233.003,4.883
2025/10/05 03:42:04.101,233.497,4.883
2025/10/05 03:42:05.484,233.978,4.883
2025/10/05 03:42:06.881,234.522,4.883
2025/10/05 03:42:08.284,235.019,4.883
2025/10/05 03:42:09.643,235.477,4.883
2025/10/05 03:42:11.031,236.032,4.883
2025/10/05 03:42:12.385,236.51,4.883
2025/10/05 03:42:13.953,237.007,4.883
2025/10/05 03:42:15.340,237.502,4.883
2025/10/05 03:42:16.705,238.004,4.883
2025/10/05 03:42:18.077,238.493,4.883
2025/10/05 03:42:19.752,239.026,4.883
2025/10/05 03:42:21.149,239.493,4.883
2025/10/05 03:42:22.513,239.99,4.883
2025/10/05 03:42:23.906,240.528,4.883
2025/10/05 03:42:25.297,241.017,4.883
2025/10/05 03:42:26.944,241.492,4.883
2025/10/05 03:42:28.313,242.009,4.883
2025/10/05 03:42:29.685,242.509,4.883
2025/10/05 03:42:31.052,242.997,4.883
2025/10/05 03:42:32.629,243.511,4.883
2025/10/05 03:42:34.023,243.978,4.883
2025/10/05 03:42:35.378,244.508,4.883
2025/10/05 03:42:36.754,245.019,4.883
2025/10/05 03:42:39.499,229.042,4.284
2025/10/05 03:42:40.878,229.46,4.284
2025/10/05 03:42:42.275,229.998,4.284
2025/10/05 03:42:43.849,230.561,4.284
2025/10/05 03:42:45.237,230.976,4.284
2025/10/05 03:42:46.611,231.487,4.284
2025/10/05 03:42:48.010,232.017,4.284
2025/10/05 03:42:49.485,232.511,4.284
2025/10/05 03:42:50.847,232.997,4.284
2025/10/05 03:42:52.221,233.514,4.284
2025/10/05 03:42:53.600,234.005,4.284
2025/10/05 03:42:55.168,234.486,4.284
2025/10/05 03:42:56.546,235.005,4.284
2025/10/05 03:42:57.915,235.521,4.284
2025/10/05 03:42:59.269,235.994,4.284
2025/10/05 03:43:00.851,236.502,4.284
2025/10/05 03:43:02.226,237.004,4.284
2025/10/05 03:43:03.602,237.502,4.284
2025/10/05 03:43:04.955,237.999,4.284
2025/10/05 03:43:06.503,238.521,4.284
2025/10/05 03:43:07.857,239.015,4.284
2025/10/05 03:43:09.232,239.49,4.284
2025/10/05 03:43:10.608,239.99,4.284
2025/10/05 03:43:12.216,240.509,4.284
2025/10/05 03:43:13.601,241.009,4.284
2025/10/05 03:43:14.963,241.492,4.284
2025/10/05 03:43:16.517,242.011,4.284
2025/10/05 03:43:17.901,242.509,4.284
2025/10/05 03:43:19.272,242.984,4.284
2025/10/05 03:43:20.651,243.522,4.284
2025/10/05 03:43:22.014,244.014,4.284
2025/10/05 03:43:23.520,244.47,4.284
2025/10/05 03:43:24.905,245.019,4.284
2025/10/05 03:43:28.031,223.033,11.206
2025/10/05 03:43:29.447,223.933,11.206
2025/10/05 03:43:30.873,225.021,11.206
2025/10/05 03:43:32.455,225.996,11.206
2025/10/05 03:43:33.890,226.999,11.206
2025/10/05 03:43:35.310,228.007,11.206
2025/10/05 03:43:36.924,229.023,11.206
2025/10/05 03:43:38.354,230.02,11.206
2025/10/05 03:43:39.751,230.995,11.206
2025/10/05 03:43:41.331,232.006,11.206
2025/10/05 03:43:42.760,232.992,11.206
2025/10/05 03:43:44.171,233.997,11.206
2025/10/05 03:43:45.572,235.008,11.206
2025/10/05 03:43:47.238,236.01,11.206
2025/10/05 03:43:48.662,237.013,11.206
2025/10/05 03:43:50.070,237.993,11.206
2025/10/05 03:43:51.728,239.001,11.206
2025/10/05 03:43:53.148,240.034,11.206
2025/10/05 03:43:54.570,240.973,11.206
2025/10/05 03:43:56.248,242.022,11.206
2025/10/05 03:43:57.672,242.97,11.206
2025/10/05 03:43:59.085,244.027,11.206
2025/10/05 03:44:00.670,245.008,11.206
2025/10/05 03:44:02.088,245.978,11.206
2025/10/05 03:44:03.505,247.038,11.206
2025/10/05 03:44:04.896,248.002,11.206
2025/10/05 03:44:06.490,248.996,11.206
2025/10/05 03:44:07.933,250.021,11.206
2025/10/05 03:44:09.555,250.987,11.206
2025/10/05 03:44:12.432,227.032,6.784
2025/10/05 03:44:13.804,227.463,6.784
2025/10/05 03:44:15.396,228.018,6.784
2025/10/05 03:44:16.785,228.498,6.784
2025/10/05 03:44:18.134,228.99,6.784
2025/10/05 03:44:19.503,229.517,6.784
2025/10/05 03:44:20.868,230.009,6.784
2025/10/05 03:44:22.277,230.498,6.784
2025/10/05 03:44:23.624,231.017,6.784
2025/10/05 03:44:25.004,231.506,6.784
2025/10/05 03:44:26.394,231.995,6.784
2025/10/05 03:44:27.951,232.533,6.784
2025/10/05 03:44:29.342,233.011,6.784
2025/10/05 03:44:30.711,233.503,6.784
2025/10/05 03:44:32.086,234.005,6.784
2025/10/05 03:44:33.656,234.469,6.784
2025/10/05 03:44:35.051,235.016,6.784
2025/10/05 03:44:36.420,235.541,6.784
2025/10/05 03:44:37.793,235.994,6.784
2025/10/05 03:44:39.411,236.496,6.784
2025/10/05 03:44:40.817,237.018,6.784
2025/10/05 03:44:42.183,237.507,6.784
2025/10/05 03:44:43.527,237.996,6.784
2025/10/05 03:44:44.904,238.51,6.784
2025/10/05 03:44:46.472,238.99,6.784
2025/10/05 03:44:47.834,239.509,6.784
2025/10/05 03:44:49.224,240.001,6.784
2025/10/05 03:44:50.595,240.509,6.784
2025/10/05 03:44:52.180,241.006,6.784
2025/10/05 03:44:53.568,241.512,6.784
2025/10/05 03:44:54.965,241.946,6.784
2025/10/05 03:44:56.336,242.539,6.784
2025/10/05 03:44:57.707,243.008,6.784
2025/10/05 03:44:59.286,243.525,6.784
2025/10/05 03:45:00.680,243.995,6.784
2025/10/05 03:45:02.033,244.489,6.784
2025/10/05 03:45:03.656,245.008,6.784
2025/10/05 03:45:05.047,245.483,6.784
2025/10/05 03:45:06.405,246.046,6.784
2025/10/05 03:45:07.789,246.472,6.784
2025/10/05 03:45:09.139,246.991,6.784
2025/10/05 03:45:12.044,229.028,4.886
2025/10/05 03:45:13.468,229.46,4.886
2025/10/05 03:45:14.886,230.009,4.886
2025/10/05 03:45:16.246,230.514,4.886
2025/10/05 03:45:17.603,230.987,4.886
2025/10/05 03:45:18.987,231.509,4.886
2025/10/05 03:45:20.526,231.992,4.886
2025/10/05 03:45:21.910,232.514,4.886
2025/10/05 03:45:23.260,233.036,4.886
2025/10/05 03:45:24.640,233.47,4.886
2025/10/05 03:45:26.245,234.022,4.886
2025/10/05 03:45:27.643,234.464,4.886
2025/10/05 03:45:29.020,235.013,4.886
2025/10/05 03:45:30.579,235.521,4.886
2025/10/05 03:45:31.963,235.994,4.886
2025/10/05 03:45:33.339,236.502,4.886
2025/10/05 03:45:34.717,236.985,4.886
2025/10/05 03:45:36.100,237.491,4.886
2025/10/05 03:45:37.664,238.078,4.886
2025/10/05 03:45:39.064,238.477,4.886
2025/10/05 03:45:40.470,238.974,4.886
2025/10/05 03:45:41.850,239.54,4.886
2025/10/05 03:45:43.433,240.039,4.886
2025/10/05 03:45:44.803,240.462,4.886
2025/10/05 03:45:46.192,241.017,4.886
2025/10/05 03:45:47.590,241.503,4.886
2025/10/05 03:45:48.937,242.017,4.886
2025/10/05 03:45:50.534,242.489,4.886
2025/10/05 03:45:51.913,243.008,4.886
2025/10/05 03:45:53.274,243.5,4.886
2025/10/05 03:45:54.638,244.027,4.886
2025/10/05 03:45:56.221,244.508,4.886
2025/10/05 03:45:57.601,244.994,4.886
2025/10/05 03:46:00.191,229.037,4.287
2025/10/05 03:46:01.762,229.471,4.287
2025/10/05 03:46:03.153,230.003,4.287
2025/10/05 03:46:04.528,230.501,4.287
2025/10/05 03:46:05.895,231.003,4.287
2025/10/05 03:46:07.468,231.52,4.287
2025/10/05 03:46:08.866,231.989,4.287
2025/10/05 03:46:10.272,232.486,4.287
2025/10/05 03:46:11.643,233.025,4.287
2025/10/05 03:46:13.205,233.481,4.287
2025/10/05 03:46:14.598,234.024,4.287
2025/10/05 03:46:15.983,234.475,4.287
2025/10/05 03:46:17.351,235.082,4.287
2025/10/05 03:46:18.936,235.45,4.287
2025/10/05 03:46:20.331,236.076,4.287
2025/10/05 03:46:21.694,236.483,4.287
2025/10/05 03:46:23.084,237.002,4.287
2025/10/05 03:46:24.690,237.504,4.287
2025/10/05 03:46:26.077,237.999,4.287
2025/10/05 03:46:27.429,238.534,4.287
2025/10/05 03:46:28.797,238.985,4.287
2025/10/05 03:46:30.262,239.504,4.287
2025/10/05 03:46:31.639,240.001,4.287
2025/10/05 03:46:33.019,240.506,4.287
2025/10/05 03:46:34.412,240.927,4.287
2025/10/05 03:46:35.759,241.599,4.287
2025/10/05 03:46:37.314,241.976,4.287
2025/10/05 03:46:38.732,242.506,4.287
2025/10/05 03:46:40.093,242.992,4.287
2025/10/05 03:46:41.625,243.525,4.287
2025/10/05 03:46:43.033,243.959,4.287
2025/10/05 03:46:44.403,244.533,4.287
2025/10/05 03:46:45.804,244.997,4.287
2025/10/05 03:46:48.843,223.038,11.206
2025/10/05 03:46:50.239,223.922,11.206
2025/10/05 03:46:51.654,225.024,11.206
2025/10/05 03:46:53.308,225.999,11.206
2025/10/05 03:46:54.751,227.004,11.206
2025/10/05 03:46:56.164,227.998,11.206
2025/10/05 03:46:57.758,228.993,11.206
2025/10/05 03:46:59.217,230.009,11.206
2025/10/05 03:47:00.613,231.039,11.206
2025/10/05 03:47:02.010,232.008,11.206
2025/10/05 03:47:03.602,233.022,11.206
2025/10/05 03:47:05.016,233.975,11.206
2025/10/05 03:47:06.449,234.994,11.206
2025/10/05 03:47:08.069,236.018,11.206
2025/10/05 03:47:09.470,237.021,11.206
2025/10/05 03:47:10.883,237.985,11.206
2025/10/05 03:47:12.506,239.009,11.206
2025/10/05 03:47:13.959,240.039,11.206
2025/10/05 03:47:15.346,241.001,11.206
2025/10/05 03:47:17.073,242.058,11.206
2025/10/05 03:47:18.515,242.934,11.206
2025/10/05 03:47:19.927,243.984,11.206
2025/10/05 03:47:21.352,245.03,11.206
2025/10/05 03:47:22.976,245.997,11.206
2025/10/05 03:47:24.404,247.054,11.206
2025/10/05 03:47:25.824,247.974,11.206
2025/10/05 03:47:27.282,249.01,11.206
2025/10/05 03:47:28.704,249.999,11.206
2025/10/05 03:47:30.100,251.023,11.206
2025/10/05 03:47:33.172,227.034,6.784
2025/10/05 03:47:34.550,227.444,6.784
2025/10/05 03:47:35.899,228.029,6.784
2025/10/05 03:47:37.267,228.482,6.784
2025/10/05 03:47:38.904,228.995,6.784
2025/10/05 03:47:40.280,229.501,6.784
2025/10/05 03:47:41.667,230.003,6.784
2025/10/05 03:47:43.051,230.514,6.784
2025/10/05 03:47:44.567,231.0,6.784
2025/10/05 03:47:45.943,231.495,6.784
2025/10/05 03:47:47.325,232.008,6.784
2025/10/05 03:47:48.696,232.541,6.784
2025/10/05 03:47:50.028,233.003,6.784
2025/10/05 03:47:51.618,233.492,6.784
2025/10/05 03:47:53.004,233.994,6.784
2025/10/05 03:47:54.375,234.513,6.784
2025/10/05 03:47:55.750,234.988,6.784
2025/10/05 03:47:57.325,235.521,6.784
2025/10/05 03:47:58.711,236.013,6.784
2025/10/05 03:48:00.084,236.51,6.784
2025/10/05 03:48:01.660,236.963,6.784
2025/10/05 03:48:03.076,237.535,6.784
2025/10/05 03:48:04.466,237.999,6.784
2025/10/05 03:48:05.820,238.532,6.784
2025/10/05 03:48:07.182,239.007,6.784
2025/10/05 03:48:08.652,239.509,6.784
2025/10/05 03:48:10.002,239.993,6.784
2025/10/05 03:48:11.392,240.501,6.784
2025/10/05 03:48:12.778,240.992,6.784
2025/10/05 03:48:14.360,241.55,6.784
2025/10/05 03:48:15.743,241.984,6.784
2025/10/05 03:48:17.107,242.514,6.784
2025/10/05 03:48:18.497,242.976,6.784
2025/10/05 03:48:20.081,243.522,6.784
2025/10/05 03:48:21.475,243.997,6.784
2025/10/05 03:48:22.871,244.508,6.784
2025/10/05 03:48:24.226,245.008,6.784
2025/10/05 03:48:25.816,245.502,6.784
2025/10/05 03:48:27.203,246.002,6.784
2025/10/05 03:48:28.590,246.51,6.784
2025/10/05 03:48:29.948,246.999,6.784
2025/10/05 03:48:32.845,229.031,4.888
2025/10/05 03:48:34.215,229.454,4.888
2025/10/05 03:48:35.640,230.017,4.888
2025/10/05 03:48:37.004,230.465,4.888
2025/10/05 03:48:38.591,231.011,4.888
2025/10/05 03:48:39.990,231.509,4.888
2025/10/05 03:48:41.362,231.992,4.888
2025/10/05 03:48:42.744,232.552,4.888
2025/10/05 03:48:44.308,232.983,4.888
2025/10/05 03:48:45.675,233.5,4.888
2025/10/05 03:48:47.118,233.997,4.888
2025/10/05 03:48:48.684,234.511,4.888
2025/10/05 03:48:50.063,235.019,4.888
2025/10/05 03:48:51.437,235.508,4.888
2025/10/05 03:48:52.817,235.955,4.888
2025/10/05 03:48:54.176,236.565,4.888
2025/10/05 03:48:55.761,236.996,4.888
2025/10/05 03:48:57.154,237.482,4.888
2025/10/05 03:48:58.527,238.056,4.888
2025/10/05 03:48:59.885,238.496,4.888
2025/10/05 03:49:01.272,239.015,4.888
2025/10/05 03:49:02.855,239.49,4.888
2025/10/05 03:49:04.217,240.001,4.888
2025/10/05 03:49:05.577,240.534,4.888
2025/10/05 03:49:06.972,241.006,4.888
2025/10/05 03:49:08.512,241.495,4.888
2025/10/05 03:49:09.926,242.0,4.888
2025/10/05 03:49:11.281,242.487,4.888
2025/10/05 03:49:12.676,243.003,4.888
2025/10/05 03:49:14.078,243.547,4.888
2025/10/05 03:49:15.654,243.984,4.888
2025/10/05 03:49:17.001,244.519,4.888
2025/10/05 03:49:18.380,244.989,4.888
2025/10/05 03:49:20.877,229.037,4.287
2025/10/05 03:49:22.433,229.473,4.287
2025/10/05 03:49:23.806,230.028,4.287
2025/10/05 03:49:25.167,230.492,4.287
2025/10/05 03:49:26.532,230.998,4.287
2025/10/05 03:49:28.110,231.517,4.287
2025/10/05 03:49:29.481,231.986,4.287
2025/10/05 03:49:30.883,232.495,4.287
2025/10/05 03:49:32.260,233.0,4.287
2025/10/05 03:49:33.638,233.503,4.287
2025/10/05 03:49:35.216,233.967,4.287
2025/10/05 03:49:36.613,234.535,4.287
2025/10/05 03:49:37.970,235.013,4.287
2025/10/05 03:49:39.554,235.469,4.287
2025/10/05 03:49:40.956,236.054,4.287
2025/10/05 03:49:42.305,236.469,4.287
2025/10/05 03:49:43.726,237.01,4.287
2025/10/05 03:49:45.305,237.515,4.287
2025/10/05 03:49:46.668,238.018,4.287
2025/10/05 03:49:48.076,238.499,4.287
2025/10/05 03:49:49.440,238.998,4.287
2025/10/05 03:49:51.021,239.496,4.287
2025/10/05 03:49:52.421,240.015,4.287
2025/10/05 03:49:53.794,240.515,4.287
2025/10/05 03:49:55.180,240.99,4.287
2025/10/05 03:49:56.754,241.492,4.287
2025/10/05 03:49:58.152,242.009,4.287
2025/10/05 03:49:59.519,242.514,4.287
2025/10/05 03:50:00.895,242.989,4.287
2025/10/05 03:50:02.256,243.497,4.287
2025/10/05 03:50:03.706,244.019,4.287
2025/10/05 03:50:05.087,244.492,4.287
2025/10/05 03:50:06.466,245.027,4.287
2025/10/05 03:50:09.541,223.044,11.206
2025/10/05 03:50:10.959,223.936,11.206
2025/10/05 03:50:12.536,224.994,11.206
2025/10/05 03:50:13.977,226.018,11.206
2025/10/05 03:50:15.392,227.001,11.206
2025/10/05 03:50:16.811,228.018,11.206
2025/10/05 03:50:18.440,229.001,11.206
2025/10/05 03:50:19.854,230.006,11.206
2025/10/05 03:50:21.324,231.022,11.206
2025/10/05 03:50:22.920,231.997,11.206
2025/10/05 03:50:24.337,232.981,11.206
2025/10/05 03:50:25.750,233.997,11.206
2025/10/05 03:50:27.146,235.016,11.206
2025/10/05 03:50:28.721,235.988,11.206
2025/10/05 03:50:30.125,236.982,11.206
2025/10/05 03:50:31.543,238.023,11.206
2025/10/05 03:50:33.177,238.985,11.206
2025/10/05 03:50:34.608,240.026,11.206
2025/10/05 03:50:36.022,240.979,11.206
2025/10/05 03:50:37.638,242.009,11.206
2025/10/05 03:50:39.079,242.989,11.206
2025/10/05 03:50:40.483,244.033,11.206
2025/10/05 03:50:41.898,245.016,11.206
2025/10/05 03:50:43.525,245.986,11.206
2025/10/05 03:50:44.936,246.999,11.206
2025/10/05 03:50:46.342,248.007,11.206
2025/10/05 03:50:47.924,249.007,11.206
2025/10/05 03:50:49.349,249.996,11.206
2025/10/05 03:50:50.757,251.031,11.206
2025/10/05 03:50:53.845,227.037,6.784
2025/10/05 03:50:55.208,227.496,6.784
2025/10/05 03:50:56.825,227.996,6.784
2025/10/05 03:50:58.200,228.504,6.784
2025/10/05 03:50:59.563,229.001,6.784
2025/10/05 03:51:00.919,229.534,6.784
2025/10/05 03:51:02.269,229.981,6.784
2025/10/05 03:51:03.720,230.525,6.784
2025/10/05 03:51:05.082,230.967,6.784
2025/10/05 03:51:06.477,231.511,6.784
2025/10/05 03:51:07.863,232.003,6.784
2025/10/05 03:51:09.438,232.517,6.784
2025/10/05 03:51:10.826,232.997,6.784
2025/10/05 03:51:12.228,233.516,6.784
2025/10/05 03:51:13.833,234.002,6.784
2025/10/05 03:51:15.228,234.489,6.784
2025/10/05 03:51:16.596,235.024,6.784
2025/10/05 03:51:17.950,235.488,6.784
2025/10/05 03:51:19.342,236.016,6.784
2025/10/05 03:51:20.929,236.494,6.784
2025/10/05 03:51:22.301,237.015,6.784
2025/10/05 03:51:23.706,237.504,6.784
2025/10/05 03:51:25.078,237.993,6.784
2025/10/05 03:51:26.643,238.504,6.784
2025/10/05 03:51:28.019,239.009,6.784
2025/10/05 03:51:29.397,239.498,6.784
2025/10/05 03:51:30.768,240.02,6.784
2025/10/05 03:51:32.137,240.509,6.784
2025/10/05 03:51:33.685,241.001,6.784
2025/10/05 03:51:35.065,241.498,6.784
2025/10/05 03:51:36.474,241.989,6.784
2025/10/05 03:51:37.862,242.528,6.784
2025/10/05 03:51:39.420,243.003,6.784
2025/10/05 03:51:40.802,243.514,6.784
2025/10/05 03:51:42.157,243.984,6.784
2025/10/05 03:51:43.530,244.511,6.784
2025/10/05 03:51:44.884,245.011,6.784
2025/10/05 03:51:46.498,245.494,6.784
2025/10/05 03:51:47.871,246.013,6.784
2025/10/05 03:51:49.259,246.519,6.784
2025/10/05 03:51:50.837,247.002,6.784
2025/10/05 03:51:53.503,229.037,4.886
2025/10/05 03:51:54.875,229.443,4.886
2025/10/05 03:51:56.431,230.028,4.886
2025/10/05 03:51:57.801,230.503,4.886
2025/10/05 03:51:59.195,231.0,4.886
2025/10/05 03:52:00.774,231.498,4.886
2025/10/05 03:52:02.169,232.017,4.886
2025/10/05 03:52:03.566,232.503,4.886
2025/10/05 03:52:04.947,232.994,4.886
2025/10/05 03:52:06.302,233.508,4.886
2025/10/05 03:52:07.882,234.002,4.886
2025/10/05 03:52:09.277,234.5,4.886
2025/10/05 03:52:10.663,235.002,4.886
2025/10/05 03:52:12.031,235.513,4.886
2025/10/05 03:52:13.444,235.985,4.886
2025/10/05 03:52:14.845,236.535,4.886
2025/10/05 03:52:16.216,237.024,4.886
2025/10/05 03:52:17.606,237.469,4.886
2025/10/05 03:52:19.178,237.963,4.886
2025/10/05 03:52:20.615,238.501,4.886
2025/10/05 03:52:21.974,239.029,4.886
2025/10/05 03:52:23.339,239.485,4.886
2025/10/05 03:52:24.911,240.023,4.886
2025/10/05 03:52:26.298,240.501,4.886
2025/10/05 03:52:27.676,241.012,4.886
2025/10/05 03:52:29.054,241.512,4.886
2025/10/05 03:52:30.663,242.028,4.886
2025/10/05 03:52:32.018,242.44,4.886
2025/10/05 03:52:33.405,243.008,4.886
2025/10/05 03:52:34.768,243.519,4.886
2025/10/05 03:52:36.119,244.003,4.886
2025/10/05 03:52:37.523,244.503,4.886
2025/10/05 03:52:38.917,245.005,4.886
2025/10/05 03:52:41.481,229.034,4.287
2025/10/05 03:52:43.079,229.457,4.287
2025/10/05 03:52:44.489,230.036,4.287
2025/10/05 03:52:45.844,230.49,4.287
2025/10/05 03:52:47.200,231.011,4.287
2025/10/05 03:52:48.761,231.456,4.287
2025/10/05 03:52:50.161,232.052,4.287
2025/10/05 03:52:51.498,232.519,4.287
2025/10/05 03:52:52.870,232.967,4.287
2025/10/05 03:52:54.439,233.541,4.287
2025/10/05 03:52:55.833,233.994,4.287
2025/10/05 03:52:57.196,234.511,4.287
2025/10/05 03:52:58.574,235.005,4.287
2025/10/05 03:52:59.963,235.53,4.287
2025/10/05 03:53:01.515,235.983,4.287
2025/10/05 03:53:02.888,236.491,4.287
2025/10/05 03:53:04.252,237.026,4.287
2025/10/05 03:53:05.848,237.499,4.287
2025/10/05 03:53:07.233,237.985,4.287
2025/10/05 03:53:08.617,238.548,4.287
2025/10/05 03:53:09.997,238.976,4.287
2025/10/05 03:53:11.374,239.501,4.287
2025/10/05 03:53:12.794,239.99,4.287
2025/10/05 03:53:14.154,240.55,4.287
2025/10/05 03:53:15.518,240.992,4.287
2025/10/05 03:53:16.904,241.509,4.287
2025/10/05 03:53:18.465,241.984,4.287
2025/10/05 03:53:19.873,242.511,4.287
2025/10/05 03:53:21.246,242.992,4.287
2025/10/05 03:53:22.821,243.517,4.287
2025/10/05 03:53:24.192,244.016,4.287
2025/10/05 03:53:25.579,244.492,4.287
2025/10/05 03:53:26.964,244.986,4.287
2025/10/05 03:53:30.049,223.03,11.206
2025/10/05 03:53:31.515,223.936,11.206
2025/10/05 03:53:33.130,224.985,11.206
2025/10/05 03:53:34.548,226.004,11.206
2025/10/05 03:53:36.035,227.045,11.206
2025/10/05 03:53:37.629,228.018,11.206
2025/10/05 03:53:39.083,229.001,11.206
2025/10/05 03:53:40.488,230.012,11.206
2025/10/05 03:53:41.908,230.992,11.206
2025/10/05 03:53:43.600,231.989,11.206
2025/10/05 03:53:45.004,233.08,11.206
2025/10/05 03:53:46.685,233.972,11.206
2025/10/05 03:53:48.171,235.019,11.206
2025/10/05 03:53:49.610,236.016,11.206
2025/10/05 03:53:51.306,237.037,11.206
2025/10/05 03:53:52.719,237.971,11.206
2025/10/05 03:53:54.114,239.037,11.206
2025/10/05 03:53:55.690,239.971,11.206
2025/10/05 03:53:57.109,241.006,11.206
2025/10/05 03:53:58.516,242.009,11.206
2025/10/05 03:53:59.908,242.992,11.206
2025/10/05 03:54:01.533,243.995,11.206
2025/10/05 03:54:02.948,245.019,11.206
2025/10/05 03:54:04.367,245.997,11.206
2025/10/05 03:54:05.982,246.994,11.206
2025/10/05 03:54:07.423,248.013,11.206
2025/10/05 03:54:08.829,249.007,11.206
2025/10/05 03:54:10.457,250.007,11.206
2025/10/05 03:54:11.888,251.026,11.206
2025/10/05 03:54:14.922,227.034,6.784
2025/10/05 03:54:16.357,227.446,6.784
2025/10/05 03:54:17.707,228.042,6.784
2025/10/05 03:54:19.090,228.501,6.784
2025/10/05 03:54:20.518,228.998,6.784
2025/10/05 03:54:21.894,229.531,6.784
2025/10/05 03:54:23.238,230.001,6.784
2025/10/05 03:54:24.676,230.49,6.784
2025/10/05 03:54:26.283,231.009,6.784
2025/10/05 03:54:27.679,231.517,6.784
2025/10/05 03:54:29.049,231.978,6.784
2025/10/05 03:54:30.406,232.429,6.784
2025/10/05 03:54:32.024,233.019,6.784
2025/10/05 03:54:33.404,233.5,6.784
2025/10/05 03:54:34.765,234.049,6.784
2025/10/05 03:54:36.136,234.453,6.784
2025/10/05 03:54:37.709,235.054,6.784
2025/10/05 03:54:39.104,235.532,6.784
2025/10/05 03:54:40.445,235.999,6.784
2025/10/05 03:54:41.839,236.485,6.784
2025/10/05 03:54:43.195,237.018,6.784
2025/10/05 03:54:44.723,237.485,6.784
2025/10/05 03:54:46.110,237.999,6.784
2025/10/05 03:54:47.484,238.496,6.784
2025/10/05 03:54:48.855,238.993,6.784
2025/10/05 03:54:50.242,239.529,6.784
2025/10/05 03:54:51.798,239.995,6.784
2025/10/05 03:54:53.183,240.515,6.784
2025/10/05 03:54:54.589,240.94,6.784
2025/10/05 03:54:55.960,241.509,6.784
2025/10/05 03:54:57.542,242.072,6.784
2025/10/05 03:54:58.933,242.443,6.784
2025/10/05 03:55:00.311,243.047,6.784
2025/10/05 03:55:01.903,243.511,6.784
2025/10/05 03:55:03.289,244.008,6.784
2025/10/05 03:55:04.666,244.505,6.784
2025/10/05 03:55:06.079,244.953,6.784
2025/10/05 03:55:07.494,245.535,6.784
2025/10/05 03:55:08.901,246.021,6.784
2025/10/05 03:55:10.264,246.494,6.784
2025/10/05 03:55:11.637,246.972,6.784
2025/10/05 03:55:14.649,229.048,4.888
2025/10/05 03:55:16.077,229.468,4.888
2025/10/05 03:55:17.463,230.012,4.888
2025/10/05 03:55:19.059,230.479,4.888
2025/10/05 03:55:20.433,231.006,4.888
2025/10/05 03:55:21.796,231.517,4.888
2025/10/05 03:55:23.190,232.03,4.888
2025/10/05 03:55:24.749,232.495,4.888
2025/10/05 03:55:26.122,232.997,4.888
2025/10/05 03:55:27.509,233.492,4.888
2025/10/05 03:55:28.881,234.013,4.888
2025/10/05 03:55:30.472,234.497,4.888
2025/10/05 03:55:31.860,234.999,4.888
2025/10/05 03:55:33.257,235.524,4.888
2025/10/05 03:55:34.621,235.999,4.888
2025/10/05 03:55:36.171,236.502,4.888
2025/10/05 03:55:37.573,237.007,4.888
2025/10/05 03:55:38.914,237.51,4.888
2025/10/05 03:55:40.300,237.99,4.888
2025/10/05 03:55:41.884,238.488,4.888
2025/10/05 03:55:43.278,239.029,4.888
2025/10/05 03:55:44.681,239.496,4.888
2025/10/05 03:55:46.040,240.004,4.888
2025/10/05 03:55:47.404,240.512,4.888
2025/10/05 03:55:48.866,241.006,4.888
2025/10/05 03:55:50.278,241.479,4.888
2025/10/05 03:55:51.663,242.003,4.888
2025/10/05 03:55:53.025,242.553,4.888
2025/10/05 03:55:54.595,242.97,4.888
2025/10/05 03:55:55.990,243.514,4.888
2025/10/05 03:55:57.380,244.005,4.888
2025/10/05 03:55:58.981,244.514,4.888
2025/10/05 03:56:00.363,244.997,4.888
2025/10/05 03:56:02.877,229.048,4.287
2025/10/05 03:56:04.268,229.418,4.287
2025/10/05 03:56:05.824,230.075,4.287
2025/10/05 03:56:07.217,230.446,4.287
2025/10/05 03:56:08.579,231.036,4.287
2025/10/05 03:56:09.943,231.511,4.287
2025/10/05 03:56:11.536,231.989,4.287
2025/10/05 03:56:12.899,232.514,4.287
2025/10/05 03:56:14.288,233.003,4.287
2025/10/05 03:56:15.674,233.511,4.287
2025/10/05 03:56:17.355,234.019,4.287
2025/10/05 03:56:18.719,234.494,4.287
2025/10/05 03:56:20.083,235.008,4.287
2025/10/05 03:56:21.432,235.494,4.287
2025/10/05 03:56:22.989,236.007,4.287
2025/10/05 03:56:24.381,236.579,4.287
2025/10/05 03:56:25.716,236.941,4.287
2025/10/05 03:56:27.093,237.485,4.287
2025/10/05 03:56:28.466,238.051,4.287
2025/10/05 03:56:29.887,238.466,4.287
2025/10/05 03:56:31.258,238.993,4.287
2025/10/05 03:56:32.626,239.498,4.287
2025/10/05 03:56:34.023,240.023,4.287
2025/10/05 03:56:35.599,240.504,4.287
2025/10/05 03:56:36.993,241.001,4.287
2025/10/05 03:56:38.361,241.503,4.287
2025/10/05 03:56:39.956,242.014,4.287
2025/10/05 03:56:41.355,242.5,4.287
2025/10/05 03:56:42.713,243.011,4.287
2025/10/05 03:56:44.082,243.5,4.287
2025/10/05 03:56:45.461,244.019,4.287
2025/10/05 03:56:46.901,244.486,4.287
2025/10/05 03:56:48.316,245.027,4.287
2025/10/05 03:56:51.393,223.044,11.206
2025/10/05 03:56:52.825,223.928,11.206
2025/10/05 03:56:54.248,225.016,11.206
2025/10/05 03:56:55.812,225.999,11.206
2025/10/05 03:56:57.233,227.007,11.206
2025/10/05 03:56:58.669,227.996,11.206
2025/10/05 03:57:00.113,229.017,11.206
2025/10/05 03:57:01.592,230.023,11.206
2025/10/05 03:57:03.013,230.998,11.206
2025/10/05 03:57:04.454,231.978,11.206
2025/10/05 03:57:05.843,233.022,11.206
2025/10/05 03:57:07.477,233.994,11.206
2025/10/05 03:57:08.894,234.997,11.206
2025/10/05 03:57:10.329,236.024,11.206
2025/10/05 03:57:11.912,236.985,11.206
2025/10/05 03:57:13.357,238.01,11.206
2025/10/05 03:57:14.778,238.998,11.206
2025/10/05 03:57:16.420,240.004,11.206
2025/10/05 03:57:17.830,241.001,11.206
2025/10/05 03:57:19.225,242.003,11.206
2025/10/05 03:57:20.780,243.003,11.206
2025/10/05 03:57:22.199,244.0,11.206
2025/10/05 03:57:23.592,245.016,11.206
2025/10/05 03:57:26.083,246.008,11.206
2025/10/05 03:57:27.511,246.988,11.206
2025/10/05 03:57:28.922,248.021,11.206
2025/10/05 03:57:30.358,248.999,11.206
2025/10/05 03:57:31.748,250.023,11.206
2025/10/05 03:57:33.347,250.99,11.206
2025/10/05 03:57:36.186,227.045,6.781
2025/10/05 03:57:37.743,227.477,6.781
2025/10/05 03:57:39.128,228.031,6.781
2025/10/05 03:57:40.530,228.487,6.781
2025/10/05 03:57:41.980,228.99,6.781
2025/10/05 03:57:43.555,229.473,6.781
2025/10/05 03:57:44.902,230.083,6.781
2025/10/05 03:57:46.283,230.446,6.781
2025/10/05 03:57:47.658,231.064,6.781
2025/10/05 03:57:49.228,231.503,6.781
2025/10/05 03:57:50.622,231.975,6.781
2025/10/05 03:57:51.978,232.582,6.781
2025/10/05 03:57:53.365,232.97,6.781
2025/10/05 03:57:54.944,233.514,6.781
2025/10/05 03:57:56.361,234.027,6.781
2025/10/05 03:57:57.716,234.538,6.781
2025/10/05 03:57:59.074,234.945,6.781
2025/10/05 03:58:00.459,235.477,6.781
2025/10/05 03:58:02.029,236.087,6.781
2025/10/05 03:58:03.391,236.463,6.781
2025/10/05 03:58:04.772,236.982,6.781
2025/10/05 03:58:06.151,237.518,6.781
2025/10/05 03:58:07.523,238.021,6.781
2025/10/05 03:58:08.921,238.482,6.781
2025/10/05 03:58:10.318,238.96,6.781
2025/10/05 03:58:11.724,239.526,6.781
2025/10/05 03:58:13.108,240.001,6.781
2025/10/05 03:58:14.726,240.498,6.781
2025/10/05 03:58:16.136,240.998,6.781
2025/10/05 03:58:17.513,241.509,6.781
2025/10/05 03:58:18.899,242.039,6.781
2025/10/05 03:58:20.476,242.52,6.781
2025/10/05 03:58:21.874,242.995,6.781
2025/10/05 03:58:23.232,243.522,6.781
2025/10/05 03:58:24.813,244.011,6.781
2025/10/05 03:58:26.203,244.511,6.781
2025/10/05 03:58:27.570,245.022,6.781
2025/10/05 03:58:28.959,245.516,6.781
2025/10/05 03:58:30.333,245.98,6.781
2025/10/05 03:58:31.886,246.532,6.781
2025/10/05 03:58:33.268,246.991,6.781
2025/10/05 03:58:35.931,229.045,4.883
2025/10/05 03:58:37.300,229.446,4.883
2025/10/05 03:58:38.883,230.006,4.883
2025/10/05 03:58:40.280,230.528,4.883
2025/10/05 03:58:41.657,230.998,4.883
2025/10/05 03:58:43.034,231.525,4.883
2025/10/05 03:58:44.616,232.008,4.883
2025/10/05 03:58:46.013,232.514,4.883
2025/10/05 03:58:47.380,232.992,4.883
2025/10/05 03:58:48.749,233.511,4.883
2025/10/05 03:58:50.424,233.983,4.883
2025/10/05 03:58:51.783,234.502,4.883
2025/10/05 03:58:53.162,234.997,4.883
2025/10/05 03:58:54.539,235.516,4.883
2025/10/05 03:58:56.099,235.983,4.883
2025/10/05 03:58:57.491,236.516,4.883
2025/10/05 03:58:58.844,237.004,4.883
2025/10/05 03:59:00.207,237.502,4.883
2025/10/05 03:59:01.548,237.99,4.883
2025/10/05 03:59:02.958,238.532,4.883
2025/10/05 03:59:04.316,239.018,4.883
2025/10/05 03:59:05.669,239.493,4.883
2025/10/05 03:59:07.065,239.987,4.883
2025/10/05 03:59:08.630,240.504,4.883
2025/10/05 03:59:10.043,241.012,4.883
2025/10/05 03:59:11.384,241.503,4.883
2025/10/05 03:59:12.745,241.998,4.883
2025/10/05 03:59:14.113,242.503,4.883
2025/10/05 03:59:15.506,243.017,4.883
2025/10/05 03:59:16.872,243.508,4.883
2025/10/05 03:59:18.236,243.997,4.883
2025/10/05 03:59:19.799,244.492,4.883
2025/10/05 03:59:21.183,245.013,4.883
2025/10/05 03:59:23.719,229.017,4.287
2025/10/05 03:59:25.086,229.435,4.287
2025/10/05 03:59:26.664,230.034,4.287
2025/10/05 03:59:28.058,230.492,4.287
2025/10/05 03:59:29.421,231.003,4.287
2025/10/05 03:59:31.034,231.533,4.287
2025/10/05 03:59:32.418,232.006,4.287
2025/10/05 03:59:33.780,232.508,4.287
2025/10/05 03:59:35.174,232.942,4.287
2025/10/05 03:59:36.555,233.53,4.287
2025/10/05 03:59:38.174,233.934,4.287
2025/10/05 03:59:39.548,234.5,4.287
2025/10/05 03:59:40.946,235.019,4.287
2025/10/05 03:59:42.316,235.458,4.287
2025/10/05 03:59:43.868,236.062,4.287
2025/10/05 03:59:45.237,236.48,4.287
2025/10/05 03:59:46.593,236.996,4.287
2025/10/05 03:59:47.983,237.449,4.287
2025/10/05 03:59:49.356,238.045,4.287
2025/10/05 03:59:50.899,238.512,4.287
2025/10/05 03:59:52.294,238.957,4.287
2025/10/05 03:59:53.668,239.507,4.287
2025/10/05 03:59:55.022,240.031,4.287
2025/10/05 03:59:56.608,240.506,4.287
2025/10/05 03:59:57.996,240.992,4.287
2025/10/05 03:59:59.385,241.512,4.287
2025/10/05 04:00:00.741,241.989,4.287
2025/10/05 04:00:02.320,242.487,4.287
2025/10/05 04:00:03.707,243.017,4.287
2025/10/05 04:00:05.081,243.495,4.287
2025/10/05 04:00:06.426,244.027,4.287
2025/10/05 04:00:07.995,244.483,4.287
2025/10/05 04:00:09.389,245.011,4.287
2025/10/05 04:00:12.669,223.033,11.208
2025/10/05 04:00:14.116,223.944,11.208
2025/10/05 04:00:15.517,225.007,11.208
2025/10/05 04:00:17.112,225.993,11.208
2025/10/05 04:00:18.546,227.032,11.208
2025/10/05 04:00:19.958,227.974,11.208
2025/10/05 04:00:21.376,229.028,11.208
2025/10/05 04:00:22.992,229.992,11.208
2025/10/05 04:00:24.408,231.006,11.208
2025/10/05 04:00:25.796,232.019,11.208
2025/10/05 04:00:27.406,233.0,11.208
2025/10/05 04:00:28.816,233.983,11.208
2025/10/05 04:00:30.232,235.021,11.208
2025/10/05 04:00:31.849,235.966,11.208
2025/10/05 04:00:33.248,237.065,11.208
2025/10/05 04:00:34.685,237.963,11.208
2025/10/05 04:00:36.103,239.02,11.208
2025/10/05 04:00:37.743,240.02,11.208
2025/10/05 04:00:39.130,241.025,11.208
2025/10/05 04:00:40.552,241.97,11.208
2025/10/05 04:00:41.966,243.0,11.208
2025/10/05 04:00:43.565,244.003,11.208
2025/10/05 04:00:44.987,245.008,11.208
2025/10/05 04:00:46.406,246.043,11.208
2025/10/05 04:00:47.987,246.975,11.208
2025/10/05 04:00:49.419,248.032,11.208
2025/10/05 04:00:50.864,249.002,11.208
2025/10/05 04:00:52.522,250.015,11.208
2025/10/05 04:00:53.949,251.012,11.208
2025/10/05 04:00:57.096,227.026,6.784
2025/10/05 04:00:58.473,227.488,6.784
2025/10/05 04:00:59.844,227.985,6.784
2025/10/05 04:01:01.193,228.52,6.784
2025/10/05 04:01:02.800,229.028,6.784
2025/10/05 04:01:04.174,229.468,6.784
2025/10/05 04:01:05.560,230.045,6.784
2025/10/05 04:01:06.951,230.429,6.784
2025/10/05 04:01:08.348,231.031,6.784
2025/10/05 04:01:09.923,231.536,6.784
2025/10/05 04:01:11.296,231.986,6.784
2025/10/05 04:01:12.663,232.577,6.784
2025/10/05 04:01:14.012,232.94,6.784
2025/10/05 04:01:15.607,233.514,6.784
2025/10/05 04:01:17.015,234.008,6.784
2025/10/05 04:01:18.360,234.502,6.784
2025/10/05 04:01:19.770,235.002,6.784
2025/10/05 04:01:21.369,235.499,6.784
2025/10/05 04:01:22.780,235.983,6.784
2025/10/05 04:01:24.154,236.521,6.784
2025/10/05 04:01:25.519,237.002,6.784
2025/10/05 04:01:27.105,237.499,6.784
2025/10/05 04:01:28.499,237.982,6.784
2025/10/05 04:01:29.871,238.529,6.784
2025/10/05 04:01:31.239,239.009,6.784
2025/10/05 04:01:32.646,239.438,6.784
2025/10/05 04:01:34.036,240.053,6.784
2025/10/05 04:01:35.432,240.484,6.784
2025/10/05 04:01:36.820,241.014,6.784
2025/10/05 04:01:38.370,241.487,6.784
2025/10/05 04:01:39.788,242.025,6.784
2025/10/05 04:01:41.166,242.52,6.784
2025/10/05 04:01:42.565,242.981,6.784
2025/10/05 04:01:44.168,243.511,6.784
2025/10/05 04:01:45.546,244.011,6.784
2025/10/05 04:01:46.939,244.514,6.784
2025/10/05 04:01:48.305,244.964,6.784
2025/10/05 04:01:49.845,245.527,6.784
2025/10/05 04:01:51.245,245.986,6.784
2025/10/05 04:01:52.605,246.494,6.784
2025/10/05 04:01:53.985,247.013,6.784
2025/10/05 04:01:56.894,229.034,4.883
2025/10/05 04:01:58.260,229.473,4.883
2025/10/05 04:01:59.626,230.025,4.883
2025/10/05 04:02:01.205,230.506,4.883
2025/10/05 04:02:02.600,230.992,4.883
2025/10/05 04:02:03.988,231.503,4.883
2025/10/05 04:02:05.364,231.995,4.883
2025/10/05 04:02:06.733,232.525,4.883
2025/10/05 04:02:08.288,232.997,4.883
2025/10/05 04:02:09.688,233.514,4.883
2025/10/05 04:02:11.056,233.964,4.883
2025/10/05 04:02:12.443,234.527,4.883
2025/10/05 04:02:14.033,235.013,4.883
2025/10/05 04:02:15.415,235.502,4.883
2025/10/05 04:02:16.786,236.005,4.883
2025/10/05 04:02:18.154,236.54,4.883
2025/10/05 04:02:19.575,236.903,4.883
2025/10/05 04:02:21.006,237.526,4.883
2025/10/05 04:02:22.357,237.977,4.883
2025/10/05 04:02:23.747,238.529,4.883
2025/10/05 04:02:25.128,239.012,4.883
2025/10/05 04:02:26.695,239.526,4.883
2025/10/05 04:02:28.097,239.993,4.883
2025/10/05 04:02:29.462,240.479,4.883
2025/10/05 04:02:31.078,240.998,4.883
2025/10/05 04:02:32.463,241.47,4.883
2025/10/05 04:02:33.823,242.061,4.883
2025/10/05 04:02:35.217,242.492,4.883
2025/10/05 04:02:36.581,243.011,4.883
2025/10/05 04:02:37.978,243.519,4.883
2025/10/05 04:02:39.353,243.992,4.883
2025/10/05 04:02:40.743,244.505,4.883
2025/10/05 04:02:42.133,244.992,4.883
2025/10/05 04:02:45.195,229.053,4.29
2025/10/05 04:02:46.585,229.451,4.29
2025/10/05 04:02:47.971,230.02,4.29
2025/10/05 04:02:49.338,230.528,4.29
2025/10/05 04:02:50.736,231.014,4.29
2025/10/05 04:02:52.128,231.495,4.29
2025/10/05 04:02:53.470,232.025,4.29
2025/10/05 04:02:54.847,232.503,4.29
2025/10/05 04:02:56.436,233.0,4.29
2025/10/05 04:02:57.844,233.481,4.29
2025/10/05 04:02:59.247,234.008,4.29
2025/10/05 04:03:00.588,234.508,4.29
2025/10/05 04:03:01.967,234.986,4.29
2025/10/05 04:03:03.530,235.524,4.29
2025/10/05 04:03:04.896,235.98,4.29
2025/10/05 04:03:06.296,236.502,4.29
2025/10/05 04:03:07.834,237.032,4.29
2025/10/05 04:03:09.243,237.546,4.29
2025/10/05 04:03:10.610,238.026,4.29
2025/10/05 04:03:11.994,238.405,4.29
2025/10/05 04:03:13.381,239.086,4.29
2025/10/05 04:03:14.923,239.529,4.29
2025/10/05 04:03:16.306,240.218,4.29
2025/10/05 04:03:17.673,240.432,4.29
2025/10/05 04:03:19.049,240.916,4.29
2025/10/05 04:03:20.614,241.55,4.29
2025/10/05 04:03:22.018,241.962,4.29
2025/10/05 04:03:23.408,242.55,4.29
2025/10/05 04:03:24.804,243.017,4.29
2025/10/05 04:03:26.480,243.514,4.29
2025/10/05 04:03:27.866,243.97,4.29
2025/10/05 04:03:29.237,244.522,4.29
2025/10/05 04:03:30.599,245.0,4.29
2025/10/05 04:03:33.843,223.063,11.206
2025/10/05 04:03:35.281,223.928,11.206
2025/10/05 04:03:36.758,225.016,11.206
2025/10/05 04:03:38.158,226.029,11.206
2025/10/05 04:03:39.604,227.01,11.206
2025/10/05 04:03:40.981,227.979,11.206
2025/10/05 04:03:42.604,229.023,11.206
2025/10/05 04:03:44.032,229.998,11.206
2025/10/05 04:03:45.451,231.011,11.206
2025/10/05 04:03:47.006,231.995,11.206
2025/10/05 04:03:48.448,233.014,11.206
2025/10/05 04:03:49.840,234.013,11.206
2025/10/05 04:03:51.437,234.988,11.206
2025/10/05 04:03:52.872,235.999,11.206
2025/10/05 04:03:54.276,237.013,11.206
2025/10/05 04:03:55.875,237.999,11.206
2025/10/05 04:03:57.298,238.987,11.206
2025/10/05 04:03:58.744,240.017,11.206
2025/10/05 04:04:00.131,241.009,11.206
2025/10/05 04:04:01.762,242.017,11.206
2025/10/05 04:04:03.188,242.976,11.206
2025/10/05 04:04:04.642,244.022,11.206
2025/10/05 04:04:06.288,245.005,11.206
2025/10/05 04:04:07.740,245.991,11.206
2025/10/05 04:04:09.127,247.002,11.206
2025/10/05 04:04:10.700,247.977,11.206
2025/10/05 04:04:12.118,249.076,11.206
2025/10/05 04:04:13.525,249.979,11.206
2025/10/05 04:04:14.953,251.037,11.206
2025/10/05 04:04:18.127,227.062,6.778
2025/10/05 04:04:19.496,227.416,6.778
2025/10/05 04:04:20.885,228.045,6.778
2025/10/05 04:04:22.447,228.504,6.778
2025/10/05 04:04:23.847,228.962,6.778
2025/10/05 04:04:25.222,229.539,6.778
2025/10/05 04:04:26.621,230.001,6.778
2025/10/05 04:04:28.200,230.509,6.778
2025/10/05 04:04:29.581,230.976,6.778
2025/10/05 04:04:30.943,231.503,6.778
2025/10/05 04:04:32.341,231.915,6.778
2025/10/05 04:04:33.766,232.508,6.778
2025/10/05 04:04:35.152,233.06,6.778
2025/10/05 04:04:36.526,233.42,6.778
2025/10/05 04:04:38.038,234.013,6.778
2025/10/05 04:04:39.440,234.502,6.778
2025/10/05 04:04:40.839,235.057,6.778
2025/10/05 04:04:42.198,235.488,6.778
2025/10/05 04:04:43.784,236.013,6.778
2025/10/05 04:04:45.167,236.469,6.778
2025/10/05 04:04:46.533,237.021,6.778
2025/10/05 04:04:48.148,237.504,6.778
2025/10/05 04:04:49.558,238.095,6.778
2025/10/05 04:04:50.917,238.444,6.778
2025/10/05 04:04:52.267,239.001,6.778
2025/10/05 04:04:53.866,239.551,6.778
2025/10/05 04:04:55.246,240.006,6.778
2025/10/05 04:04:56.647,240.479,6.778
2025/10/05 04:04:58.026,240.998,6.778
2025/10/05 04:04:59.376,241.473,6.778
2025/10/05 04:05:00.920,242.042,6.778
2025/10/05 04:05:02.318,242.492,6.778
2025/10/05 04:05:03.673,242.997,6.778
2025/10/05 04:05:05.072,243.467,6.778
2025/10/05 04:05:06.671,244.016,6.778
2025/10/05 04:05:08.072,244.538,6.778
2025/10/05 04:05:09.466,244.964,6.778
2025/10/05 04:05:10.826,245.489,6.778
2025/10/05 04:05:12.400,246.019,6.778
2025/10/05 04:05:13.781,246.475,6.778
2025/10/05 04:05:15.169,247.005,6.778
2025/10/05 04:05:17.926,229.006,4.88
2025/10/05 04:05:19.308,229.482,4.88
2025/10/05 04:05:20.690,229.99,4.88
2025/10/05 04:05:22.054,230.523,4.88
2025/10/05 04:05:23.425,231.017,4.88
2025/10/05 04:05:24.988,231.495,4.88
2025/10/05 04:05:26.400,231.989,4.88
2025/10/05 04:05:27.737,232.533,4.88
2025/10/05 04:05:29.077,233.008,4.88
2025/10/05 04:05:30.460,233.483,4.88
2025/10/05 04:05:32.004,234.002,4.88
2025/10/05 04:05:33.395,234.491,4.88
2025/10/05 04:05:34.768,235.024,4.88
2025/10/05 04:05:36.145,235.499,4.88
2025/10/05 04:05:37.700,235.999,4.88
2025/10/05 04:05:39.099,236.502,4.88
2025/10/05 04:05:40.502,236.999,4.88
2025/10/05 04:05:41.865,237.491,4.88
2025/10/05 04:05:43.249,238.007,4.88
2025/10/05 04:05:44.821,238.543,4.88
2025/10/05 04:05:46.162,238.957,4.88
2025/10/05 04:05:47.557,239.509,4.88
2025/10/05 04:05:49.095,240.026,4.88
2025/10/05 04:05:50.503,240.512,4.88
2025/10/05 04:05:51.896,240.984,4.88
2025/10/05 04:05:53.278,241.506,4.88
2025/10/05 04:05:54.662,242.055,4.88
2025/10/05 04:05:56.077,242.451,4.88
2025/10/05 04:05:57.506,243.052,4.88
2025/10/05 04:05:58.851,243.492,4.88
2025/10/05 04:06:00.216,244.005,4.88
2025/10/05 04:06:01.785,244.516,4.88
2025/10/05 04:06:03.167,244.978,4.88
2025/10/05 04:06:05.724,229.037,4.29
2025/10/05 04:06:07.375,229.479,4.29
2025/10/05 04:06:08.795,229.99,4.29
2025/10/05 04:06:10.146,230.506,4.29
2025/10/05 04:06:11.491,231.014,4.29
2025/10/05 04:06:13.147,231.476,4.29
2025/10/05 04:06:14.542,232.022,4.29
2025/10/05 04:06:15.910,232.481,4.29
2025/10/05 04:06:17.297,233.03,4.29
2025/10/05 04:06:18.683,233.478,4.29
2025/10/05 04:06:20.282,234.055,4.29
2025/10/05 04:06:21.710,234.469,4.29
2025/10/05 04:06:23.072,235.013,4.29
2025/10/05 04:06:24.434,235.505,4.29
2025/10/05 04:06:25.833,235.98,4.29
2025/10/05 04:06:27.240,236.598,4.29
2025/10/05 04:06:28.602,236.996,4.29
2025/10/05 04:06:29.969,237.513,4.29
2025/10/05 04:06:31.598,237.9,4.29
2025/10/05 04:06:32.989,238.529,4.29
2025/10/05 04:06:34.340,239.015,4.29
2025/10/05 04:06:35.929,239.421,4.29
2025/10/05 04:06:37.343,240.023,4.29
2025/10/05 04:06:38.711,240.542,4.29
2025/10/05 04:06:40.059,240.987,4.29
2025/10/05 04:06:41.431,241.468,4.29
2025/10/05 04:06:43.013,242.0,4.29
2025/10/05 04:06:44.391,242.531,4.29
2025/10/05 04:06:45.764,243.008,4.29
2025/10/05 04:06:47.206,243.448,4.29
2025/10/05 04:06:48.796,244.03,4.29
2025/10/05 04:06:50.199,244.533,4.29
2025/10/05 04:06:51.532,244.981,4.29
2025/10/05 04:06:54.579,223.044,11.206
2025/10/05 04:06:55.994,223.944,11.206
2025/10/05 04:06:57.436,225.016,11.206
2025/10/05 04:06:59.074,226.004,11.206
2025/10/05 04:07:00.523,227.023,11.206
2025/10/05 04:07:02.037,228.004,11.206
2025/10/05 04:07:03.658,228.995,11.206
2025/10/05 04:07:05.080,229.981,11.206
2025/10/05 04:07:06.468,231.02,11.206
2025/10/05 04:07:08.017,232.025,11.206
2025/10/05 04:07:09.445,232.97,11.206
2025/10/05 04:07:10.864,233.956,11.206
2025/10/05 04:07:12.287,235.024,11.206
2025/10/05 04:07:13.887,235.974,11.206
2025/10/05 04:07:15.304,237.01,11.206
2025/10/05 04:07:16.714,237.938,11.206
2025/10/05 04:07:18.376,239.051,11.206
2025/10/05 04:07:19.811,239.987,11.206
2025/10/05 04:07:21.269,241.031,11.206
2025/10/05 04:07:22.844,241.965,11.206
2025/10/05 04:07:24.293,243.014,11.206
2025/10/05 04:07:25.706,244.0,11.206
2025/10/05 04:07:27.086,244.994,11.206
2025/10/05 04:07:28.728,246.002,11.206
2025/10/05 04:07:30.127,246.972,11.206
2025/10/05 04:07:31.535,248.18,11.206
2025/10/05 04:07:32.945,248.892,11.206
2025/10/05 04:07:34.384,249.988,11.206
2025/10/05 04:07:35.822,251.02,11.206
2025/10/05 04:07:39.029,227.059,6.778
2025/10/05 04:07:40.404,227.49,6.778
2025/10/05 04:07:41.946,227.993,6.778
2025/10/05 04:07:43.337,228.52,6.778
2025/10/05 04:07:44.701,229.034,6.778
2025/10/05 04:07:46.055,229.493,6.778
2025/10/05 04:07:47.445,229.965,6.778
2025/10/05 04:07:49.027,230.512,6.778
2025/10/05 04:07:50.418,230.937,6.778
2025/10/05 04:07:51.784,231.558,6.778
2025/10/05 04:07:53.162,231.997,6.778
2025/10/05 04:07:54.751,232.547,6.778
2025/10/05 04:07:56.128,232.972,6.778
2025/10/05 04:07:57.508,233.527,6.778
2025/10/05 04:07:58.882,233.969,6.778
2025/10/05 04:08:00.495,234.516,6.778
2025/10/05 04:08:01.866,234.983,6.778
2025/10/05 04:08:03.236,235.538,6.778
2025/10/05 04:08:04.595,236.021,6.778
2025/10/05 04:08:06.149,236.45,6.778
2025/10/05 04:08:07.559,237.032,6.778
2025/10/05 04:08:08.954,237.499,6.778
2025/10/05 04:08:10.324,238.001,6.778
2025/10/05 04:08:11.865,238.504,6.778
2025/10/05 04:08:13.262,239.001,6.778
2025/10/05 04:08:14.612,239.523,6.778
2025/10/05 04:08:16.170,239.984,6.778
2025/10/05 04:08:17.559,240.473,6.778
2025/10/05 04:08:18.925,240.982,6.778
2025/10/05 04:08:20.326,241.547,6.778
2025/10/05 04:08:21.890,241.998,6.778
2025/10/05 04:08:23.254,242.511,6.778
2025/10/05 04:08:24.634,242.989,6.778
2025/10/05 04:08:26.200,243.517,6.778
2025/10/05 04:08:27.576,243.953,6.778
2025/10/05 04:08:28.977,244.5,6.778
2025/10/05 04:08:30.364,245.011,6.778
2025/10/05 04:08:31.736,245.425,6.778
2025/10/05 04:08:33.171,246.101,6.778
2025/10/05 04:08:34.576,246.475,6.778
2025/10/05 04:08:35.956,247.051,6.778
2025/10/05 04:08:38.851,229.012,4.883
2025/10/05 04:08:40.244,229.449,4.883
2025/10/05 04:08:41.621,230.034,4.883
2025/10/05 04:08:42.962,230.544,4.883
2025/10/05 04:08:44.649,231.009,4.883
2025/10/05 04:08:46.043,231.478,4.883
2025/10/05 04:08:47.421,232.083,4.883
2025/10/05 04:08:48.771,232.459,4.883
2025/10/05 04:08:50.344,233.019,4.883
2025/10/05 04:08:51.754,233.42,4.883
2025/10/05 04:08:53.136,234.066,4.883
2025/10/05 04:08:54.508,234.502,4.883
2025/10/05 04:08:56.084,234.997,4.883
2025/10/05 04:08:57.469,235.513,4.883
2025/10/05 04:08:58.866,235.955,4.883
2025/10/05 04:09:00.225,236.562,4.883
2025/10/05 04:09:01.792,237.007,4.883
2025/10/05 04:09:03.161,237.466,4.883
2025/10/05 04:09:04.545,237.999,4.883
2025/10/05 04:09:05.910,238.578,4.883
2025/10/05 04:09:07.456,238.987,4.883
2025/10/05 04:09:08.828,239.526,4.883
2025/10/05 04:09:10.185,239.963,4.883
2025/10/05 04:09:11.584,240.484,4.883
2025/10/05 04:09:12.967,241.089,4.883
2025/10/05 04:09:14.527,241.525,4.883
2025/10/05 04:09:15.898,241.951,4.883
2025/10/05 04:09:17.270,242.506,4.883
2025/10/05 04:09:18.643,243.025,4.883
2025/10/05 04:09:20.268,243.489,4.883
2025/10/05 04:09:21.657,243.992,4.883
2025/10/05 04:09:23.007,244.538,4.883
2025/10/05 04:09:24.393,245.0,4.883
2025/10/05 04:09:27.149,229.048,4.284
2025/10/05 04:09:28.573,229.407,4.284
2025/10/05 04:09:29.964,230.086,4.284
2025/10/05 04:09:31.341,230.481,4.284
2025/10/05 04:09:32.907,231.039,4.284
2025/10/05 04:09:34.262,231.492,4.284
2025/10/05 04:09:35.631,231.992,4.284
2025/10/05 04:09:37.009,232.514,4.284
2025/10/05 04:09:38.358,232.994,4.284
2025/10/05 04:09:39.927,233.522,4.284
2025/10/05 04:09:41.311,233.994,4.284
2025/10/05 04:09:42.664,234.513,4.284
2025/10/05 04:09:44.288,234.975,4.284
2025/10/05 04:09:45.686,235.532,4.284
2025/10/05 04:09:47.054,235.988,4.284
2025/10/05 04:09:48.400,236.532,4.284
2025/10/05 04:09:49.786,236.988,4.284
2025/10/05 04:09:51.198,237.491,4.284
2025/10/05 04:09:52.601,238.004,4.284
2025/10/05 04:09:53.981,238.49,4.284
2025/10/05 04:09:55.395,239.075,4.284
2025/10/05 04:09:56.898,239.531,4.284
2025/10/05 04:09:58.283,240.004,4.284
2025/10/05 04:09:59.670,240.46,4.284
2025/10/05 04:10:01.048,241.058,4.284
2025/10/05 04:10:02.613,241.484,4.284
2025/10/05 04:10:04.012,242.02,4.284
2025/10/05 04:10:05.376,242.503,4.284
2025/10/05 04:10:06.743,243.008,4.284
2025/10/05 04:10:08.323,243.514,4.284
2025/10/05 04:10:09.722,243.989,4.284
2025/10/05 04:10:11.096,244.533,4.284
2025/10/05 04:10:12.672,244.997,4.284
2025/10/05 04:10:15.535,223.049,11.208
2025/10/05 04:10:17.136,223.939,11.208
2025/10/05 04:10:18.569,224.98,11.208
2025/10/05 04:10:19.978,226.015,11.208
2025/10/05 04:10:21.401,227.018,11.208
2025/10/05 04:10:23.018,228.007,11.208
2025/10/05 04:10:24.431,228.995,11.208
2025/10/05 04:10:25.830,230.003,11.208
2025/10/05 04:10:27.408,231.036,11.208
2025/10/05 04:10:28.836,231.967,11.208
2025/10/05 04:10:30.235,233.0,11.208
2025/10/05 04:10:31.858,234.013,11.208
2025/10/05 04:10:33.279,235.016,11.208
2025/10/05 04:10:34.681,236.029,11.208
2025/10/05 04:10:36.081,237.018,11.208
2025/10/05 04:10:37.714,238.001,11.208
2025/10/05 04:10:39.101,238.968,11.208
2025/10/05 04:10:40.526,240.028,11.208
2025/10/05 04:10:42.120,241.034,11.208
2025/10/05 04:10:43.529,241.973,11.208
2025/10/05 04:10:44.965,243.011,11.208
2025/10/05 04:10:46.351,243.992,11.208
2025/10/05 04:10:47.990,245.022,11.208
2025/10/05 04:10:49.408,245.991,11.208
2025/10/05 04:10:51.054,246.986,11.208
2025/10/05 04:10:52.459,248.032,11.208
2025/10/05 04:10:53.882,248.969,11.208
2025/10/05 04:10:55.288,250.067,11.208
2025/10/05 04:10:56.888,250.996,11.208
2025/10/05 04:10:59.710,227.037,6.789
2025/10/05 04:11:01.303,227.452,6.789
2025/10/05 04:11:02.704,228.004,6.789
2025/10/05 04:11:04.060,228.52,6.789
2025/10/05 04:11:05.432,229.001,6.789
2025/10/05 04:11:06.814,229.515,6.789
2025/10/05 04:11:08.490,230.001,6.789
2025/10/05 04:11:09.845,230.501,6.789
2025/10/05 04:11:11.253,230.956,6.789
2025/10/05 04:11:12.612,231.602,6.789
2025/10/05 04:11:13.993,231.964,6.789
2025/10/05 04:11:15.523,232.541,6.789
2025/10/05 04:11:16.942,232.97,6.789
2025/10/05 04:11:18.311,233.511,6.789
2025/10/05 04:11:19.707,233.942,6.789
2025/10/05 04:11:21.231,234.576,6.789
2025/10/05 04:11:22.626,234.994,6.789
2025/10/05 04:11:23.982,235.499,6.789
2025/10/05 04:11:25.354,235.983,6.789
2025/10/05 04:11:26.903,236.538,6.789
2025/10/05 04:11:28.293,236.974,6.789
2025/10/05 04:11:29.683,237.568,6.789
2025/10/05 04:11:31.033,237.979,6.789
2025/10/05 04:11:32.620,238.499,6.789
2025/10/05 04:11:33.974,238.922,6.789
2025/10/05 04:11:35.360,239.498,6.789
2025/10/05 04:11:36.752,240.023,6.789
2025/10/05 04:11:38.240,240.49,6.789
2025/10/05 04:11:39.649,241.017,6.789
2025/10/05 04:11:41.052,241.501,6.789
2025/10/05 04:11:42.432,242.02,6.789
2025/10/05 04:11:44.012,242.492,6.789
2025/10/05 04:11:45.372,243.028,6.789
2025/10/05 04:11:46.754,243.434,6.789
2025/10/05 04:11:48.360,244.022,6.789
2025/10/05 04:11:49.746,244.483,6.789
2025/10/05 04:11:51.130,245.027,6.789
2025/10/05 04:11:52.486,245.502,6.789
2025/10/05 04:11:54.081,246.019,6.789
2025/10/05 04:11:55.451,246.444,6.789
2025/10/05 04:11:56.845,247.038,6.789
2025/10/05 04:11:59.624,228.971,4.883
2025/10/05 04:12:01.267,229.416,4.883
2025/10/05 04:12:02.684,230.028,4.883
2025/10/05 04:12:04.046,230.487,4.883
2025/10/05 04:12:05.419,230.965,4.883
2025/10/05 04:12:07.016,231.506,4.883
2025/10/05 04:12:08.385,232.019,4.883
2025/10/05 04:12:09.774,232.481,4.883
2025/10/05 04:12:11.340,232.961,4.883
2025/10/05 04:12:12.741,233.547,4.883
2025/10/05 04:12:14.076,234.049,4.883
2025/10/05 04:12:15.471,234.461,4.883
2025/10/05 04:12:16.859,235.03,4.883
2025/10/05 04:12:18.461,235.513,4.883
2025/10/05 04:12:19.831,235.972,4.883
2025/10/05 04:12:21.241,236.499,4.883
2025/10/05 04:12:22.607,237.01,4.883
2025/10/05 04:12:24.176,237.48,4.883
2025/10/05 04:12:25.559,237.988,4.883
2025/10/05 04:12:26.908,238.54,4.883
2025/10/05 04:12:28.240,238.971,4.883
2025/10/05 04:12:29.611,239.518,4.883
2025/10/05 04:12:31.167,239.979,4.883
2025/10/05 04:12:32.549,240.526,4.883
2025/10/05 04:12:33.949,240.979,4.883
2025/10/05 04:12:35.314,241.542,4.883
2025/10/05 04:12:36.686,241.987,4.883
2025/10/05 04:12:38.249,242.503,4.883
2025/10/05 04:12:39.625,243.022,4.883
2025/10/05 04:12:40.974,243.511,4.883
2025/10/05 04:12:42.353,244.003,4.883
2025/10/05 04:12:43.939,244.508,4.883
2025/10/05 04:12:45.305,244.994,4.883
2025/10/05 04:12:47.819,229.042,4.287
2025/10/05 04:12:49.408,229.454,4.287
2025/10/05 04:12:50.779,230.025,4.287
2025/10/05 04:12:52.152,230.501,4.287
2025/10/05 04:12:53.537,230.97,4.287
2025/10/05 04:12:55.104,231.5,4.287
2025/10/05 04:12:56.504,232.135,4.287
2025/10/05 04:12:57.859,232.426,4.287
2025/10/05 04:12:59.212,233.033,4.287
2025/10/05 04:13:00.585,233.489,4.287
2025/10/05 04:13:01.978,234.005,4.287
2025/10/05 04:13:03.334,234.491,4.287
2025/10/05 04:13:04.704,234.991,4.287
2025/10/05 04:13:06.095,235.513,4.287
2025/10/05 04:13:07.479,235.972,4.287
2025/10/05 04:13:09.055,236.532,4.287
2025/10/05 04:13:10.438,237.002,4.287
2025/10/05 04:13:11.796,237.48,4.287
2025/10/05 04:13:13.409,237.988,4.287
2025/10/05 04:13:14.798,238.51,4.287
2025/10/05 04:13:16.176,238.996,4.287
2025/10/05 04:13:17.546,239.501,4.287
2025/10/05 04:13:18.887,240.015,4.287
2025/10/05 04:13:20.501,240.498,4.287
2025/10/05 04:13:21.894,240.998,4.287
2025/10/05 04:13:23.271,241.506,4.287
2025/10/05 04:13:24.688,241.981,4.287
2025/10/05 04:13:26.284,242.473,4.287
2025/10/05 04:13:27.671,243.033,4.287
2025/10/05 04:13:29.058,243.486,4.287
2025/10/05 04:13:30.435,244.014,4.287
2025/10/05 04:13:31.992,244.503,4.287
2025/10/05 04:13:33.388,244.986,4.287
2025/10/05 04:13:36.517,223.013,11.208
2025/10/05 04:13:37.977,223.947,11.208
2025/10/05 04:13:39.386,225.007,11.208
2025/10/05 04:13:40.997,225.966,11.208
2025/10/05 04:13:42.425,227.059,11.208
2025/10/05 04:13:43.804,227.987,11.208
2025/10/05 04:13:45.447,228.998,11.208
2025/10/05 04:13:46.846,230.034,11.208
2025/10/05 04:13:48.275,230.995,11.208
2025/10/05 04:13:49.716,232.011,11.208
2025/10/05 04:13:51.400,233.033,11.208
2025/10/05 04:13:52.802,233.969,11.208
2025/10/05 04:13:54.235,234.983,11.208
2025/10/05 04:13:55.645,236.01,11.208
2025/10/05 04:13:57.083,236.991,11.208
2025/10/05 04:13:58.527,238.04,11.208
2025/10/05 04:13:59.943,238.998,11.208
2025/10/05 04:14:01.536,240.009,11.208
2025/10/05 04:14:02.990,240.971,11.208
2025/10/05 04:14:04.407,242.044,11.208
2025/10/05 04:14:05.830,242.997,11.208
2025/10/05 04:14:07.536,243.97,11.208
2025/10/05 04:14:08.943,245.0,11.208
2025/10/05 04:14:10.343,246.063,11.208
2025/10/05 04:14:11.936,246.977,11.208
2025/10/05 04:14:13.355,248.01,11.208
2025/10/05 04:14:14.756,248.996,11.208
2025/10/05 04:14:16.356,250.015,11.208
2025/10/05 04:14:17.798,251.009,11.208
2025/10/05 04:14:21.032,227.051,6.784
2025/10/05 04:14:22.425,227.521,6.784
2025/10/05 04:14:23.796,227.99,6.784
2025/10/05 04:14:25.142,228.542,6.784
2025/10/05 04:14:26.537,228.971,6.784
2025/10/05 04:14:28.203,229.531,6.784
2025/10/05 04:14:29.580,229.954,6.784
2025/10/05 04:14:30.967,230.558,6.784
2025/10/05 04:14:32.324,231.009,6.784
2025/10/05 04:14:33.671,231.511,6.784
2025/10/05 04:14:35.222,232.039,6.784
2025/10/05 04:14:36.588,232.448,6.784
2025/10/05 04:14:37.970,233.038,6.784
2025/10/05 04:14:39.373,233.478,6.784
2025/10/05 04:14:40.732,234.022,6.784
2025/10/05 04:14:42.278,234.538,6.784
2025/10/05 04:14:43.669,234.961,6.784
2025/10/05 04:14:45.055,235.505,6.784
2025/10/05 04:14:46.442,235.985,6.784
2025/10/05 04:14:48.019,236.535,6.784
2025/10/05 04:14:49.422,237.029,6.784
2025/10/05 04:14:50.804,237.46,6.784
2025/10/05 04:14:52.385,238.001,6.784
2025/10/05 04:14:53.747,238.554,6.784
2025/10/05 04:14:55.139,238.982,6.784
2025/10/05 04:14:56.533,239.496,6.784
2025/10/05 04:14:57.897,240.006,6.784
2025/10/05 04:14:59.364,240.501,6.784
2025/10/05 04:15:00.743,240.99,6.784
2025/10/05 04:15:02.126,241.484,6.784
2025/10/05 04:15:03.503,241.998,6.784
2025/10/05 04:15:05.055,242.553,6.784
2025/10/05 04:15:06.460,243.0,6.784
2025/10/05 04:15:07.810,243.492,6.784
2025/10/05 04:15:09.382,243.989,6.784
2025/10/05 04:15:10.760,244.527,6.784
2025/10/05 04:15:12.114,244.945,6.784
2025/10/05 04:15:13.495,245.478,6.784
2025/10/05 04:15:14.856,246.03,6.784
2025/10/05 04:15:16.576,246.502,6.784
2025/10/05 04:15:17.962,246.958,6.784
2025/10/05 04:15:21.026,229.02,4.886
2025/10/05 04:15:22.417,229.473,4.886
2025/10/05 04:15:23.783,230.017,4.886
2025/10/05 04:15:25.158,230.473,4.886
2025/10/05 04:15:26.554,231.025,4.886
2025/10/05 04:15:28.105,231.492,4.886
2025/10/05 04:15:29.497,232.044,4.886
2025/10/05 04:15:30.884,232.467,4.886
2025/10/05 04:15:32.501,233.016,4.886
2025/10/05 04:15:33.892,233.522,4.886
2025/10/05 04:15:35.275,233.986,4.886
2025/10/05 04:15:36.640,234.546,4.886
2025/10/05 04:15:38.250,235.013,4.886
2025/10/05 04:15:39.631,235.491,4.886
2025/10/05 04:15:41.012,235.955,4.886
2025/10/05 04:15:42.399,236.535,4.886
2025/10/05 04:15:43.770,237.013,4.886
2025/10/05 04:15:45.445,237.526,4.886
2025/10/05 04:15:46.794,238.026,4.886
2025/10/05 04:15:48.199,238.479,4.886
2025/10/05 04:15:49.585,238.949,4.886
2025/10/05 04:15:50.967,239.562,4.886
2025/10/05 04:15:52.577,239.987,4.886
2025/10/05 04:15:53.950,240.539,4.886
2025/10/05 04:15:55.329,240.992,4.886
2025/10/05 04:15:56.680,241.525,4.886
2025/10/05 04:15:58.251,241.981,4.886
2025/10/05 04:15:59.608,242.514,4.886
2025/10/05 04:16:00.967,242.984,4.886
2025/10/05 04:16:02.347,243.5,4.886
2025/10/05 04:16:03.703,244.03,4.886
2025/10/05 04:16:05.311,244.494,4.886
2025/10/05 04:16:06.672,244.997,4.886
2025/10/05 04:16:09.217,229.045,4.284
2025/10/05 04:16:10.590,229.484,4.284
2025/10/05 04:16:11.991,229.984,4.284
2025/10/05 04:16:13.392,230.512,4.284
2025/10/05 04:16:14.795,230.981,4.284
2025/10/05 04:16:16.173,231.525,4.284
2025/10/05 04:16:17.531,231.964,4.284
2025/10/05 04:16:19.132,232.549,4.284
2025/10/05 04:16:20.518,232.981,4.284
2025/10/05 04:16:21.900,233.494,4.284
2025/10/05 04:16:23.281,234.041,4.284
2025/10/05 04:16:24.903,234.508,4.284
2025/10/05 04:16:26.284,234.997,4.284
2025/10/05 04:16:27.640,235.486,4.284
2025/10/05 04:16:29.007,236.027,4.284
2025/10/05 04:16:30.543,236.472,4.284
2025/10/05 04:16:31.925,237.051,4.284
2025/10/05 04:16:33.280,237.449,4.284
2025/10/05 04:16:34.637,238.021,4.284
2025/10/05 04:16:36.050,238.49,4.284
2025/10/05 04:16:37.457,239.029,4.284
2025/10/05 04:16:38.804,239.504,4.284
2025/10/05 04:16:40.187,239.993,4.284
2025/10/05 04:16:41.572,240.515,4.284
2025/10/05 04:16:43.187,241.003,4.284
2025/10/05 04:16:44.579,241.509,4.284
2025/10/05 04:16:45.965,242.014,4.284
2025/10/05 04:16:47.520,242.509,4.284
2025/10/05 04:16:48.912,242.954,4.284
2025/10/05 04:16:50.298,243.55,4.284
2025/10/05 04:16:51.669,244.014,4.284
2025/10/05 04:16:53.083,244.492,4.284
2025/10/05 04:16:54.435,245.002,4.284
2025/10/05 04:16:57.657,222.994,11.206
2025/10/05 04:16:59.068,223.892,11.206
2025/10/05 04:17:00.487,224.996,11.206
2025/10/05 04:17:01.925,226.01,11.206
2025/10/05 04:17:03.408,227.004,11.206
2025/10/05 04:17:04.803,227.93,11.206
2025/10/05 04:17:06.222,229.017,11.206
2025/10/05 04:17:07.874,229.987,11.206
2025/10/05 04:17:09.289,231.033,11.206
2025/10/05 04:17:10.725,232.003,11.206
2025/10/05 04:17:12.314,233.019,11.206
2025/10/05 04:17:13.731,233.98,11.206
2025/10/05 04:17:15.167,235.002,11.206
2025/10/05 04:17:16.878,236.018,11.206
2025/10/05 04:17:18.291,237.018,11.206
2025/10/05 04:17:19.728,237.985,11.206
2025/10/05 04:17:21.325,239.018,11.206
2025/10/05 04:17:22.758,239.993,11.206
2025/10/05 04:17:24.197,240.987,11.206
2025/10/05 04:17:25.889,241.951,11.206
2025/10/05 04:17:27.329,243.041,11.206
2025/10/05 04:17:28.741,243.986,11.206
2025/10/05 04:17:30.322,245.016,11.206
2025/10/05 04:17:31.746,246.024,11.206
2025/10/05 04:17:33.150,246.95,11.206
2025/10/05 04:17:34.566,248.037,11.206
2025/10/05 04:17:36.166,249.004,11.206
2025/10/05 04:17:37.585,250.004,11.206
2025/10/05 04:17:39.004,250.982,11.206
2025/10/05 04:17:42.060,227.007,6.778
2025/10/05 04:17:43.432,227.444,6.778
2025/10/05 04:17:44.817,228.007,6.778
2025/10/05 04:17:46.372,228.526,6.778
2025/10/05 04:17:47.770,229.004,6.778
2025/10/05 04:17:49.125,229.471,6.778
2025/10/05 04:17:50.511,229.998,6.778
2025/10/05 04:17:52.135,230.523,6.778
2025/10/05 04:17:53.530,231.028,6.778
2025/10/05 04:17:54.883,231.539,6.778
2025/10/05 04:17:56.224,231.975,6.778
2025/10/05 04:17:57.808,232.503,6.778
2025/10/05 04:17:59.173,233.011,6.778
2025/10/05 04:18:00.536,233.505,6.778
2025/10/05 04:18:01.898,233.983,6.778
2025/10/05 04:18:03.475,234.546,6.778
2025/10/05 04:18:04.837,234.98,6.778
2025/10/05 04:18:06.195,235.51,6.778
2025/10/05 04:18:07.622,235.928,6.778
2025/10/05 04:18:08.994,236.554,6.778
2025/10/05 04:18:10.438,236.985,6.778
2025/10/05 04:18:11.823,237.469,6.778
2025/10/05 04:18:13.176,238.023,6.778
2025/10/05 04:18:14.561,238.532,6.778
2025/10/05 04:18:16.124,238.99,6.778
2025/10/05 04:18:17.497,239.603,6.778
2025/10/05 04:18:18.889,239.968,6.778
2025/10/05 04:18:20.243,240.498,6.778
2025/10/05 04:18:21.843,240.995,6.778
2025/10/05 04:18:23.195,241.534,6.778
2025/10/05 04:18:24.675,242.0,6.778
2025/10/05 04:18:26.122,242.459,6.778
2025/10/05 04:18:27.531,243.008,6.778
2025/10/05 04:18:28.964,243.47,6.778
2025/10/05 04:18:30.346,244.074,6.778
2025/10/05 04:18:31.957,244.45,6.778
2025/10/05 04:18:33.352,245.019,6.778
2025/10/05 04:18:34.724,245.527,6.778
2025/10/05 04:18:36.082,246.035,6.778
2025/10/05 04:18:37.673,246.486,6.778
2025/10/05 04:18:39.062,246.98,6.778
2025/10/05 04:18:42.139,229.031,4.886
2025/10/05 04:18:43.534,229.462,4.886
2025/10/05 04:18:44.937,230.034,4.886
2025/10/05 04:18:46.507,230.501,4.886
2025/10/05 04:18:47.903,231.0,4.886
2025/10/05 04:18:49.270,231.525,4.886
2025/10/05 04:18:50.627,232.017,4.886
2025/10/05 04:18:51.977,232.555,4.886
2025/10/05 04:18:53.458,233.003,4.886
2025/10/05 04:18:54.799,233.503,4.886
2025/10/05 04:18:56.192,233.975,4.886
2025/10/05 04:18:57.575,234.511,4.886
2025/10/05 04:18:59.141,234.994,4.886
2025/10/05 04:19:00.515,235.519,4.886
2025/10/05 04:19:01.868,236.016,4.886
2025/10/05 04:19:03.251,236.516,4.886
2025/10/05 04:19:04.871,236.999,4.886
2025/10/05 04:19:06.294,237.485,4.886
2025/10/05 04:19:07.676,238.001,4.886
2025/10/05 04:19:09.041,238.523,4.886
2025/10/05 04:19:10.474,239.009,4.886
2025/10/05 04:19:11.857,239.512,4.886
2025/10/05 04:19:13.236,239.974,4.886
2025/10/05 04:19:14.614,240.473,4.886
2025/10/05 04:19:16.208,241.036,4.886
2025/10/05 04:19:17.603,241.503,4.886
2025/10/05 04:19:18.955,242.039,4.886
2025/10/05 04:19:20.588,242.47,4.886
2025/10/05 04:19:21.980,243.0,4.886
2025/10/05 04:19:23.329,243.437,4.886
2025/10/05 04:19:24.712,244.055,4.886
2025/10/05 04:19:26.075,244.511,4.886
2025/10/05 04:19:27.678,245.027,4.886
2025/10/05 04:19:30.251,229.05,4.284
2025/10/05 04:19:31.655,229.46,4.284
2025/10/05 04:19:33.019,230.042,4.284
2025/10/05 04:19:34.488,230.481,4.284
2025/10/05 04:19:35.891,230.995,4.284
2025/10/05 04:19:37.289,231.531,4.284
2025/10/05 04:19:38.661,231.981,4.284
2025/10/05 04:19:40.243,232.555,4.284
2025/10/05 04:19:41.607,232.964,4.284
2025/10/05 04:19:42.961,233.568,4.284
2025/10/05 04:19:44.565,233.909,4.284
2025/10/05 04:19:45.946,234.505,4.284
2025/10/05 04:19:47.337,235.013,4.284
2025/10/05 04:19:48.729,235.502,4.284
2025/10/05 04:19:50.142,236.01,4.284
2025/10/05 04:19:51.537,236.477,4.284
2025/10/05 04:19:52.914,237.004,4.284
2025/10/05 04:19:54.283,237.466,4.284
2025/10/05 04:19:55.658,238.012,4.284
2025/10/05 04:19:57.253,238.471,4.284
2025/10/05 04:19:58.625,239.042,4.284
2025/10/05 04:20:00.009,239.501,4.284
2025/10/05 04:20:01.581,240.006,4.284
2025/10/05 04:20:02.959,240.501,4.284
2025/10/05 04:20:04.318,241.012,4.284
2025/10/05 04:20:05.721,241.473,4.284
2025/10/05 04:20:07.315,241.984,4.284
2025/10/05 04:20:08.694,242.517,4.284
2025/10/05 04:20:10.058,243.022,4.284
2025/10/05 04:20:11.426,243.47,4.284
2025/10/05 04:20:12.806,244.027,4.284
2025/10/05 04:20:14.228,244.511,4.284
2025/10/05 04:20:15.625,245.027,4.284
2025/10/05 04:20:18.816,223.019,11.208
2025/10/05 04:20:20.244,223.881,11.208
2025/10/05 04:20:21.693,224.98,11.208
2025/10/05 04:20:23.079,226.059,11.208
2025/10/05 04:20:24.707,226.985,11.208
2025/10/05 04:20:26.120,227.968,11.208
2025/10/05 04:20:27.553,229.02,11.208
2025/10/05 04:20:29.129,230.031,11.208
2025/10/05 04:20:30.603,230.984,11.208
2025/10/05 04:20:32.027,232.03,11.208
2025/10/05 04:20:33.445,232.972,11.208
2025/10/05 04:20:35.058,234.041,11.208
2025/10/05 04:20:36.453,234.977,11.208
2025/10/05 04:20:37.875,235.974,11.208
2025/10/05 04:20:39.464,237.004,11.208
2025/10/05 04:20:40.861,238.018,11.208
2025/10/05 04:20:42.276,239.023,11.208
2025/10/05 04:20:43.703,239.957,11.208
2025/10/05 04:20:45.319,241.014,11.208
2025/10/05 04:20:46.816,242.014,11.208
2025/10/05 04:20:48.410,242.987,11.208
2025/10/05 04:20:49.862,243.978,11.208
2025/10/05 04:20:51.292,245.027,11.208
2025/10/05 04:20:52.736,245.978,11.208
2025/10/05 04:20:54.219,247.027,11.208
2025/10/05 04:20:55.649,248.018,11.208
2025/10/05 04:20:57.122,248.96,11.208
2025/10/05 04:20:58.795,250.045,11.208
2025/10/05 04:21:00.211,250.99,11.208
2025/10/05 04:21:03.194,227.034,6.784
2025/10/05 04:21:04.589,227.463,6.784
2025/10/05 04:21:05.964,228.015,6.784
2025/10/05 04:21:07.346,228.496,6.784
2025/10/05 04:21:08.974,229.012,6.784
2025/10/05 04:21:10.367,229.517,6.784
2025/10/05 04:21:11.765,230.001,6.784
2025/10/05 04:21:13.127,230.501,6.784
2025/10/05 04:21:14.678,231.02,6.784
2025/10/05 04:21:16.058,231.528,6.784
2025/10/05 04:21:17.422,232.0,6.784
2025/10/05 04:21:18.790,232.514,6.784
2025/10/05 04:21:20.184,232.989,6.784
2025/10/05 04:21:21.549,233.503,6.784
2025/10/05 04:21:22.917,234.0,6.784
2025/10/05 04:21:24.309,234.497,6.784
2025/10/05 04:21:25.667,235.03,6.784
2025/10/05 04:21:27.255,235.469,6.784
2025/10/05 04:21:28.650,236.002,6.784
2025/10/05 04:21:30.022,236.507,6.784
2025/10/05 04:21:31.605,236.991,6.784
2025/10/05 04:21:33.021,237.496,6.784
2025/10/05 04:21:34.370,238.029,6.784
2025/10/05 04:21:35.735,238.501,6.784
2025/10/05 04:21:37.145,239.012,6.784
2025/10/05 04:21:38.534,239.504,6.784
2025/10/05 04:21:39.920,240.006,6.784
2025/10/05 04:21:41.310,240.506,6.784
2025/10/05 04:21:42.677,240.962,6.784
2025/10/05 04:21:44.300,241.495,6.784
2025/10/05 04:21:45.680,242.066,6.784
2025/10/05 04:21:47.048,242.462,6.784
2025/10/05 04:21:48.415,243.063,6.784
2025/10/05 04:21:49.999,243.528,6.784
2025/10/05 04:21:51.354,243.973,6.784
2025/10/05 04:21:52.770,244.464,6.784
2025/10/05 04:21:54.156,245.107,6.784
2025/10/05 04:21:55.508,245.483,6.784
2025/10/05 04:21:57.092,246.0,6.784
2025/10/05 04:21:58.475,246.516,6.784
2025/10/05 04:21:59.835,246.999,6.784
2025/10/05 04:22:02.754,228.993,4.886
2025/10/05 04:22:04.180,229.427,4.886
2025/10/05 04:22:05.568,229.976,4.886
2025/10/05 04:22:06.986,230.555,4.886
2025/10/05 04:22:08.621,231.003,4.886
2025/10/05 04:22:10.012,231.487,4.886
2025/10/05 04:22:11.379,232.025,4.886
2025/10/05 04:22:12.760,232.456,4.886
2025/10/05 04:22:14.404,233.0,4.886
2025/10/05 04:22:15.798,233.566,4.886
2025/10/05 04:22:17.210,234.002,4.886
2025/10/05 04:22:18.582,234.494,4.886
2025/10/05 04:22:19.962,235.002,4.886
2025/10/05 04:22:21.541,235.519,4.886
2025/10/05 04:22:22.911,235.991,4.886
2025/10/05 04:22:24.302,236.54,4.886
2025/10/05 04:22:25.679,236.999,4.886
2025/10/05 04:22:27.273,237.477,4.886
2025/10/05 04:22:28.674,238.054,4.886
2025/10/05 04:22:30.024,238.438,4.886
2025/10/05 04:22:31.422,238.993,4.886
2025/10/05 04:22:33.019,239.523,4.886
2025/10/05 04:22:34.399,239.993,4.886
2025/10/05 04:22:35.785,240.537,4.886
2025/10/05 04:22:37.162,241.001,4.886
2025/10/05 04:22:38.510,241.498,4.886
2025/10/05 04:22:40.065,242.0,4.886
2025/10/05 04:22:41.432,242.522,4.886
2025/10/05 04:22:42.791,242.992,4.886
2025/10/05 04:22:44.138,243.506,4.886
2025/10/05 04:22:45.703,244.011,4.886
2025/10/05 04:22:47.093,244.492,4.886
2025/10/05 04:22:48.467,245.027,4.886
2025/10/05 04:22:50.943,229.048,4.292
2025/10/05 04:22:52.528,229.427,4.292
2025/10/05 04:22:53.892,230.02,4.292
2025/10/05 04:22:55.249,230.534,4.292
2025/10/05 04:22:56.628,230.948,4.292
2025/10/05 04:22:58.221,231.489,4.292
2025/10/05 04:22:59.596,232.096,4.292
2025/10/05 04:23:00.959,232.462,4.292
2025/10/05 04:23:02.316,233.058,4.292
2025/10/05 04:23:03.895,233.5,4.292
2025/10/05 04:23:05.296,234.016,4.292
2025/10/05 04:23:06.673,234.544,4.292
2025/10/05 04:23:08.016,234.923,4.292
2025/10/05 04:23:09.556,235.53,4.292
2025/10/05 04:23:10.938,235.966,4.292
2025/10/05 04:23:12.294,236.428,4.292
2025/10/05 04:23:13.691,237.026,4.292
2025/10/05 04:23:15.258,237.54,4.292
2025/10/05 04:23:16.605,238.07,4.292
2025/10/05 04:23:17.979,238.424,4.292
2025/10/05 04:23:19.383,238.968,4.292
2025/10/05 04:23:20.958,239.534,4.292
2025/10/05 04:23:22.335,239.968,4.292
2025/10/05 04:23:23.716,240.457,4.292
2025/10/05 04:23:25.092,241.014,4.292
2025/10/05 04:23:26.593,241.476,4.292
2025/10/05 04:23:27.960,242.047,4.292
2025/10/05 04:23:29.317,242.478,4.292
2025/10/05 04:23:30.683,243.0,4.292
2025/10/05 04:23:32.246,243.525,4.292
2025/10/05 04:23:33.615,244.041,4.292
2025/10/05 04:23:35.005,244.489,4.292
2025/10/05 04:23:36.361,245.0,4.292
2025/10/05 04:23:39.694,223.03,11.211
2025/10/05 04:23:41.090,223.944,11.211
2025/10/05 04:23:42.615,225.032,11.211
2025/10/05 04:23:44.049,225.98,11.211
2025/10/05 04:23:45.514,227.012,11.211
2025/10/05 04:23:47.128,228.04,11.211
2025/10/05 04:23:48.557,228.949,11.211
2025/10/05 04:23:49.970,229.998,11.211
2025/10/05 04:23:51.546,231.02,11.211
2025/10/05 04:23:52.975,232.006,11.211
2025/10/05 04:23:54.380,232.972,11.211
2025/10/05 04:23:55.959,234.074,11.211
2025/10/05 04:23:57.304,235.002,11.211
2025/10/05 04:23:58.710,235.955,11.211
2025/10/05 04:24:00.154,237.035,11.211
2025/10/05 04:24:01.571,237.999,11.211
2025/10/05 04:24:03.195,238.968,11.211
2025/10/05 04:24:04.634,240.001,11.211
2025/10/05 04:24:06.045,240.973,11.211
2025/10/05 04:24:07.611,242.033,11.211
2025/10/05 04:24:09.038,242.987,11.211
2025/10/05 04:24:10.515,243.995,11.211
2025/10/05 04:24:12.149,245.079,11.211
2025/10/05 04:24:13.577,245.958,11.211
2025/10/05 04:24:15.009,247.024,11.211
2025/10/05 04:24:16.418,248.032,11.211
2025/10/05 04:24:18.030,248.977,11.211
2025/10/05 04:24:19.427,250.018,11.211
2025/10/05 04:24:20.871,251.02,11.211
2025/10/05 04:24:23.906,227.004,6.786
2025/10/05 04:24:25.251,227.499,6.786
2025/10/05 04:24:26.615,227.998,6.786
2025/10/05 04:24:28.002,228.531,6.786
2025/10/05 04:24:29.403,228.971,6.786
2025/10/05 04:24:30.775,229.526,6.786
2025/10/05 04:24:32.181,229.951,6.786
2025/10/05 04:24:33.545,230.544,6.786
2025/10/05 04:24:35.118,231.02,6.786
2025/10/05 04:24:36.493,231.506,6.786
2025/10/05 04:24:37.876,231.981,6.786
2025/10/05 04:24:39.246,232.489,6.786
2025/10/05 04:24:40.837,232.983,6.786
2025/10/05 04:24:42.239,233.571,6.786
2025/10/05 04:24:43.609,234.0,6.786
2025/10/05 04:24:44.975,234.538,6.786
2025/10/05 04:24:46.556,234.975,6.786
2025/10/05 04:24:47.978,235.549,6.786
2025/10/05 04:24:49.339,235.969,6.786
2025/10/05 04:24:50.708,236.554,6.786
2025/10/05 04:24:52.273,236.936,6.786
2025/10/05 04:24:53.650,237.452,6.786
2025/10/05 04:24:55.060,238.034,6.786
2025/10/05 04:24:56.424,238.496,6.786
2025/10/05 04:24:58.010,238.998,6.786
2025/10/05 04:24:59.383,239.496,6.786
2025/10/05 04:25:00.763,239.971,6.786
2025/10/05 04:25:02.154,240.504,6.786
2025/10/05 04:25:03.754,241.025,6.786
2025/10/05 04:25:05.143,241.531,6.786
2025/10/05 04:25:06.504,242.003,6.786
2025/10/05 04:25:07.862,242.547,6.786
2025/10/05 04:25:09.232,242.948,6.786
2025/10/05 04:25:10.646,243.574,6.786
2025/10/05 04:25:12.001,243.901,6.786
2025/10/05 04:25:13.374,244.538,6.786
2025/10/05 04:25:14.766,245.046,6.786
2025/10/05 04:25:16.336,245.45,6.786
2025/10/05 04:25:17.718,246.052,6.786
2025/10/05 04:25:19.089,246.483,6.786
2025/10/05 04:25:20.700,246.958,6.786
2025/10/05 04:25:23.421,229.001,4.883
2025/10/05 04:25:24.812,229.509,4.883
2025/10/05 04:25:26.145,230.006,4.883
2025/10/05 04:25:27.649,230.476,4.883
2025/10/05 04:25:29.014,230.981,4.883
2025/10/05 04:25:30.401,231.561,4.883
2025/10/05 04:25:31.755,232.017,4.883
2025/10/05 04:25:33.306,232.453,4.883
2025/10/05 04:25:34.699,233.058,4.883
2025/10/05 04:25:36.048,233.511,4.883
2025/10/05 04:25:37.415,233.975,4.883
2025/10/05 04:25:38.948,234.538,4.883
2025/10/05 04:25:40.342,234.931,4.883
2025/10/05 04:25:41.696,235.604,4.883
2025/10/05 04:25:43.062,235.939,4.883
2025/10/05 04:25:44.651,236.565,4.883
2025/10/05 04:25:46.001,236.939,4.883
2025/10/05 04:25:47.372,237.469,4.883
2025/10/05 04:25:48.738,237.999,4.883
2025/10/05 04:25:50.326,238.51,4.883
2025/10/05 04:25:51.726,238.968,4.883
2025/10/05 04:25:53.089,239.482,4.883
2025/10/05 04:25:54.456,240.004,4.883
2025/10/05 04:25:56.022,240.575,4.883
2025/10/05 04:25:57.413,240.94,4.883
2025/10/05 04:25:58.776,241.534,4.883
2025/10/05 04:26:00.142,241.981,4.883
2025/10/05 04:26:01.677,242.511,4.883
2025/10/05 04:26:03.076,242.995,4.883
2025/10/05 04:26:04.460,243.566,4.883
2025/10/05 04:26:05.824,243.945,4.883
2025/10/05 04:26:07.415,244.525,4.883
2025/10/05 04:26:08.811,245.024,4.883
2025/10/05 04:26:11.742,229.048,4.284
2025/10/05 04:26:13.144,229.418,4.284
2025/10/05 04:26:14.523,230.061,4.284
2025/10/05 04:26:15.892,230.459,4.284
2025/10/05 04:26:17.274,231.036,4.284
2025/10/05 04:26:18.703,231.484,4.284
2025/10/05 04:26:20.329,231.986,4.284
2025/10/05 04:26:21.910,232.522,4.284
2025/10/05 04:26:23.286,233.011,4.284
2025/10/05 04:26:24.691,233.549,4.284
2025/10/05 04:26:26.036,234.035,4.284
2025/10/05 04:26:27.569,234.461,4.284
2025/10/05 04:26:28.981,234.964,4.284
2025/10/05 04:26:30.332,235.53,4.284
2025/10/05 04:26:31.673,235.999,4.284
2025/10/05 04:26:33.052,236.502,4.284
2025/10/05 04:26:34.605,237.054,4.284
2025/10/05 04:26:36.011,237.441,4.284
2025/10/05 04:26:37.385,238.021,4.284
2025/10/05 04:26:38.761,238.518,4.284
2025/10/05 04:26:40.325,239.007,4.284
2025/10/05 04:26:41.701,239.463,4.284
2025/10/05 04:26:43.076,240.006,4.284
2025/10/05 04:26:44.417,240.534,4.284
2025/10/05 04:26:46.008,240.995,4.284
2025/10/05 04:26:47.381,241.512,4.284
2025/10/05 04:26:48.735,241.97,4.284
2025/10/05 04:26:50.094,242.511,4.284
2025/10/05 04:26:51.610,243.014,4.284
2025/10/05 04:26:53.004,243.475,4.284
2025/10/05 04:26:54.381,244.022,4.284
2025/10/05 04:26:55.726,244.527,4.284
2025/10/05 04:26:57.317,244.981,4.284
2025/10/05 04:27:00.205,223.027,11.203
2025/10/05 04:27:01.782,223.911,11.203
2025/10/05 04:27:03.211,225.018,11.203
2025/10/05 04:27:04.605,226.068,11.203
2025/10/05 04:27:06.048,226.946,11.203
2025/10/05 04:27:07.691,228.012,11.203
2025/10/05 04:27:09.137,229.015,11.203
2025/10/05 04:27:10.579,229.97,11.203
2025/10/05 04:27:12.223,231.025,11.203
2025/10/05 04:27:13.619,232.069,11.203
2025/10/05 04:27:15.020,232.989,11.203
2025/10/05 04:27:16.448,233.964,11.203
2025/10/05 04:27:18.047,235.01,11.203
2025/10/05 04:27:19.549,235.953,11.203
2025/10/05 04:27:20.985,237.018,11.203
2025/10/05 04:27:22.584,237.999,11.203
2025/10/05 04:27:24.026,239.018,11.203
2025/10/05 04:27:25.436,240.012,11.203
2025/10/05 04:27:26.870,240.99,11.203
2025/10/05 04:27:28.469,242.058,11.203
2025/10/05 04:27:29.874,242.995,11.203
2025/10/05 04:27:31.278,243.94,11.203
2025/10/05 04:27:32.880,245.077,11.203
2025/10/05 04:27:34.298,245.928,11.203
2025/10/05 04:27:35.733,247.054,11.203
2025/10/05 04:27:37.349,248.005,11.203
2025/10/05 04:27:38.756,249.002,11.203
2025/10/05 04:27:40.276,250.029,11.203
2025/10/05 04:27:41.916,250.985,11.203
2025/10/05 04:27:44.714,227.048,6.781
2025/10/05 04:27:46.096,227.457,6.781
2025/10/05 04:27:47.500,227.996,6.781
2025/10/05 04:27:48.886,228.507,6.781
2025/10/05 04:27:50.252,229.037,6.781
2025/10/05 04:27:51.620,229.504,6.781
2025/10/05 04:27:53.190,230.009,6.781
2025/10/05 04:27:54.581,230.495,6.781
2025/10/05 04:27:55.985,230.94,6.781
2025/10/05 04:27:57.352,231.552,6.781
2025/10/05 04:27:58.915,232.0,6.781
2025/10/05 04:28:00.308,232.536,6.781
2025/10/05 04:28:01.640,232.994,6.781
2025/10/05 04:28:03.004,233.486,6.781
2025/10/05 04:28:04.576,233.983,6.781
2025/10/05 04:28:05.959,234.502,6.781
2025/10/05 04:28:07.363,235.019,6.781
2025/10/05 04:28:08.718,235.51,6.781
2025/10/05 04:28:10.093,236.01,6.781
2025/10/05 04:28:11.502,236.474,6.781
2025/10/05 04:28:12.875,237.026,6.781
2025/10/05 04:28:14.264,237.499,6.781
2025/10/05 04:28:15.631,238.029,6.781
2025/10/05 04:28:17.212,238.474,6.781
2025/10/05 04:28:18.590,239.064,6.781
2025/10/05 04:28:19.942,239.474,6.781
2025/10/05 04:28:21.320,240.001,6.781
2025/10/05 04:28:22.882,240.482,6.781
2025/10/05 04:28:24.303,241.003,6.781
2025/10/05 04:28:25.661,241.542,6.781
2025/10/05 04:28:27.001,242.044,6.781
2025/10/05 04:28:28.438,242.456,6.781
2025/10/05 04:28:29.907,243.003,6.781
2025/10/05 04:28:31.278,243.489,6.781
2025/10/05 04:28:32.642,244.003,6.781
2025/10/05 04:28:34.222,244.522,6.781
2025/10/05 04:28:35.646,244.942,6.781
2025/10/05 04:28:37.045,245.549,6.781
2025/10/05 04:28:38.369,246.005,6.781
2025/10/05 04:28:39.741,246.502,6.781
2025/10/05 04:28:41.318,247.005,6.781
2025/10/05 04:28:44.030,229.034,4.883
2025/10/05 04:28:45.601,229.493,4.883
2025/10/05 04:28:46.970,229.998,4.883
2025/10/05 04:28:48.370,230.459,4.883
2025/10/05 04:28:49.783,231.033,4.883
2025/10/05 04:28:51.420,231.52,4.883
2025/10/05 04:28:52.763,231.945,4.883
2025/10/05 04:28:54.163,232.481,4.883
2025/10/05 04:28:55.558,233.058,4.883
2025/10/05 04:28:56.945,233.464,4.883
2025/10/05 04:28:58.571,233.997,4.883
2025/10/05 04:28:59.963,234.549,4.883
2025/10/05 04:29:01.334,234.997,4.883
2025/10/05 04:29:02.907,235.431,4.883
2025/10/05 04:29:04.288,236.038,4.883
2025/10/05 04:29:05.646,236.516,4.883
2025/10/05 04:29:07.035,236.889,4.883
2025/10/05 04:29:08.660,237.524,4.883
2025/10/05 04:29:10.046,237.99,4.883
2025/10/05 04:29:11.449,238.512,4.883
2025/10/05 04:29:12.839,238.993,4.883
2025/10/05 04:29:14.173,239.586,4.883
2025/10/05 04:29:15.705,240.009,4.883
2025/10/05 04:29:17.095,240.482,4.883
2025/10/05 04:29:18.513,241.009,4.883
2025/10/05 04:29:19.878,241.536,4.883
2025/10/05 04:29:21.495,241.992,4.883
2025/10/05 04:29:22.929,242.517,4.883
2025/10/05 04:29:24.295,242.981,4.883
2025/10/05 04:29:25.684,243.514,4.883
2025/10/05 04:29:27.248,243.986,4.883
2025/10/05 04:29:28.630,244.538,4.883
2025/10/05 04:29:29.970,245.005,4.883
2025/10/05 04:29:32.885,229.045,4.284
2025/10/05 04:29:34.286,229.484,4.284
2025/10/05 04:29:35.647,230.045,4.284
2025/10/05 04:29:37.016,230.52,4.284
2025/10/05 04:29:38.634,230.987,4.284
2025/10/05 04:29:40.042,231.498,4.284
2025/10/05 04:29:41.408,231.995,4.284
2025/10/05 04:29:42.782,232.503,4.284
2025/10/05 04:29:44.138,233.027,4.284
2025/10/05 04:29:45.707,233.511,4.284
2025/10/05 04:29:47.105,233.978,4.284
2025/10/05 04:29:48.475,234.56,4.284
2025/10/05 04:29:49.821,234.966,4.284
2025/10/05 04:29:51.415,235.513,4.284
2025/10/05 04:29:52.850,235.996,4.284
2025/10/05 04:29:54.224,236.527,4.284
2025/10/05 04:29:55.580,236.982,4.284
2025/10/05 04:29:56.963,237.507,4.284
2025/10/05 04:29:58.538,238.01,4.284
2025/10/05 04:29:59.940,238.537,4.284
2025/10/05 04:30:01.294,238.971,4.284
2025/10/05 04:30:02.864,239.518,4.284
2025/10/05 04:30:04.242,239.984,4.284
2025/10/05 04:30:05.615,240.515,4.284
2025/10/05 04:30:07.001,241.025,4.284
2025/10/05 04:30:08.340,241.462,4.284
2025/10/05 04:30:09.816,242.02,4.284
2025/10/05 04:30:11.192,242.511,4.284
2025/10/05 04:30:12.549,242.987,4.284
2025/10/05 04:30:13.949,243.481,4.284
2025/10/05 04:30:15.515,244.019,4.284
2025/10/05 04:30:16.921,244.508,4.284
2025/10/05 04:30:18.281,245.052,4.284
2025/10/05 04:30:21.538,223.016,11.206
2025/10/05 04:30:22.943,223.958,11.206
2025/10/05 04:30:24.372,224.985,11.206
2025/10/05 04:30:25.825,226.046,11.206
2025/10/05 04:30:27.244,226.963,11.206
2025/10/05 04:30:28.654,228.026,11.206
2025/10/05 04:30:30.299,229.012,11.206
2025/10/05 04:30:31.714,229.995,11.206
2025/10/05 04:30:33.164,231.025,11.206
2025/10/05 04:30:34.735,232.019,11.206
2025/10/05 04:30:36.172,232.989,11.206
2025/10/05 04:30:37.560,234.024,11.206
2025/10/05 04:30:39.040,234.983,11.206
2025/10/05 04:30:40.622,236.029,11.206
2025/10/05 04:30:42.078,237.024,11.206
2025/10/05 04:30:43.670,237.947,11.206
2025/10/05 04:30:45.100,238.993,11.206
2025/10/05 04:30:46.525,240.023,11.206
2025/10/05 04:30:47.957,240.987,11.206
2025/10/05 04:30:49.565,241.973,11.206
2025/10/05 04:30:50.997,243.019,11.206
2025/10/05 04:30:52.428,244.049,11.206
2025/10/05 04:30:54.143,244.964,11.206
2025/10/05 04:30:55.557,246.013,11.206
2025/10/05 04:30:56.946,247.018,11.206
2025/10/05 04:30:58.342,247.941,11.206
2025/10/05 04:31:00.053,249.029,11.206
2025/10/05 04:31:01.554,250.018,11.206
2025/10/05 04:31:02.965,251.018,11.206
2025/10/05 04:31:06.030,227.034,6.784
2025/10/05 04:31:07.419,227.435,6.784
2025/10/05 04:31:08.820,228.007,6.784
2025/10/05 04:31:10.371,228.548,6.784
2025/10/05 04:31:11.752,228.96,6.784
2025/10/05 04:31:13.133,229.536,6.784
2025/10/05 04:31:14.664,230.023,6.784
2025/10/05 04:31:16.052,230.432,6.784
2025/10/05 04:31:17.463,231.033,6.784
2025/10/05 04:31:18.831,231.555,6.784
2025/10/05 04:31:20.192,231.967,6.784
2025/10/05 04:31:21.593,232.511,6.784
2025/10/05 04:31:23.080,232.948,6.784
2025/10/05 04:31:24.466,233.486,6.784
2025/10/05 04:31:25.844,234.06,6.784
2025/10/05 04:31:27.514,234.505,6.784
2025/10/05 04:31:28.881,235.013,6.784
2025/10/05 04:31:30.283,235.477,6.784
2025/10/05 04:31:31.633,236.002,6.784
2025/10/05 04:31:33.184,236.505,6.784
2025/10/05 04:31:34.552,237.068,6.784
2025/10/05 04:31:35.895,237.507,6.784
2025/10/05 04:31:37.280,237.949,6.784
2025/10/05 04:31:38.919,238.556,6.784
2025/10/05 04:31:40.292,239.012,6.784
2025/10/05 04:31:41.673,239.498,6.784
2025/10/05 04:31:43.054,239.946,6.784
2025/10/05 04:31:44.416,240.523,6.784
2025/10/05 04:31:45.849,240.99,6.784
2025/10/05 04:31:47.245,241.514,6.784
2025/10/05 04:31:48.622,242.031,6.784
2025/10/05 04:31:49.972,242.503,6.784
2025/10/05 04:31:51.562,243.017,6.784
2025/10/05 04:31:52.954,243.464,6.784
2025/10/05 04:31:54.356,244.044,6.784
2025/10/05 04:31:55.701,244.519,6.784
2025/10/05 04:31:57.289,244.992,6.784
2025/10/05 04:31:58.661,245.494,6.784
2025/10/05 04:32:00.013,245.991,6.784
2025/10/05 04:32:01.407,246.546,6.784
2025/10/05 04:32:02.962,246.955,6.784
2025/10/05 04:32:05.650,229.039,4.886
2025/10/05 04:32:07.015,229.46,4.886
2025/10/05 04:32:08.603,230.017,4.886
2025/10/05 04:32:09.971,230.572,4.886
2025/10/05 04:32:11.344,230.913,4.886
2025/10/05 04:32:12.963,231.558,4.886
2025/10/05 04:32:14.323,231.986,4.886
2025/10/05 04:32:15.695,232.519,4.886
2025/10/05 04:32:17.054,233.008,4.886
2025/10/05 04:32:18.460,233.478,4.886
2025/10/05 04:32:19.872,234.016,4.886
2025/10/05 04:32:21.232,234.486,4.886
2025/10/05 04:32:22.632,235.01,4.886
2025/10/05 04:32:24.006,235.491,4.886
2025/10/05 04:32:25.557,236.024,4.886
2025/10/05 04:32:26.952,236.507,4.886
2025/10/05 04:32:28.288,237.037,4.886
2025/10/05 04:32:29.673,237.488,4.886
2025/10/05 04:32:31.343,238.012,4.886
2025/10/05 04:32:32.742,238.499,4.886
2025/10/05 04:32:34.118,238.982,4.886
2025/10/05 04:32:35.468,239.501,4.886
2025/10/05 04:32:37.058,240.004,4.886
2025/10/05 04:32:38.431,240.528,4.886
2025/10/05 04:32:39.823,241.012,4.886
2025/10/05 04:32:41.185,241.487,4.886
2025/10/05 04:32:42.597,242.031,4.886
2025/10/05 04:32:43.960,242.495,4.886
2025/10/05 04:32:45.332,243.003,4.886
2025/10/05 04:32:46.735,243.511,4.886
2025/10/05 04:32:48.333,243.989,4.886
2025/10/05 04:32:49.735,244.514,4.886
2025/10/05 04:32:51.105,245.022,4.886
2025/10/05 04:32:53.790,229.061,4.29
2025/10/05 04:32:55.163,229.454,4.29
2025/10/05 04:32:56.535,230.034,4.29
2025/10/05 04:32:57.918,230.484,4.29
2025/10/05 04:32:59.282,231.011,4.29
2025/10/05 04:33:00.654,231.498,4.29
2025/10/05 04:33:02.028,232.019,4.29
2025/10/05 04:33:03.392,232.5,4.29
2025/10/05 04:33:04.999,233.022,4.29
2025/10/05 04:33:06.385,233.489,4.29
2025/10/05 04:33:07.771,234.005,4.29
2025/10/05 04:33:09.159,234.511,4.29
2025/10/05 04:33:10.711,234.999,4.29
2025/10/05 04:33:12.112,235.508,4.29
2025/10/05 04:33:13.482,236.007,4.29
2025/10/05 04:33:14.879,236.513,4.29
2025/10/05 04:33:16.269,236.974,4.29
2025/10/05 04:33:17.876,237.515,4.29
2025/10/05 04:33:19.233,238.01,4.29
2025/10/05 04:33:20.643,238.493,4.29
2025/10/05 04:33:22.027,239.053,4.29
2025/10/05 04:33:23.568,239.487,4.29
2025/10/05 04:33:24.983,240.05,4.29
2025/10/05 04:33:26.320,240.479,4.29
2025/10/05 04:33:27.706,241.017,4.29
2025/10/05 04:33:29.384,241.531,4.29
2025/10/05 04:33:30.766,241.959,4.29
2025/10/05 04:33:32.150,242.489,4.29
2025/10/05 04:33:33.516,242.984,4.29
2025/10/05 04:33:35.102,243.519,4.29
2025/10/05 04:33:36.496,243.989,4.29
2025/10/05 04:33:37.870,244.552,4.29
2025/10/05 04:33:39.234,244.994,4.29
2025/10/05 04:33:42.242,223.0,11.211
2025/10/05 04:33:43.869,223.944,11.211
2025/10/05 04:33:45.517,224.991,11.211
2025/10/05 04:33:46.969,226.026,11.211
2025/10/05 04:33:48.364,227.01,11.211
2025/10/05 04:33:49.918,227.996,11.211
2025/10/05 04:33:51.340,229.015,11.211
2025/10/05 04:33:52.817,229.979,11.211
2025/10/05 04:33:54.401,231.006,11.211
2025/10/05 04:33:55.850,232.008,11.211
2025/10/05 04:33:57.263,233.008,11.211
2025/10/05 04:33:58.823,234.008,11.211
2025/10/05 04:34:00.269,234.986,11.211
2025/10/05 04:34:01.702,236.013,11.211
2025/10/05 04:34:03.101,237.002,11.211
2025/10/05 04:34:04.682,238.015,11.211
2025/10/05 04:34:06.094,238.985,11.211
2025/10/05 04:34:07.511,240.006,11.211
2025/10/05 04:34:09.126,241.006,11.211
2025/10/05 04:34:10.552,242.011,11.211
2025/10/05 04:34:11.952,242.997,11.211
2025/10/05 04:34:13.594,244.027,11.211
2025/10/05 04:34:15.027,244.983,11.211
2025/10/05 04:34:16.438,245.989,11.211
2025/10/05 04:34:18.061,247.04,11.211
2025/10/05 04:34:19.485,248.029,11.211
2025/10/05 04:34:20.882,248.991,11.211
2025/10/05 04:34:22.286,250.004,11.211
2025/10/05 04:34:23.914,251.001,11.211
2025/10/05 04:34:27.196,227.007,6.784
2025/10/05 04:34:28.595,227.46,6.784
2025/10/05 04:34:29.977,228.02,6.784
2025/10/05 04:34:31.382,228.507,6.784
2025/10/05 04:34:33.002,229.009,6.784
2025/10/05 04:34:34.405,229.515,6.784
2025/10/05 04:34:35.783,229.968,6.784
2025/10/05 04:34:37.158,230.481,6.784
2025/10/05 04:34:38.673,231.042,6.784
2025/10/05 04:34:40.077,231.484,6.784
2025/10/05 04:34:41.445,232.019,6.784
2025/10/05 04:34:42.894,232.528,6.784
2025/10/05 04:34:44.430,233.074,6.784
2025/10/05 04:34:45.813,233.437,6.784
2025/10/05 04:34:47.158,234.019,6.784
2025/10/05 04:34:48.539,234.505,6.784
2025/10/05 04:34:49.929,234.991,6.784
2025/10/05 04:34:51.470,235.53,6.784
2025/10/05 04:34:52.855,235.994,6.784
2025/10/05 04:34:54.237,236.469,6.784
2025/10/05 04:34:55.763,237.068,6.784
2025/10/05 04:34:57.162,237.458,6.784
2025/10/05 04:34:58.547,238.007,6.784
2025/10/05 04:34:59.948,238.471,6.784
2025/10/05 04:35:01.330,239.04,6.784
2025/10/05 04:35:02.702,239.493,6.784
2025/10/05 04:35:04.084,240.004,6.784
2025/10/05 04:35:05.452,240.495,6.784
2025/10/05 04:35:06.837,241.02,6.784
2025/10/05 04:35:08.399,241.542,6.784
2025/10/05 04:35:09.774,241.992,6.784
2025/10/05 04:35:11.166,242.443,6.784
2025/10/05 04:35:12.543,243.047,6.784
2025/10/05 04:35:13.901,243.5,6.784
2025/10/05 04:35:15.468,244.022,6.784
2025/10/05 04:35:16.845,244.494,6.784
2025/10/05 04:35:18.202,244.975,6.784
2025/10/05 04:35:19.547,245.519,6.784
2025/10/05 04:35:21.111,245.969,6.784
2025/10/05 04:35:22.504,246.494,6.784
2025/10/05 04:35:23.867,247.043,6.784
2025/10/05 04:35:26.820,229.026,4.88
2025/10/05 04:35:28.223,229.493,4.88
2025/10/05 04:35:29.588,230.003,4.88
2025/10/05 04:35:30.953,230.487,4.88
2025/10/05 04:35:32.331,230.978,4.88
2025/10/05 04:35:33.908,231.487,4.88
2025/10/05 04:35:35.260,232.022,4.88
2025/10/05 04:35:36.656,232.503,4.88
2025/10/05 04:35:38.006,233.0,4.88
2025/10/05 04:35:39.593,233.519,4.88
2025/10/05 04:35:40.971,233.975,4.88
2025/10/05 04:35:42.370,234.524,4.88
2025/10/05 04:35:43.727,234.964,4.88
2025/10/05 04:35:45.330,235.541,4.88
2025/10/05 04:35:46.672,235.996,4.88
2025/10/05 04:35:48.037,236.502,4.88
2025/10/05 04:35:49.436,236.991,4.88
2025/10/05 04:35:50.956,237.513,4.88
2025/10/05 04:35:52.321,238.012,4.88
2025/10/05 04:35:53.690,238.477,4.88
2025/10/05 04:35:55.046,239.023,4.88
2025/10/05 04:35:56.657,239.507,4.88
2025/10/05 04:35:58.024,239.943,4.88
2025/10/05 04:35:59.412,240.594,4.88
2025/10/05 04:36:00.781,240.94,4.88
2025/10/05 04:36:02.131,241.517,4.88
2025/10/05 04:36:03.721,241.995,4.88
2025/10/05 04:36:05.103,242.492,4.88
2025/10/05 04:36:06.495,243.05,4.88
2025/10/05 04:36:07.870,243.47,4.88
2025/10/05 04:36:09.467,244.038,4.88
2025/10/05 04:36:10.831,244.522,4.88
2025/10/05 04:36:12.213,245.005,4.88
2025/10/05 04:36:15.041,229.059,4.284
2025/10/05 04:36:16.458,229.465,4.284
2025/10/05 04:36:17.815,229.981,4.284
2025/10/05 04:36:19.173,230.575,4.284
2025/10/05 04:36:20.788,230.907,4.284
2025/10/05 04:36:22.181,231.542,4.284
2025/10/05 04:36:23.590,232.011,4.284
2025/10/05 04:36:24.967,232.506,4.284
2025/10/05 04:36:26.344,232.986,4.284
2025/10/05 04:36:27.955,233.53,4.284
2025/10/05 04:36:29.336,233.978,4.284
2025/10/05 04:36:30.726,234.508,4.284
2025/10/05 04:36:32.095,235.019,4.284
2025/10/05 04:36:33.670,235.488,4.284
2025/10/05 04:36:35.065,236.027,4.284
2025/10/05 04:36:36.410,236.505,4.284
2025/10/05 04:36:37.779,237.002,4.284
2025/10/05 04:36:39.376,237.51,4.284
2025/10/05 04:36:40.743,237.988,4.284
2025/10/05 04:36:42.102,238.493,4.284
2025/10/05 04:36:43.514,239.034,4.284
2025/10/05 04:36:44.888,239.504,4.284
2025/10/05 04:36:46.269,239.998,4.284
2025/10/05 04:36:47.681,240.498,4.284
2025/10/05 04:36:49.026,241.034,4.284
2025/10/05 04:36:50.626,241.509,4.284
2025/10/05 04:36:52.001,242.0,4.284
2025/10/05 04:36:53.378,242.517,4.284
2025/10/05 04:36:54.753,242.992,4.284
2025/10/05 04:36:56.324,243.511,4.284
2025/10/05 04:36:57.729,244.025,4.284
2025/10/05 04:36:59.103,244.533,4.284
2025/10/05 04:37:00.470,244.997,4.284
2025/10/05 04:37:03.489,223.035,11.206
2025/10/05 04:37:04.917,223.922,11.206
2025/10/05 04:37:06.335,224.985,11.206
2025/10/05 04:37:07.783,226.015,11.206
2025/10/05 04:37:09.183,227.004,11.206
2025/10/05 04:37:10.605,227.99,11.206
2025/10/05 04:37:12.217,229.034,11.206
2025/10/05 04:37:13.666,229.981,11.206
2025/10/05 04:37:15.081,230.987,11.206
2025/10/05 04:37:16.513,232.025,11.206
2025/10/05 04:37:18.145,233.005,11.206
2025/10/05 04:37:19.536,234.022,11.206
2025/10/05 04:37:20.966,234.975,11.206
2025/10/05 04:37:22.379,236.029,11.206
2025/10/05 04:37:23.848,237.021,11.206
2025/10/05 04:37:25.263,237.99,11.206
2025/10/05 04:37:26.701,239.007,11.206
2025/10/05 04:37:28.285,239.984,11.206
2025/10/05 04:37:29.698,241.017,11.206
2025/10/05 04:37:31.103,242.0,11.206
2025/10/05 04:37:32.540,243.028,11.206
2025/10/05 04:37:34.005,244.0,11.206
2025/10/05 04:37:35.500,244.978,11.206
2025/10/05 04:37:36.932,245.994,11.206
2025/10/05 04:37:38.586,247.016,11.206
2025/10/05 04:37:40.040,248.035,11.206
2025/10/05 04:37:41.450,248.98,11.206
2025/10/05 04:37:43.018,250.001,11.206
2025/10/05 04:37:44.431,251.07,11.206
2025/10/05 04:37:47.501,227.034,6.784
2025/10/05 04:37:48.891,227.449,6.784
2025/10/05 04:37:50.257,228.051,6.784
2025/10/05 04:37:51.621,228.515,6.784
2025/10/05 04:37:53.206,228.993,6.784
2025/10/05 04:37:54.565,229.545,6.784
2025/10/05 04:37:55.998,229.968,6.784
2025/10/05 04:37:57.364,230.523,6.784
2025/10/05 04:37:58.954,231.022,6.784
2025/10/05 04:38:00.325,231.503,6.784
2025/10/05 04:38:01.688,232.025,6.784
2025/10/05 04:38:03.053,232.497,6.784
2025/10/05 04:38:04.648,232.992,6.784
2025/10/05 04:38:06.029,233.519,6.784
2025/10/05 04:38:07.402,233.964,6.784
2025/10/05 04:38:08.785,234.522,6.784
2025/10/05 04:38:10.342,235.01,6.784
2025/10/05 04:38:11.725,235.497,6.784
2025/10/05 04:38:13.108,236.021,6.784
2025/10/05 04:38:14.470,236.45,6.784
2025/10/05 04:38:16.020,237.029,6.784
2025/10/05 04:38:17.392,237.565,6.784
2025/10/05 04:38:18.778,237.93,6.784
2025/10/05 04:38:20.181,238.526,6.784
2025/10/05 04:38:21.736,238.993,6.784
2025/10/05 04:38:23.131,239.501,6.784
2025/10/05 04:38:24.491,240.012,6.784
2025/10/05 04:38:26.085,240.512,6.784
2025/10/05 04:38:27.472,240.992,6.784
2025/10/05 04:38:28.809,241.514,6.784
2025/10/05 04:38:30.196,242.0,6.784
2025/10/05 04:38:31.582,242.517,6.784
2025/10/05 04:38:33.055,242.997,6.784
2025/10/05 04:38:34.440,243.459,6.784
2025/10/05 04:38:35.837,244.082,6.784
2025/10/05 04:38:37.219,244.478,6.784
2025/10/05 04:38:38.784,245.0,6.784
2025/10/05 04:38:40.170,245.53,6.784
2025/10/05 04:38:41.516,246.008,6.784
2025/10/05 04:38:43.156,246.51,6.784
2025/10/05 04:38:44.539,246.944,6.784
2025/10/05 04:38:47.173,229.067,4.877
2025/10/05 04:38:48.756,229.493,4.877
2025/10/05 04:38:50.132,229.973,4.877
2025/10/05 04:38:51.519,230.501,4.877
2025/10/05 04:38:53.077,230.992,4.877
2025/10/05 04:38:54.498,231.465,4.877
2025/10/05 04:38:55.873,231.992,4.877
2025/10/05 04:38:57.285,232.497,4.877
2025/10/05 04:38:58.891,233.016,4.877
2025/10/05 04:39:00.275,233.519,4.877
2025/10/05 04:39:01.666,234.019,4.877
2025/10/05 04:39:03.029,234.486,4.877
2025/10/05 04:39:04.405,235.03,4.877
2025/10/05 04:39:05.811,235.508,4.877
2025/10/05 04:39:07.185,235.955,4.877
2025/10/05 04:39:08.582,236.496,4.877
2025/10/05 04:39:09.927,237.032,4.877
2025/10/05 04:39:11.505,237.491,4.877
2025/10/05 04:39:12.908,237.988,4.877
2025/10/05 04:39:14.306,238.532,4.877
2025/10/05 04:39:15.655,238.957,4.877
2025/10/05 04:39:17.207,239.542,4.877
2025/10/05 04:39:18.602,240.004,4.877
2025/10/05 04:39:19.979,240.49,4.877
2025/10/05 04:39:21.365,241.028,4.877
2025/10/05 04:39:22.989,241.459,4.877
2025/10/05 04:39:24.356,242.055,4.877
2025/10/05 04:39:25.767,242.495,4.877
2025/10/05 04:39:27.136,243.006,4.877
2025/10/05 04:39:28.747,243.511,4.877
2025/10/05 04:39:30.144,243.986,4.877
2025/10/05 04:39:31.508,244.494,4.877
2025/10/05 04:39:33.081,245.011,4.877
2025/10/05 04:39:35.733,228.938,4.284
2025/10/05 04:39:37.074,229.512,4.284
2025/10/05 04:39:38.481,229.99,4.284
2025/10/05 04:39:39.870,230.509,4.284
2025/10/05 04:39:41.536,231.022,4.284
2025/10/05 04:39:42.948,231.5,4.284
2025/10/05 04:39:44.304,231.975,4.284
2025/10/05 04:39:45.689,232.522,4.284
2025/10/05 04:39:47.226,232.994,4.284
2025/10/05 04:39:48.640,233.511,4.284
2025/10/05 04:39:49.972,234.022,4.284
2025/10/05 04:39:51.341,234.494,4.284
2025/10/05 04:39:52.810,234.997,4.284
2025/10/05 04:39:54.213,235.51,4.284
2025/10/05 04:39:55.568,235.991,4.284
2025/10/05 04:39:56.952,236.521,4.284
2025/10/05 04:39:58.507,236.93,4.284
2025/10/05 04:39:59.933,237.502,4.284
2025/10/05 04:40:01.322,238.007,4.284
2025/10/05 04:40:02.692,238.488,4.284
2025/10/05 04:40:04.366,239.012,4.284
2025/10/05 04:40:05.762,239.46,4.284
2025/10/05 04:40:07.131,240.006,4.284
2025/10/05 04:40:08.508,240.556,4.284
2025/10/05 04:40:09.860,240.987,4.284
2025/10/05 04:40:11.433,241.476,4.284
2025/10/05 04:40:12.815,242.0,4.284
2025/10/05 04:40:14.173,242.536,4.284
2025/10/05 04:40:15.529,242.978,4.284
2025/10/05 04:40:16.913,243.503,4.284
2025/10/05 04:40:18.287,244.071,4.284
2025/10/05 04:40:19.610,244.453,4.284
2025/10/05 04:40:21.027,244.948,4.284
2025/10/05 04:40:24.375,223.038,11.206
2025/10/05 04:40:25.986,223.961,11.206
2025/10/05 04:40:27.447,224.961,11.206
2025/10/05 04:40:28.899,226.015,11.206
2025/10/05 04:40:30.300,227.026,11.206
2025/10/05 04:40:31.918,228.02,11.206
2025/10/05 04:40:33.336,229.012,11.206
2025/10/05 04:40:34.933,230.014,11.206
2025/10/05 04:40:36.323,230.989,11.206
2025/10/05 04:40:37.743,232.033,11.206
2025/10/05 04:40:39.141,233.016,11.206
2025/10/05 04:40:40.719,234.011,11.206
2025/10/05 04:40:42.165,234.986,11.206
2025/10/05 04:40:43.542,235.994,11.206
2025/10/05 04:40:45.187,237.018,11.206
2025/10/05 04:40:46.597,238.018,11.206
2025/10/05 04:40:47.988,239.026,11.206
2025/10/05 04:40:49.408,239.968,11.206
2025/10/05 04:40:50.864,241.014,11.206
2025/10/05 04:40:52.261,241.976,11.206
2025/10/05 04:40:53.677,243.03,11.206
2025/10/05 04:40:55.073,243.975,11.206
2025/10/05 04:40:56.684,245.038,11.206
2025/10/05 04:40:58.109,246.03,11.206
2025/10/05 04:40:59.565,247.038,11.206
2025/10/05 04:41:01.116,247.991,11.206
2025/10/05 04:41:02.565,248.985,11.206
2025/10/05 04:41:04.022,249.988,11.206
2025/10/05 04:41:05.657,250.987,11.206
2025/10/05 04:41:08.461,227.043,6.784
2025/10/05 04:41:10.012,227.488,6.784
2025/10/05 04:41:11.406,227.996,6.784
2025/10/05 04:41:12.788,228.482,6.784
2025/10/05 04:41:14.151,228.965,6.784
2025/10/05 04:41:15.731,229.506,6.784
2025/10/05 04:41:17.086,230.028,6.784
2025/10/05 04:41:18.474,230.523,6.784
2025/10/05 04:41:19.872,230.989,6.784
2025/10/05 04:41:21.469,231.509,6.784
2025/10/05 04:41:22.851,232.033,6.784
2025/10/05 04:41:24.226,232.475,6.784
2025/10/05 04:41:25.622,232.981,6.784
2025/10/05 04:41:27.126,233.522,6.784
2025/10/05 04:41:28.529,234.002,6.784
2025/10/05 04:41:29.884,234.5,6.784
2025/10/05 04:41:31.247,235.032,6.784
2025/10/05 04:41:32.856,235.433,6.784
2025/10/05 04:41:34.260,236.046,6.784
2025/10/05 04:41:35.653,236.507,6.784
2025/10/05 04:41:37.239,237.035,6.784
2025/10/05 04:41:38.641,237.458,6.784
2025/10/05 04:41:40.010,238.045,6.784
2025/10/05 04:41:41.367,238.488,6.784
2025/10/05 04:41:42.736,238.946,6.784
2025/10/05 04:41:44.130,239.548,6.784
2025/10/05 04:41:45.538,239.984,6.784
2025/10/05 04:41:46.909,240.517,6.784
2025/10/05 04:41:48.298,241.012,6.784
2025/10/05 04:41:49.868,241.487,6.784
2025/10/05 04:41:51.242,241.989,6.784
2025/10/05 04:41:52.635,242.528,6.784
2025/10/05 04:41:54.227,242.989,6.784
2025/10/05 04:41:55.651,243.503,6.784
2025/10/05 04:41:57.016,243.964,6.784
2025/10/05 04:41:58.369,244.53,6.784
2025/10/05 04:41:59.967,244.992,6.784
2025/10/05 04:42:01.375,245.494,6.784
2025/10/05 04:42:02.759,246.01,6.784
2025/10/05 04:42:04.127,246.519,6.784
2025/10/05 04:42:05.487,246.975,6.784
2025/10/05 04:42:08.341,229.037,4.883
2025/10/05 04:42:09.740,229.432,4.883
2025/10/05 04:42:11.133,230.028,4.883
2025/10/05 04:42:12.501,230.517,4.883
2025/10/05 04:42:13.889,231.031,4.883
2025/10/05 04:42:15.253,231.517,4.883
2025/10/05 04:42:16.630,231.945,4.883
2025/10/05 04:42:17.985,232.56,4.883
2025/10/05 04:42:19.558,232.97,4.883
2025/10/05 04:42:20.946,233.536,4.883
2025/10/05 04:42:22.324,234.0,4.883
2025/10/05 04:42:23.741,234.519,4.883
2025/10/05 04:42:25.324,234.988,4.883
2025/10/05 04:42:26.730,235.524,4.883
2025/10/05 04:42:28.107,235.983,4.883
2025/10/05 04:42:29.480,236.507,4.883
2025/10/05 04:42:31.055,237.032,4.883
2025/10/05 04:42:32.455,237.482,4.883
2025/10/05 04:42:33.855,237.979,4.883
2025/10/05 04:42:35.229,238.523,4.883
2025/10/05 04:42:36.812,239.009,4.883
2025/10/05 04:42:38.183,239.504,4.883
2025/10/05 04:42:39.572,239.976,4.883
2025/10/05 04:42:40.917,240.55,4.883
2025/10/05 04:42:42.483,240.992,4.883
2025/10/05 04:42:43.880,241.531,4.883
2025/10/05 04:42:45.264,241.979,4.883
2025/10/05 04:42:46.654,242.498,4.883
2025/10/05 04:42:48.371,243.019,4.883
2025/10/05 04:42:49.750,243.497,4.883
2025/10/05 04:42:51.122,244.016,4.883
2025/10/05 04:42:52.489,244.505,4.883
2025/10/05 04:42:54.073,244.953,4.883
2025/10/05 04:42:56.615,229.05,4.284
2025/10/05 04:42:58.023,229.454,4.284
2025/10/05 04:42:59.592,229.979,4.284
2025/10/05 04:43:01.099,230.531,4.284
2025/10/05 04:43:02.455,230.962,4.284
2025/10/05 04:43:04.067,231.563,4.284
2025/10/05 04:43:05.450,231.956,4.284
2025/10/05 04:43:06.820,232.571,4.284
2025/10/05 04:43:08.201,232.945,4.284
2025/10/05 04:43:09.565,233.508,4.284
2025/10/05 04:43:11.192,233.989,4.284
2025/10/05 04:43:12.574,234.516,4.284
2025/10/05 04:43:13.960,234.972,4.284
2025/10/05 04:43:15.313,235.538,4.284
2025/10/05 04:43:16.936,235.999,4.284
2025/10/05 04:43:18.308,236.513,4.284
2025/10/05 04:43:19.696,236.977,4.284
2025/10/05 04:43:21.085,237.568,4.284
2025/10/05 04:43:22.651,237.919,4.284
2025/10/05 04:43:24.049,238.597,4.284
2025/10/05 04:43:25.399,239.031,4.284
2025/10/05 04:43:26.755,239.479,4.284
2025/10/05 04:43:28.327,239.968,4.284
2025/10/05 04:43:29.720,240.498,4.284
2025/10/05 04:43:31.079,241.009,4.284
2025/10/05 04:43:32.442,241.523,4.284
2025/10/05 04:43:34.038,241.962,4.284
2025/10/05 04:43:35.429,242.533,4.284
2025/10/05 04:43:36.806,243.066,4.284
2025/10/05 04:43:38.160,243.481,4.284
2025/10/05 04:43:39.536,243.992,4.284
2025/10/05 04:43:41.085,244.5,4.284
2025/10/05 04:43:42.425,245.071,4.284
2025/10/05 04:43:45.321,223.033,11.206
2025/10/05 04:43:46.915,223.955,11.206
2025/10/05 04:43:48.313,224.966,11.206
2025/10/05 04:43:49.730,225.982,11.206
2025/10/05 04:43:51.342,227.037,11.206
2025/10/05 04:43:52.770,228.009,11.206
2025/10/05 04:43:54.219,228.957,11.206
2025/10/05 04:43:55.814,230.078,11.206
2025/10/05 04:43:57.278,230.97,11.206
2025/10/05 04:43:58.666,232.039,11.206
2025/10/05 04:44:00.308,233.016,11.206
2025/10/05 04:44:01.716,233.972,11.206
2025/10/05 04:44:03.154,235.021,11.206
2025/10/05 04:44:04.543,236.007,11.206
2025/10/05 04:44:06.203,236.993,11.206
2025/10/05 04:44:07.641,237.982,11.206
2025/10/05 04:44:09.061,239.031,11.206
2025/10/05 04:44:10.671,240.009,11.206
2025/10/05 04:44:12.103,240.992,11.206
2025/10/05 04:44:13.516,242.0,11.206
2025/10/05 04:44:15.126,242.981,11.206
2025/10/05 04:44:16.549,243.978,11.206
2025/10/05 04:44:17.965,245.044,11.206
2025/10/05 04:44:19.369,246.0,11.206
2025/10/05 04:44:20.980,246.939,11.206
2025/10/05 04:44:22.439,248.021,11.206
2025/10/05 04:44:24.040,248.991,11.206
2025/10/05 04:44:25.493,250.026,11.206
2025/10/05 04:44:26.889,251.009,11.206
2025/10/05 04:44:29.906,227.001,6.784
2025/10/05 04:44:31.283,227.457,6.784
2025/10/05 04:44:32.674,227.982,6.784
2025/10/05 04:44:34.315,228.413,6.784
2025/10/05 04:44:35.699,229.056,6.784
2025/10/05 04:44:37.072,229.49,6.784
2025/10/05 04:44:38.418,230.045,6.784
2025/10/05 04:44:39.815,230.501,6.784
2025/10/05 04:44:41.410,231.028,6.784
2025/10/05 04:44:42.778,231.465,6.784
2025/10/05 04:44:44.178,232.022,6.784
2025/10/05 04:44:45.560,232.478,6.784
2025/10/05 04:44:46.957,233.047,6.784
2025/10/05 04:44:48.332,233.483,6.784
2025/10/05 04:44:49.686,234.002,6.784
2025/10/05 04:44:51.059,234.5,6.784
2025/10/05 04:44:52.649,235.016,6.784
2025/10/05 04:44:54.070,235.497,6.784
2025/10/05 04:44:55.440,235.999,6.784
2025/10/05 04:44:56.817,236.538,6.784
2025/10/05 04:44:58.370,236.999,6.784
2025/10/05 04:44:59.765,237.488,6.784
2025/10/05 04:45:01.132,237.971,6.784
2025/10/05 04:45:02.504,238.54,6.784
2025/10/05 04:45:04.098,238.968,6.784
2025/10/05 04:45:05.436,239.531,6.784
2025/10/05 04:45:06.793,239.995,6.784
2025/10/05 04:45:08.180,240.526,6.784
2025/10/05 04:45:09.559,240.982,6.784
2025/10/05 04:45:10.967,241.523,6.784
2025/10/05 04:45:12.341,242.036,6.784
2025/10/05 04:45:13.735,242.456,6.784
2025/10/05 04:45:15.123,243.011,6.784
2025/10/05 04:45:16.694,243.511,6.784
2025/10/05 04:45:18.086,244.033,6.784
2025/10/05 04:45:19.475,244.434,6.784
2025/10/05 04:45:20.838,245.06,6.784
2025/10/05 04:45:22.422,245.516,6.784
2025/10/05 04:45:23.801,245.978,6.784
2025/10/05 04:45:25.159,246.532,6.784
2025/10/05 04:45:26.526,247.008,6.784
2025/10/05 04:45:29.258,229.001,4.883
2025/10/05 04:45:30.716,229.476,4.883
2025/10/05 04:45:32.075,230.045,4.883
2025/10/05 04:45:33.680,230.479,4.883
2025/10/05 04:45:35.071,230.978,4.883
2025/10/05 04:45:36.442,231.55,4.883
2025/10/05 04:45:37.820,232.0,4.883
2025/10/05 04:45:39.420,232.462,4.883
2025/10/05 04:45:40.795,233.049,4.883
2025/10/05 04:45:42.176,233.478,4.883
2025/10/05 04:45:43.565,233.994,4.883
2025/10/05 04:45:45.121,234.516,4.883
2025/10/05 04:45:46.517,235.016,4.883
2025/10/05 04:45:47.876,235.497,4.883
2025/10/05 04:45:49.259,236.002,4.883
2025/10/05 04:45:50.650,236.494,4.883
2025/10/05 04:45:52.054,236.977,4.883
2025/10/05 04:45:53.443,237.496,4.883
2025/10/05 04:45:54.825,238.004,4.883
2025/10/05 04:45:56.225,238.49,4.883
2025/10/05 04:45:57.826,239.009,4.883
2025/10/05 04:45:59.191,239.534,4.883
2025/10/05 04:46:00.566,240.006,4.883
2025/10/05 04:46:02.095,240.504,4.883
2025/10/05 04:46:03.500,241.001,4.883
2025/10/05 04:46:04.890,241.517,4.883
2025/10/05 04:46:06.246,242.0,4.883
2025/10/05 04:46:07.618,242.503,4.883
2025/10/05 04:46:09.177,242.967,4.883
2025/10/05 04:46:10.585,243.583,4.883
2025/10/05 04:46:11.958,244.019,4.883
2025/10/05 04:46:13.327,244.497,4.883
2025/10/05 04:46:14.931,245.0,4.883
2025/10/05 04:46:17.478,229.023,4.284
2025/10/05 04:46:18.858,229.451,4.284
2025/10/05 04:46:20.429,229.984,4.284
2025/10/05 04:46:21.836,230.448,4.284
2025/10/05 04:46:23.194,231.047,4.284
2025/10/05 04:46:24.547,231.514,4.284
2025/10/05 04:46:26.103,232.019,4.284
2025/10/05 04:46:27.602,232.442,4.284
2025/10/05 04:46:28.987,233.044,4.284
2025/10/05 04:46:30.331,233.508,4.284
2025/10/05 04:46:31.960,233.991,4.284
2025/10/05 04:46:33.336,234.472,4.284
2025/10/05 04:46:34.733,235.057,4.284
2025/10/05 04:46:36.105,235.499,4.284
2025/10/05 04:46:37.452,236.002,4.284
2025/10/05 04:46:39.025,236.516,4.284
2025/10/05 04:46:40.383,237.048,4.284
2025/10/05 04:46:41.747,237.496,4.284
2025/10/05 04:46:43.299,237.969,4.284
2025/10/05 04:46:44.698,238.51,4.284
2025/10/05 04:46:46.098,238.982,4.284
2025/10/05 04:46:47.475,239.564,4.284
2025/10/05 04:46:48.869,240.017,4.284
2025/10/05 04:46:50.346,240.454,4.284
2025/10/05 04:46:51.732,240.992,4.284
2025/10/05 04:46:53.114,241.506,4.284
2025/10/05 04:46:54.474,241.954,4.284
2025/10/05 04:46:56.072,242.498,4.284
2025/10/05 04:46:57.482,243.033,4.284
2025/10/05 04:46:58.845,243.489,4.284
2025/10/05 04:47:00.402,244.025,4.284
2025/10/05 04:47:01.774,244.478,4.284
2025/10/05 04:47:03.144,244.997,4.284
2025/10/05 04:47:06.305,223.024,11.208
2025/10/05 04:47:07.741,223.931,11.208
2025/10/05 04:47:09.190,224.98,11.208
2025/10/05 04:47:10.827,226.004,11.208
2025/10/05 04:47:12.273,227.01,11.208
2025/10/05 04:47:13.677,228.067,11.208
2025/10/05 04:47:15.300,228.982,11.208
2025/10/05 04:47:16.726,229.987,11.208
2025/10/05 04:47:18.139,231.055,11.208
2025/10/05 04:47:19.783,232.0,11.208
2025/10/05 04:47:21.231,232.929,11.208
2025/10/05 04:47:22.672,234.03,11.208
2025/10/05 04:47:24.301,235.005,11.208
2025/10/05 04:47:25.715,235.972,11.208
2025/10/05 04:47:27.191,237.037,11.208
2025/10/05 04:47:29.634,238.051,11.208
2025/10/05 04:47:31.274,238.935,11.208
2025/10/05 04:47:32.689,240.009,11.208
2025/10/05 04:47:34.264,240.987,11.208
2025/10/05 04:47:35.940,242.022,11.208
2025/10/05 04:47:37.359,242.992,11.208
2025/10/05 04:47:38.805,244.016,11.208
2025/10/05 04:47:40.432,244.992,11.208
2025/10/05 04:47:41.887,245.986,11.208
2025/10/05 04:47:43.321,247.029,11.208
2025/10/05 04:47:44.928,247.939,11.208
2025/10/05 04:47:46.387,249.065,11.208
2025/10/05 04:47:47.773,249.941,11.208
2025/10/05 04:47:49.191,251.039,11.208
2025/10/05 04:47:52.457,227.018,6.781
2025/10/05 04:47:53.849,227.474,6.781
2025/10/05 04:47:55.452,227.974,6.781
2025/10/05 04:47:56.836,228.46,6.781
2025/10/05 04:47:58.223,229.031,6.781
2025/10/05 04:47:59.589,229.493,6.781
2025/10/05 04:48:01.186,230.025,6.781
2025/10/05 04:48:02.572,230.498,6.781
2025/10/05 04:48:03.950,231.011,6.781
2025/10/05 04:48:05.341,231.536,6.781
2025/10/05 04:48:06.706,231.984,6.781
2025/10/05 04:48:08.247,232.467,6.781
2025/10/05 04:48:09.633,233.052,6.781
2025/10/05 04:48:10.965,233.459,6.781
2025/10/05 04:48:12.351,233.986,6.781
2025/10/05 04:48:13.925,234.48,6.781
2025/10/05 04:48:15.321,235.065,6.781
2025/10/05 04:48:16.693,235.497,6.781
2025/10/05 04:48:18.079,236.024,6.781
2025/10/05 04:48:19.439,236.483,6.781
2025/10/05 04:48:21.013,236.977,6.781
2025/10/05 04:48:22.411,237.491,6.781
2025/10/05 04:48:23.798,237.974,6.781
2025/10/05 04:48:25.381,238.543,6.781
2025/10/05 04:48:26.751,239.031,6.781
2025/10/05 04:48:28.083,239.509,6.781
2025/10/05 04:48:29.445,239.984,6.781
2025/10/05 04:48:30.813,240.517,6.781
2025/10/05 04:48:32.324,240.998,6.781
2025/10/05 04:48:33.719,241.509,6.781
2025/10/05 04:48:35.104,242.014,6.781
2025/10/05 04:48:36.492,242.509,6.781
2025/10/05 04:48:38.079,242.987,6.781
2025/10/05 04:48:39.447,243.495,6.781
2025/10/05 04:48:40.807,243.984,6.781
2025/10/05 04:48:42.380,244.516,6.781
2025/10/05 04:48:43.766,245.011,6.781
2025/10/05 04:48:45.152,245.5,6.781
2025/10/05 04:48:46.561,246.0,6.781
2025/10/05 04:48:47.936,246.516,6.781
2025/10/05 04:48:49.330,246.953,6.781
2025/10/05 04:48:52.023,228.984,4.88
2025/10/05 04:48:53.635,229.416,4.88
2025/10/05 04:48:55.029,230.009,4.88
2025/10/05 04:48:56.401,230.539,4.88
2025/10/05 04:48:57.822,230.984,4.88
2025/10/05 04:48:59.339,231.5,4.88
2025/10/05 04:49:00.715,231.997,4.88
2025/10/05 04:49:02.107,232.522,4.88
2025/10/05 04:49:03.473,233.025,4.88
2025/10/05 04:49:05.081,233.45,4.88
2025/10/05 04:49:06.513,234.019,4.88
2025/10/05 04:49:07.892,234.557,4.88
2025/10/05 04:49:09.454,234.947,4.88
2025/10/05 04:49:10.841,235.543,4.88
2025/10/05 04:49:12.183,236.002,4.88
2025/10/05 04:49:13.557,236.502,4.88
2025/10/05 04:49:15.024,236.952,4.88
2025/10/05 04:49:16.408,237.51,4.88
2025/10/05 04:49:17.794,238.04,4.88
2025/10/05 04:49:19.191,238.526,4.88
2025/10/05 04:49:20.777,238.982,4.88
2025/10/05 04:49:22.171,239.512,4.88
2025/10/05 04:49:23.510,240.05,4.88
2025/10/05 04:49:24.908,240.468,4.88
2025/10/05 04:49:26.467,240.998,4.88
2025/10/05 04:49:27.906,241.462,4.88
2025/10/05 04:49:29.263,242.091,4.88
2025/10/05 04:49:30.606,242.487,4.88
2025/10/05 04:49:32.049,243.036,4.88
2025/10/05 04:49:33.429,243.445,4.88
2025/10/05 04:49:34.811,244.014,4.88
2025/10/05 04:49:36.165,244.53,4.88
2025/10/05 04:49:37.559,244.975,4.88
2025/10/05 04:49:40.362,229.053,4.287
2025/10/05 04:49:41.787,229.438,4.287
2025/10/05 04:49:43.213,230.006,4.287
2025/10/05 04:49:44.776,230.492,4.287
2025/10/05 04:49:46.148,231.064,4.287
2025/10/05 04:49:47.517,231.489,4.287
2025/10/05 04:49:48.915,231.981,4.287
2025/10/05 04:49:50.463,232.517,4.287
2025/10/05 04:49:51.902,232.942,4.287
2025/10/05 04:49:53.258,233.577,4.287
2025/10/05 04:49:54.612,234.0,4.287
2025/10/05 04:49:56.211,234.497,4.287
2025/10/05 04:49:57.603,234.991,4.287
2025/10/05 04:49:59.015,235.513,4.287
2025/10/05 04:50:00.370,235.991,4.287
2025/10/05 04:50:01.761,236.529,4.287
2025/10/05 04:50:03.307,237.032,4.287
2025/10/05 04:50:04.681,237.471,4.287
2025/10/05 04:50:06.088,238.01,4.287
2025/10/05 04:50:07.627,238.551,4.287
2025/10/05 04:50:09.032,238.946,4.287
2025/10/05 04:50:10.396,239.496,4.287
2025/10/05 04:50:11.782,239.932,4.287
2025/10/05 04:50:13.332,240.55,4.287
2025/10/05 04:50:14.714,241.006,4.287
2025/10/05 04:50:16.121,241.512,4.287
2025/10/05 04:50:17.514,241.968,4.287
2025/10/05 04:50:19.098,242.533,4.287
2025/10/05 04:50:20.484,243.006,4.287
2025/10/05 04:50:21.833,243.519,4.287
2025/10/05 04:50:23.475,243.962,4.287
2025/10/05 04:50:24.858,244.508,4.287
2025/10/05 04:50:26.234,245.041,4.287
2025/10/05 04:50:29.223,223.019,11.203
2025/10/05 04:50:30.641,223.953,11.203
2025/10/05 04:50:32.082,224.977,11.203
2025/10/05 04:50:33.699,226.051,11.203
2025/10/05 04:50:35.105,226.96,11.203
2025/10/05 04:50:36.542,227.996,11.203
2025/10/05 04:50:37.935,229.009,11.203
2025/10/05 04:50:39.405,230.003,11.203
2025/10/05 04:50:40.818,231.006,11.203
2025/10/05 04:50:42.255,232.011,11.203
2025/10/05 04:50:43.863,233.011,11.203
2025/10/05 04:50:45.287,233.983,11.203
2025/10/05 04:50:46.710,235.06,11.203
2025/10/05 04:50:48.304,235.983,11.203
2025/10/05 04:50:49.752,236.999,11.203
2025/10/05 04:50:51.151,237.993,11.203
2025/10/05 04:50:52.586,239.018,11.203
2025/10/05 04:50:54.205,240.015,11.203
2025/10/05 04:50:55.635,240.998,11.203
2025/10/05 04:50:57.215,242.003,11.203
2025/10/05 04:50:58.648,243.003,11.203
2025/10/05 04:51:00.058,244.0,11.203
2025/10/05 04:51:01.481,245.011,11.203
2025/10/05 04:51:03.075,246.021,11.203
2025/10/05 04:51:04.536,246.969,11.203
2025/10/05 04:51:05.941,247.996,11.203
2025/10/05 04:51:07.547,249.004,11.203
2025/10/05 04:51:08.990,249.988,11.203
2025/10/05 04:51:10.420,251.042,11.203
2025/10/05 04:51:13.392,227.037,6.784
2025/10/05 04:51:14.773,227.455,6.784
2025/10/05 04:51:16.135,227.987,6.784
2025/10/05 04:51:17.731,228.515,6.784
2025/10/05 04:51:19.114,229.02,6.784
2025/10/05 04:51:20.496,229.482,6.784
2025/10/05 04:51:21.866,230.042,6.784
2025/10/05 04:51:23.390,230.481,6.784
2025/10/05 04:51:24.799,231.02,6.784
2025/10/05 04:51:26.177,231.509,6.784
2025/10/05 04:51:27.560,231.986,6.784
2025/10/05 04:51:29.149,232.536,6.784
2025/10/05 04:51:30.522,233.016,6.784
2025/10/05 04:51:31.880,233.486,6.784
2025/10/05 04:51:33.490,233.964,6.784
2025/10/05 04:51:34.902,234.546,6.784
2025/10/05 04:51:36.253,234.964,6.784
2025/10/05 04:51:37.637,235.552,6.784
2025/10/05 04:51:39.049,235.939,6.784
2025/10/05 04:51:40.441,236.551,6.784
2025/10/05 04:51:41.787,237.01,6.784
2025/10/05 04:51:43.180,237.469,6.784
2025/10/05 04:51:44.524,238.04,6.784
2025/10/05 04:51:46.118,238.512,6.784
2025/10/05 04:51:47.499,239.009,6.784
2025/10/05 04:51:48.881,239.479,6.784
2025/10/05 04:51:50.474,240.001,6.784
2025/10/05 04:51:51.896,240.487,6.784
2025/10/05 04:51:53.267,241.045,6.784
2025/10/05 04:51:54.630,241.509,6.784
2025/10/05 04:51:56.023,241.995,6.784
2025/10/05 04:51:57.618,242.553,6.784
2025/10/05 04:51:59.044,242.962,6.784
2025/10/05 04:52:00.421,243.514,6.784
2025/10/05 04:52:01.783,244.0,6.784
2025/10/05 04:52:03.166,244.519,6.784
2025/10/05 04:52:04.563,244.975,6.784
2025/10/05 04:52:05.928,245.442,6.784
2025/10/05 04:52:07.313,246.035,6.784
2025/10/05 04:52:08.887,246.516,6.784
2025/10/05 04:52:10.255,247.013,6.784
2025/10/05 04:52:12.951,229.012,4.875
2025/10/05 04:52:14.639,229.416,4.875
2025/10/05 04:52:16.020,230.058,4.875
2025/10/05 04:52:17.396,230.49,4.875
2025/10/05 04:52:18.791,231.05,4.875
2025/10/05 04:52:20.363,231.495,4.875
2025/10/05 04:52:21.744,231.962,4.875
2025/10/05 04:52:23.132,232.451,4.875
2025/10/05 04:52:24.500,233.082,4.875
2025/10/05 04:52:26.093,233.439,4.875
2025/10/05 04:52:27.483,233.978,4.875
2025/10/05 04:52:28.854,234.513,4.875
2025/10/05 04:52:30.232,235.024,4.875
2025/10/05 04:52:31.623,235.458,4.875
2025/10/05 04:52:33.205,236.038,4.875
2025/10/05 04:52:34.575,236.494,4.875
2025/10/05 04:52:35.959,236.969,4.875
2025/10/05 04:52:37.504,237.548,4.875
2025/10/05 04:52:38.917,237.947,4.875
2025/10/05 04:52:40.290,238.424,4.875
2025/10/05 04:52:41.655,239.031,4.875
2025/10/05 04:52:43.280,239.468,4.875
2025/10/05 04:52:44.653,240.017,4.875
2025/10/05 04:52:46.044,240.479,4.875
2025/10/05 04:52:47.419,240.992,4.875
2025/10/05 04:52:48.778,241.509,4.875
2025/10/05 04:52:50.302,242.083,4.875
2025/10/05 04:52:51.716,242.506,4.875
2025/10/05 04:52:53.076,242.954,4.875
2025/10/05 04:52:54.441,243.492,4.875
2025/10/05 04:52:55.831,244.036,4.875
2025/10/05 04:52:57.379,244.505,4.875
2025/10/05 04:52:58.762,244.975,4.875
2025/10/05 04:53:01.262,229.048,4.29
2025/10/05 04:53:02.627,229.451,4.29
2025/10/05 04:53:04.021,230.039,4.29
2025/10/05 04:53:05.444,230.473,4.29
2025/10/05 04:53:06.832,231.0,4.29
2025/10/05 04:53:08.222,231.498,4.29
2025/10/05 04:53:09.585,232.003,4.29
2025/10/05 04:53:11.131,232.519,4.29
2025/10/05 04:53:12.521,233.044,4.29
2025/10/05 04:53:13.877,233.489,4.29
2025/10/05 04:53:15.257,234.005,4.29
2025/10/05 04:53:16.625,234.524,4.29
2025/10/05 04:53:18.247,234.939,4.29
2025/10/05 04:53:19.631,235.51,4.29
2025/10/05 04:53:21.043,236.04,4.29
2025/10/05 04:53:22.587,236.458,4.29
2025/10/05 04:53:23.966,237.026,4.29
2025/10/05 04:53:25.362,237.524,4.29
2025/10/05 04:53:26.720,237.982,4.29
2025/10/05 04:53:28.316,238.521,4.29
2025/10/05 04:53:29.681,239.018,4.29
2025/10/05 04:53:31.094,239.457,4.29
2025/10/05 04:53:32.464,240.009,4.29
2025/10/05 04:53:33.823,240.539,4.29
2025/10/05 04:53:35.389,241.02,4.29
2025/10/05 04:53:36.775,241.514,4.29
2025/10/05 04:53:38.182,241.957,4.29
2025/10/05 04:53:39.548,242.58,4.29
2025/10/05 04:53:41.156,242.973,4.29
2025/10/05 04:53:42.542,243.475,4.29
2025/10/05 04:53:43.925,244.016,4.29
2025/10/05 04:53:45.480,244.547,4.29
2025/10/05 04:53:46.871,244.981,4.29
2025/10/05 04:53:49.791,223.008,11.208
2025/10/05 04:53:51.379,223.917,11.208
2025/10/05 04:53:52.810,225.002,11.208
2025/10/05 04:53:54.214,226.007,11.208
2025/10/05 04:53:55.609,227.004,11.208
2025/10/05 04:53:57.289,228.045,11.208
2025/10/05 04:53:58.708,229.012,11.208
2025/10/05 04:54:00.347,230.001,11.208
2025/10/05 04:54:01.758,231.028,11.208
2025/10/05 04:54:03.167,232.0,11.208
2025/10/05 04:54:04.590,233.0,11.208
2025/10/05 04:54:06.163,234.013,11.208
2025/10/05 04:54:07.588,235.008,11.208
2025/10/05 04:54:08.977,236.007,11.208
2025/10/05 04:54:10.396,236.991,11.208
2025/10/05 04:54:12.017,238.026,11.208
2025/10/05 04:54:13.437,239.009,11.208
2025/10/05 04:54:14.860,239.987,11.208
2025/10/05 04:54:16.438,241.031,11.208
2025/10/05 04:54:17.874,242.02,11.208
2025/10/05 04:54:19.306,242.97,11.208
2025/10/05 04:54:20.941,244.008,11.208
2025/10/05 04:54:22.372,244.942,11.208
2025/10/05 04:54:23.776,246.032,11.208
2025/10/05 04:54:25.386,247.024,11.208
2025/10/05 04:54:26.799,248.005,11.208
2025/10/05 04:54:28.309,248.996,11.208
2025/10/05 04:54:30.001,250.023,11.208
2025/10/05 04:54:31.424,250.987,11.208
2025/10/05 04:54:34.384,227.004,6.784
2025/10/05 04:54:35.782,227.466,6.784
2025/10/05 04:54:37.141,227.998,6.784
2025/10/05 04:54:38.490,228.471,6.784
2025/10/05 04:54:39.841,229.02,6.784
2025/10/05 04:54:41.249,229.55,6.784
2025/10/05 04:54:42.617,229.946,6.784
2025/10/05 04:54:43.990,230.544,6.784
2025/10/05 04:54:45.430,230.989,6.784
2025/10/05 04:54:47.039,231.492,6.784
2025/10/05 04:54:48.448,231.992,6.784
2025/10/05 04:54:49.818,232.522,6.784
2025/10/05 04:54:51.188,233.033,6.784
2025/10/05 04:54:52.765,233.508,6.784
2025/10/05 04:54:54.152,233.978,6.784
2025/10/05 04:54:55.535,234.549,6.784
2025/10/05 04:54:56.893,234.997,6.784
2025/10/05 04:54:58.411,235.488,6.784
2025/10/05 04:54:59.813,235.991,6.784
2025/10/05 04:55:01.191,236.51,6.784
2025/10/05 04:55:02.568,236.993,6.784
2025/10/05 04:55:04.164,237.518,6.784
2025/10/05 04:55:05.522,237.963,6.784
2025/10/05 04:55:06.911,238.523,6.784
2025/10/05 04:55:08.253,239.007,6.784
2025/10/05 04:55:09.845,239.529,6.784
2025/10/05 04:55:11.237,239.943,6.784
2025/10/05 04:55:12.613,240.531,6.784
2025/10/05 04:55:13.997,240.979,6.784
2025/10/05 04:55:15.530,241.481,6.784
2025/10/05 04:55:16.926,242.006,6.784
2025/10/05 04:55:18.303,242.52,6.784
2025/10/05 04:55:19.664,243.014,6.784
2025/10/05 04:55:21.243,243.481,6.784
2025/10/05 04:55:22.644,244.019,6.784
2025/10/05 04:55:23.978,244.478,6.784
2025/10/05 04:55:25.551,244.975,6.784
2025/10/05 04:55:26.923,245.557,6.784
2025/10/05 04:55:28.282,245.923,6.784
2025/10/05 04:55:29.663,246.516,6.784
2025/10/05 04:55:31.052,247.008,6.784
2025/10/05 04:55:34.026,229.05,4.883
2025/10/05 04:55:35.400,229.443,4.883
2025/10/05 04:55:36.784,230.045,4.883
2025/10/05 04:55:38.342,230.506,4.883
2025/10/05 04:55:39.733,230.973,4.883
2025/10/05 04:55:41.132,231.536,4.883
2025/10/05 04:55:42.501,232.006,4.883
2025/10/05 04:55:43.881,232.47,4.883
2025/10/05 04:55:45.526,233.003,4.883
2025/10/05 04:55:46.893,233.516,4.883
2025/10/05 04:55:48.254,234.011,4.883
2025/10/05 04:55:49.636,234.483,4.883
2025/10/05 04:55:51.254,235.005,4.883
2025/10/05 04:55:52.637,235.497,4.883
2025/10/05 04:55:54.020,236.007,4.883
2025/10/05 04:55:55.384,236.491,4.883
2025/10/05 04:55:56.737,237.048,4.883
2025/10/05 04:55:58.327,237.471,4.883
2025/10/05 04:55:59.727,237.985,4.883
2025/10/05 04:56:01.119,238.466,4.883
2025/10/05 04:56:02.486,239.059,4.883
2025/10/05 04:56:04.051,239.509,4.883
2025/10/05 04:56:05.427,240.02,4.883
2025/10/05 04:56:06.796,240.405,4.883
2025/10/05 04:56:08.149,241.012,4.883
2025/10/05 04:56:09.737,241.465,4.883
2025/10/05 04:56:11.088,242.02,4.883
2025/10/05 04:56:12.486,242.467,4.883
2025/10/05 04:56:13.883,243.033,4.883
2025/10/05 04:56:15.419,243.497,4.883
2025/10/05 04:56:16.801,243.997,4.883
2025/10/05 04:56:18.167,244.494,4.883
2025/10/05 04:56:19.559,244.992,4.883
2025/10/05 04:56:22.541,229.053,4.29
2025/10/05 04:56:23.909,229.468,4.29
2025/10/05 04:56:25.277,230.012,4.29
2025/10/05 04:56:26.676,230.506,4.29
2025/10/05 04:56:28.230,231.042,4.29
2025/10/05 04:56:29.653,231.423,4.29
2025/10/05 04:56:31.026,232.072,4.29
2025/10/05 04:56:32.575,232.519,4.29
2025/10/05 04:56:33.962,232.992,4.29
2025/10/05 04:56:35.335,233.503,4.29
2025/10/05 04:56:36.728,234.011,4.29
2025/10/05 04:56:38.103,234.472,4.29
2025/10/05 04:56:39.558,235.038,4.29
2025/10/05 04:56:40.964,235.444,4.29
2025/10/05 04:56:42.378,236.038,4.29
2025/10/05 04:56:43.756,236.499,4.29
2025/10/05 04:56:45.263,236.985,4.29
2025/10/05 04:56:46.675,237.518,4.29
2025/10/05 04:56:48.037,238.021,4.29
2025/10/05 04:56:49.404,238.49,4.29
2025/10/05 04:56:51.029,239.004,4.29
2025/10/05 04:56:52.382,239.515,4.29
2025/10/05 04:56:53.758,239.998,4.29
2025/10/05 04:56:55.161,240.504,4.29
2025/10/05 04:56:56.737,240.99,4.29
2025/10/05 04:56:58.121,241.506,4.29
2025/10/05 04:56:59.509,241.962,4.29
2025/10/05 04:57:00.895,242.517,4.29
2025/10/05 04:57:02.456,243.022,4.29
2025/10/05 04:57:03.844,243.519,4.29
2025/10/05 04:57:05.215,243.986,4.29
2025/10/05 04:57:06.568,244.497,4.29
2025/10/05 04:57:07.963,244.97,4.29
2025/10/05 04:57:10.995,223.041,11.211
2025/10/05 04:57:12.431,223.947,11.211
2025/10/05 04:57:14.075,225.007,11.211
2025/10/05 04:57:15.481,226.032,11.211
2025/10/05 04:57:16.880,226.993,11.211
2025/10/05 04:57:18.467,227.998,11.211
2025/10/05 04:57:19.904,229.001,11.211
2025/10/05 04:57:21.350,229.995,11.211
2025/10/05 04:57:23.010,231.047,11.211
2025/10/05 04:57:24.438,231.995,11.211
2025/10/05 04:57:25.866,233.005,11.211
2025/10/05 04:57:27.470,234.022,11.211
2025/10/05 04:57:28.918,234.939,11.211
2025/10/05 04:57:30.330,235.994,11.211
2025/10/05 04:57:31.729,237.068,11.211
2025/10/05 04:57:33.311,237.966,11.211
2025/10/05 04:57:34.739,238.998,11.211
2025/10/05 04:57:36.146,239.993,11.211
2025/10/05 04:57:37.767,241.058,11.211
2025/10/05 04:57:39.176,241.962,11.211
2025/10/05 04:57:40.597,243.003,11.211
2025/10/05 04:57:42.207,244.03,11.211
2025/10/05 04:57:43.636,245.013,11.211
2025/10/05 04:57:45.045,245.953,11.211
2025/10/05 04:57:46.446,247.035,11.211
2025/10/05 04:57:48.087,247.98,11.211
2025/10/05 04:57:49.542,249.018,11.211
2025/10/05 04:57:50.940,249.999,11.211
2025/10/05 04:57:52.552,251.004,11.211
2025/10/05 04:57:55.366,227.021,6.784
2025/10/05 04:57:56.998,227.455,6.784
2025/10/05 04:57:58.406,227.996,6.784
2025/10/05 04:57:59.782,228.575,6.784
2025/10/05 04:58:01.148,228.979,6.784
2025/10/05 04:58:02.706,229.52,6.784
2025/10/05 04:58:04.110,230.012,6.784
2025/10/05 04:58:05.473,230.512,6.784
2025/10/05 04:58:06.833,230.984,6.784
2025/10/05 04:58:08.241,231.536,6.784
2025/10/05 04:58:09.653,231.956,6.784
2025/10/05 04:58:11.011,232.528,6.784
2025/10/05 04:58:12.409,233.011,6.784
2025/10/05 04:58:14.002,233.459,6.784
2025/10/05 04:58:15.407,234.03,6.784
2025/10/05 04:58:16.799,234.494,6.784
2025/10/05 04:58:18.142,234.997,6.784
2025/10/05 04:58:19.712,235.546,6.784
2025/10/05 04:58:21.091,236.01,6.784
2025/10/05 04:58:22.478,236.452,6.784
2025/10/05 04:58:23.855,237.018,6.784
2025/10/05 04:58:25.443,237.535,6.784
2025/10/05 04:58:26.790,238.004,6.784
2025/10/05 04:58:28.167,238.499,6.784
2025/10/05 04:58:29.566,238.979,6.784
2025/10/05 04:58:30.921,239.526,6.784
2025/10/05 04:58:32.486,240.02,6.784
2025/10/05 04:58:33.860,240.523,6.784
2025/10/05 04:58:35.236,241.003,6.784
2025/10/05 04:58:36.604,241.531,6.784
2025/10/05 04:58:38.278,242.009,6.784
2025/10/05 04:58:39.622,242.498,6.784
2025/10/05 04:58:41.025,242.97,6.784
2025/10/05 04:58:42.407,243.478,6.784
2025/10/05 04:58:44.091,244.071,6.784
2025/10/05 04:58:45.479,244.475,6.784
2025/10/05 04:58:46.845,245.011,6.784
2025/10/05 04:58:48.225,245.442,6.784
2025/10/05 04:58:49.816,246.027,6.784
2025/10/05 04:58:51.193,246.513,6.784
2025/10/05 04:58:52.525,247.01,6.784
2025/10/05 04:58:55.293,229.026,4.883
2025/10/05 04:58:56.633,229.487,4.883
2025/10/05 04:58:58.040,230.001,4.883
2025/10/05 04:58:59.399,230.506,4.883
2025/10/05 04:59:00.742,231.011,4.883
2025/10/05 04:59:02.319,231.528,4.883
2025/10/05 04:59:03.683,231.956,4.883
2025/10/05 04:59:05.083,232.547,4.883
2025/10/05 04:59:06.427,232.983,4.883
2025/10/05 04:59:08.036,233.464,4.883
2025/10/05 04:59:09.438,234.077,4.883
2025/10/05 04:59:10.833,234.478,4.883
2025/10/05 04:59:12.216,235.016,4.883
2025/10/05 04:59:13.871,235.497,4.883
2025/10/05 04:59:15.274,236.054,4.883
2025/10/05 04:59:16.650,236.51,4.883
2025/10/05 04:59:18.029,236.971,4.883
2025/10/05 04:59:19.386,237.521,4.883
2025/10/05 04:59:20.968,238.015,4.883
2025/10/05 04:59:22.359,238.452,4.883
2025/10/05 04:59:23.735,239.007,4.883
2025/10/05 04:59:25.133,239.553,4.883
2025/10/05 04:59:26.617,239.935,4.883
2025/10/05 04:59:28.040,240.553,4.883
2025/10/05 04:59:29.412,241.006,4.883
2025/10/05 04:59:30.747,241.536,4.883
2025/10/05 04:59:32.304,241.995,4.883
2025/10/05 04:59:33.667,242.52,4.883
2025/10/05 04:59:35.063,242.978,4.883
2025/10/05 04:59:36.426,243.508,4.883
2025/10/05 04:59:38.022,244.016,4.883
2025/10/05 04:59:39.398,244.53,4.883
2025/10/05 04:59:40.748,245.005,4.883
2025/10/05 04:59:43.458,229.056,4.287
2025/10/05 04:59:44.837,229.476,4.287
2025/10/05 04:59:46.238,229.99,4.287
2025/10/05 04:59:47.616,230.512,4.287
2025/10/05 04:59:48.976,230.992,4.287
2025/10/05 04:59:50.563,231.539,4.287
2025/10/05 04:59:51.979,231.956,4.287
2025/10/05 04:59:53.358,232.555,4.287
2025/10/05 04:59:54.699,233.014,4.287
2025/10/05 04:59:56.272,233.478,4.287
2025/10/05 04:59:57.640,234.016,4.287
2025/10/05 04:59:59.033,234.469,4.287
2025/10/05 05:00:00.419,235.021,4.287
2025/10/05 05:00:01.975,235.546,4.287
2025/10/05 05:00:03.393,235.98,4.287
2025/10/05 05:00:04.784,236.516,4.287
2025/10/05 05:00:06.158,237.018,4.287
2025/10/05 05:00:07.634,237.474,4.287
2025/10/05 05:00:09.002,238.032,4.287
2025/10/05 05:00:10.402,238.488,4.287
2025/10/05 05:00:11.788,238.998,4.287
2025/10/05 05:00:13.388,239.518,4.287
2025/10/05 05:00:14.753,240.017,4.287
2025/10/05 05:00:16.106,240.482,4.287
2025/10/05 05:00:17.464,241.031,4.287
2025/10/05 05:00:18.811,241.484,4.287
2025/10/05 05:00:20.426,242.022,4.287
2025/10/05 05:00:21.779,242.536,4.287
2025/10/05 05:00:23.152,242.954,4.287
2025/10/05 05:00:24.552,243.552,4.287
2025/10/05 05:00:26.135,244.0,4.287
2025/10/05 05:00:27.539,244.5,4.287
2025/10/05 05:00:28.902,245.002,4.287
2025/10/05 05:00:32.019,223.035,11.206
2025/10/05 05:00:33.477,223.936,11.206
2025/10/05 05:00:34.898,224.974,11.206
2025/10/05 05:00:36.464,226.043,11.206
2025/10/05 05:00:37.879,226.99,11.206
2025/10/05 05:00:39.280,228.009,11.206
2025/10/05 05:00:40.688,228.995,11.206
2025/10/05 05:00:42.304,229.99,11.206
2025/10/05 05:00:43.746,230.998,11.206
2025/10/05 05:00:45.202,232.033,11.206
2025/10/05 05:00:46.804,233.038,11.206
2025/10/05 05:00:48.219,233.958,11.206
2025/10/05 05:00:49.714,235.03,11.206
2025/10/05 05:00:51.323,236.043,11.206
2025/10/05 05:00:52.767,236.982,11.206
2025/10/05 05:00:54.170,238.007,11.206
2025/10/05 05:00:55.807,238.987,11.206
2025/10/05 05:00:57.222,240.006,11.206
2025/10/05 05:00:58.654,241.025,11.206
2025/10/05 05:01:00.033,242.033,11.206
2025/10/05 05:01:01.618,242.984,11.206
2025/10/05 05:01:03.033,243.986,11.206
2025/10/05 05:01:04.447,245.022,11.206
2025/10/05 05:01:06.081,246.065,11.206
2025/10/05 05:01:07.505,246.95,11.206
2025/10/05 05:01:08.924,248.029,11.206
2025/10/05 05:01:10.531,248.974,11.206
2025/10/05 05:01:11.942,250.015,11.206
2025/10/05 05:01:13.337,251.007,11.206
2025/10/05 05:01:16.412,227.023,6.781
2025/10/05 05:01:17.773,227.499,6.781
2025/10/05 05:01:19.133,227.971,6.781
2025/10/05 05:01:20.739,228.485,6.781
2025/10/05 05:01:22.137,229.001,6.781
2025/10/05 05:01:23.496,229.534,6.781
2025/10/05 05:01:24.868,229.984,6.781
2025/10/05 05:01:26.231,230.523,6.781
2025/10/05 05:01:27.802,231.072,6.781
2025/10/05 05:01:29.194,231.465,6.781
2025/10/05 05:01:30.688,232.05,6.781
2025/10/05 05:01:32.022,232.484,6.781
2025/10/05 05:01:33.614,232.972,6.781
2025/10/05 05:01:35.014,233.519,6.781
2025/10/05 05:01:36.375,234.033,6.781
2025/10/05 05:01:37.775,234.478,6.781
2025/10/05 05:01:39.365,235.01,6.781
2025/10/05 05:01:40.778,235.543,6.781
2025/10/05 05:01:42.119,236.013,6.781
2025/10/05 05:01:43.484,236.472,6.781
2025/10/05 05:01:45.107,237.013,6.781
2025/10/05 05:01:46.487,237.518,6.781
2025/10/05 05:01:47.912,237.985,6.781
2025/10/05 05:01:49.267,238.523,6.781
2025/10/05 05:01:50.826,239.023,6.781
2025/10/05 05:01:52.198,239.54,6.781
2025/10/05 05:01:53.545,239.976,6.781
2025/10/05 05:01:54.939,240.506,6.781
2025/10/05 05:01:56.496,241.012,6.781
2025/10/05 05:01:57.903,241.506,6.781
2025/10/05 05:01:59.291,241.995,6.781
2025/10/05 05:02:00.669,242.495,6.781
2025/10/05 05:02:02.066,243.041,6.781
2025/10/05 05:02:03.643,243.506,6.781
2025/10/05 05:02:05.017,243.981,6.781
2025/10/05 05:02:06.377,244.525,6.781
2025/10/05 05:02:07.735,245.011,6.781
2025/10/05 05:02:09.103,245.522,6.781
2025/10/05 05:02:10.672,245.931,6.781
2025/10/05 05:02:12.084,246.546,6.781
2025/10/05 05:02:13.475,247.024,6.781
2025/10/05 05:02:16.502,229.023,4.886
2025/10/05 05:02:17.835,229.429,4.886
2025/10/05 05:02:19.238,230.064,4.886
2025/10/05 05:02:20.605,230.506,4.886
2025/10/05 05:02:22.162,231.009,4.886
2025/10/05 05:02:23.563,231.528,4.886
2025/10/05 05:02:24.896,232.052,4.886
2025/10/05 05:02:26.286,232.445,4.886
2025/10/05 05:02:27.813,233.022,4.886
2025/10/05 05:02:29.242,233.519,4.886
2025/10/05 05:02:30.584,234.011,4.886
2025/10/05 05:02:31.920,234.469,4.886
2025/10/05 05:02:33.549,235.024,4.886
2025/10/05 05:02:34.937,235.458,4.886
2025/10/05 05:02:36.335,235.95,4.886
2025/10/05 05:02:37.699,236.543,4.886
2025/10/05 05:02:39.061,237.029,4.886
2025/10/05 05:02:40.482,237.499,4.886
2025/10/05 05:02:41.849,238.026,4.886
2025/10/05 05:02:43.263,238.402,4.886
2025/10/05 05:02:44.640,239.042,4.886
2025/10/05 05:02:46.177,239.476,4.886
2025/10/05 05:02:47.604,240.009,4.886
2025/10/05 05:02:48.976,240.509,4.886
2025/10/05 05:02:50.584,241.02,4.886
2025/10/05 05:02:51.965,241.506,4.886
2025/10/05 05:02:53.356,241.97,4.886
2025/10/05 05:02:54.738,242.547,4.886
2025/10/05 05:02:56.102,242.978,4.886
2025/10/05 05:02:57.531,243.561,4.886
2025/10/05 05:02:58.885,243.948,4.886
2025/10/05 05:03:00.271,244.514,4.886
2025/10/05 05:03:01.647,244.97,4.886
2025/10/05 05:03:04.531,229.039,4.284
2025/10/05 05:03:05.931,229.44,4.284
2025/10/05 05:03:07.299,230.009,4.284
2025/10/05 05:03:08.707,230.531,4.284
2025/10/05 05:03:10.283,230.992,4.284
2025/10/05 05:03:11.686,231.5,4.284
2025/10/05 05:03:13.040,232.019,4.284
2025/10/05 05:03:14.615,232.478,4.284
2025/10/05 05:03:16.002,232.997,4.284
2025/10/05 05:03:17.366,233.549,4.284
2025/10/05 05:03:18.761,233.994,4.284
2025/10/05 05:03:20.326,234.505,4.284
2025/10/05 05:03:21.709,235.019,4.284
2025/10/05 05:03:23.128,235.422,4.284
2025/10/05 05:03:24.488,236.043,4.284
2025/10/05 05:03:26.112,236.477,4.284
2025/10/05 05:03:27.522,237.037,4.284
2025/10/05 05:03:28.920,237.537,4.284
2025/10/05 05:03:30.264,237.971,4.284
2025/10/05 05:03:31.747,238.543,4.284
2025/10/05 05:03:33.112,238.971,4.284
2025/10/05 05:03:34.474,239.54,4.284
2025/10/05 05:03:35.897,239.99,4.284
2025/10/05 05:03:37.434,240.493,4.284
2025/10/05 05:03:38.848,241.003,4.284
2025/10/05 05:03:40.222,241.459,4.284
2025/10/05 05:03:41.811,242.039,4.284
2025/10/05 05:03:43.194,242.421,4.284
2025/10/05 05:03:44.568,243.014,4.284
2025/10/05 05:03:45.952,243.519,4.284
2025/10/05 05:03:47.316,244.022,4.284
2025/10/05 05:03:48.745,244.497,4.284
2025/10/05 05:03:50.094,245.016,4.284
2025/10/05 05:03:53.216,223.055,11.208
2025/10/05 05:03:54.643,223.955,11.208
2025/10/05 05:03:56.101,224.977,11.208
2025/10/05 05:03:57.691,226.024,11.208
2025/10/05 05:03:59.122,227.018,11.208
2025/10/05 05:04:00.513,227.985,11.208
2025/10/05 05:04:01.930,228.979,11.208
2025/10/05 05:04:03.524,230.028,11.208
2025/10/05 05:04:04.941,231.0,11.208
2025/10/05 05:04:06.352,231.992,11.208
2025/10/05 05:04:07.938,233.047,11.208
2025/10/05 05:04:09.370,233.939,11.208
2025/10/05 05:04:10.828,235.052,11.208
2025/10/05 05:04:12.470,235.999,11.208
2025/10/05 05:04:13.932,237.015,11.208
2025/10/05 05:04:15.345,238.01,11.208
2025/10/05 05:04:17.039,239.023,11.208
2025/10/05 05:04:18.490,240.009,11.208
2025/10/05 05:04:20.012,240.907,11.208
2025/10/05 05:04:21.632,242.072,11.208
2025/10/05 05:04:23.062,242.976,11.208
2025/10/05 05:04:24.464,244.022,11.208
2025/10/05 05:04:25.864,245.016,11.208
2025/10/05 05:04:27.481,245.972,11.208
2025/10/05 05:04:28.962,247.024,11.208
2025/10/05 05:04:30.635,248.007,11.208
2025/10/05 05:04:32.074,248.977,11.208
2025/10/05 05:04:33.476,250.007,11.208
2025/10/05 05:04:34.901,251.026,11.208
2025/10/05 05:04:38.054,227.029,6.781
2025/10/05 05:04:39.421,227.477,6.781
2025/10/05 05:04:40.971,228.004,6.781
2025/10/05 05:04:42.362,228.52,6.781
2025/10/05 05:04:43.744,228.995,6.781
2025/10/05 05:04:45.120,229.504,6.781
2025/10/05 05:04:46.653,229.954,6.781
2025/10/05 05:04:48.058,230.514,6.781
2025/10/05 05:04:49.414,231.042,6.781
2025/10/05 05:04:50.776,231.473,6.781
2025/10/05 05:04:52.155,232.025,6.781
2025/10/05 05:04:53.519,232.492,6.781
2025/10/05 05:04:54.879,233.005,6.781
2025/10/05 05:04:56.274,233.445,6.781
2025/10/05 05:04:57.664,234.024,6.781
2025/10/05 05:04:59.268,234.489,6.781
2025/10/05 05:05:00.619,235.035,6.781
2025/10/05 05:05:02.001,235.494,6.781
2025/10/05 05:05:03.368,235.983,6.781
2025/10/05 05:05:04.950,236.488,6.781
2025/10/05 05:05:06.341,236.977,6.781
2025/10/05 05:05:07.705,237.521,6.781
2025/10/05 05:05:09.076,238.076,6.781
2025/10/05 05:05:10.658,238.452,6.781
2025/10/05 05:05:12.064,238.996,6.781
2025/10/05 05:05:13.445,239.498,6.781
2025/10/05 05:05:14.799,240.056,6.781
2025/10/05 05:05:16.398,240.476,6.781
2025/10/05 05:05:17.789,241.053,6.781
2025/10/05 05:05:19.184,241.421,6.781
2025/10/05 05:05:20.570,242.044,6.781
2025/10/05 05:05:21.973,242.514,6.781
2025/10/05 05:05:23.463,243.014,6.781
2025/10/05 05:05:24.861,243.473,6.781
2025/10/05 05:05:26.316,243.981,6.781
2025/10/05 05:05:27.684,244.541,6.781
2025/10/05 05:05:29.249,245.024,6.781
2025/10/05 05:05:30.630,245.464,6.781
2025/10/05 05:05:32.046,246.049,6.781
2025/10/05 05:05:33.403,246.483,6.781
2025/10/05 05:05:34.771,247.032,6.781
2025/10/05 05:05:37.812,229.015,4.88
2025/10/05 05:05:39.202,229.476,4.88
2025/10/05 05:05:40.566,230.023,4.88
2025/10/05 05:05:42.145,230.487,4.88
2025/10/05 05:05:43.524,231.011,4.88
2025/10/05 05:05:44.882,231.574,4.88
2025/10/05 05:05:46.267,231.94,4.88
2025/10/05 05:05:47.781,232.497,4.88
2025/10/05 05:05:49.144,232.994,4.88
2025/10/05 05:05:50.528,233.596,4.88
2025/10/05 05:05:51.960,233.978,4.88
2025/10/05 05:05:53.545,234.527,4.88
2025/10/05 05:05:54.897,235.016,4.88
2025/10/05 05:05:56.256,235.494,4.88
2025/10/05 05:05:57.812,236.002,4.88
2025/10/05 05:05:59.245,236.45,4.88
2025/10/05 05:06:00.615,237.048,4.88
2025/10/05 05:06:01.976,237.532,4.88
2025/10/05 05:06:03.363,237.99,4.88
2025/10/05 05:06:04.798,238.51,4.88
2025/10/05 05:06:06.137,239.009,4.88
2025/10/05 05:06:07.502,239.485,4.88
2025/10/05 05:06:08.906,240.001,4.88
2025/10/05 05:06:10.484,240.545,4.88
2025/10/05 05:06:11.922,240.96,4.88
2025/10/05 05:06:13.292,241.534,4.88
2025/10/05 05:06:14.912,242.011,4.88
2025/10/05 05:06:16.291,242.506,4.88
2025/10/05 05:06:17.660,242.989,4.88
2025/10/05 05:06:19.034,243.53,4.88
2025/10/05 05:06:20.475,243.956,4.88
2025/10/05 05:06:21.849,244.549,4.88
2025/10/05 05:06:23.213,244.964,4.88
2025/10/05 05:06:25.783,229.053,4.287
2025/10/05 05:06:27.147,229.446,4.287
2025/10/05 05:06:28.544,230.02,4.287
2025/10/05 05:06:29.921,230.512,4.287
2025/10/05 05:06:31.310,230.984,4.287
2025/10/05 05:06:32.678,231.487,4.287
2025/10/05 05:06:34.235,232.044,4.287
2025/10/05 05:06:35.637,232.492,4.287
2025/10/05 05:06:37.028,233.011,4.287
2025/10/05 05:06:38.452,233.508,4.287
2025/10/05 05:06:39.807,234.019,4.287
2025/10/05 05:06:41.492,234.522,4.287
2025/10/05 05:06:42.874,234.977,4.287
2025/10/05 05:06:44.256,235.499,4.287
2025/10/05 05:06:45.606,236.018,4.287
2025/10/05 05:06:47.183,236.45,4.287
2025/10/05 05:06:48.561,237.059,4.287
2025/10/05 05:06:49.920,237.499,4.287
2025/10/05 05:06:51.306,237.977,4.287
2025/10/05 05:06:53.015,238.51,4.287
2025/10/05 05:06:54.401,239.02,4.287
2025/10/05 05:06:55.791,239.526,4.287
2025/10/05 05:06:57.156,239.995,4.287
2025/10/05 05:06:58.741,240.509,4.287
2025/10/05 05:07:00.160,240.921,4.287
2025/10/05 05:07:01.527,241.588,4.287
2025/10/05 05:07:02.895,241.973,4.287
2025/10/05 05:07:04.523,242.484,4.287
2025/10/05 05:07:05.896,243.022,4.287
2025/10/05 05:07:07.260,243.525,4.287
2025/10/05 05:07:08.841,244.014,4.287
2025/10/05 05:07:10.227,244.456,4.287
2025/10/05 05:07:11.641,245.0,4.287
2025/10/05 05:07:14.531,223.044,11.211
2025/10/05 05:07:15.954,223.922,11.211
2025/10/05 05:07:17.350,225.06,11.211
2025/10/05 05:07:18.750,225.991,11.211
2025/10/05 05:07:20.367,227.004,11.211
2025/10/05 05:07:21.771,227.99,11.211
2025/10/05 05:07:23.178,229.023,11.211
2025/10/05 05:07:24.749,229.981,11.211
2025/10/05 05:07:26.166,231.033,11.211
2025/10/05 05:07:27.604,231.97,11.211
2025/10/05 05:07:29.243,233.033,11.211
2025/10/05 05:07:30.699,233.994,11.211
2025/10/05 05:07:32.125,235.005,11.211
2025/10/05 05:07:33.701,236.04,11.211
2025/10/05 05:07:35.176,236.991,11.211
2025/10/05 05:07:36.597,238.012,11.211
2025/10/05 05:07:38.018,238.993,11.211
2025/10/05 05:07:39.608,240.015,11.211
2025/10/05 05:07:41.010,240.995,11.211
2025/10/05 05:07:42.433,242.022,11.211
2025/10/05 05:07:44.044,243.011,11.211
2025/10/05 05:07:45.463,243.986,11.211
2025/10/05 05:07:46.871,245.041,11.211
2025/10/05 05:07:48.498,246.002,11.211
2025/10/05 05:07:49.930,246.986,11.211
2025/10/05 05:07:51.336,248.018,11.211
2025/10/05 05:07:52.760,249.026,11.211
2025/10/05 05:07:54.353,249.985,11.211
2025/10/05 05:07:55.791,251.012,11.211
2025/10/05 05:07:58.739,227.029,6.778
2025/10/05 05:08:00.153,227.466,6.778
2025/10/05 05:08:01.509,227.985,6.778
2025/10/05 05:08:02.896,228.531,6.778
2025/10/05 05:08:04.480,229.081,6.778
2025/10/05 05:08:05.871,229.427,6.778
2025/10/05 05:08:07.251,230.031,6.778
2025/10/05 05:08:08.614,230.457,6.778
2025/10/05 05:08:10.190,231.02,6.778
2025/10/05 05:08:11.578,231.448,6.778
2025/10/05 05:08:12.966,232.014,6.778
2025/10/05 05:08:14.338,232.549,6.778
2025/10/05 05:08:15.859,233.036,6.778
2025/10/05 05:08:17.225,233.456,6.778
2025/10/05 05:08:18.609,234.016,6.778
2025/10/05 05:08:20.007,234.527,6.778
2025/10/05 05:08:21.560,235.032,6.778
2025/10/05 05:08:22.955,235.431,6.778
2025/10/05 05:08:24.319,236.021,6.778
2025/10/05 05:08:25.890,236.513,6.778
2025/10/05 05:08:27.298,237.054,6.778
2025/10/05 05:08:28.677,237.436,6.778
2025/10/05 05:08:30.080,238.032,6.778
2025/10/05 05:08:31.466,238.521,6.778
2025/10/05 05:08:32.876,238.993,6.778
2025/10/05 05:08:34.250,239.504,6.778
2025/10/05 05:08:35.635,239.995,6.778
2025/10/05 05:08:37.001,240.512,6.778
2025/10/05 05:08:38.554,240.984,6.778
2025/10/05 05:08:39.963,241.539,6.778
2025/10/05 05:08:41.346,241.992,6.778
2025/10/05 05:08:42.986,242.52,6.778
2025/10/05 05:08:44.357,242.984,6.778
2025/10/05 05:08:45.717,243.5,6.778
2025/10/05 05:08:47.097,244.016,6.778
2025/10/05 05:08:48.456,244.541,6.778
2025/10/05 05:08:49.864,244.972,6.778
2025/10/05 05:08:51.239,245.508,6.778
2025/10/05 05:08:52.622,246.024,6.778
2025/10/05 05:08:54.013,246.491,6.778
2025/10/05 05:08:55.588,247.008,6.778
2025/10/05 05:08:58.222,229.053,4.88
2025/10/05 05:08:59.600,229.523,4.88
2025/10/05 05:09:00.982,229.973,4.88
2025/10/05 05:09:02.373,230.49,4.88
2025/10/05 05:09:03.731,231.05,4.88
2025/10/05 05:09:05.104,231.478,4.88
2025/10/05 05:09:06.482,231.951,4.88
2025/10/05 05:09:07.881,232.506,4.88
2025/10/05 05:09:09.266,232.983,4.88
2025/10/05 05:09:10.637,233.527,4.88
2025/10/05 05:09:12.008,233.964,4.88
2025/10/05 05:09:13.608,234.442,4.88
2025/10/05 05:09:14.993,234.999,4.88
2025/10/05 05:09:16.402,235.546,4.88
2025/10/05 05:09:17.961,236.021,4.88
2025/10/05 05:09:19.342,236.518,4.88
2025/10/05 05:09:20.726,236.958,4.88
2025/10/05 05:09:22.097,237.493,4.88
2025/10/05 05:09:23.504,237.966,4.88
2025/10/05 05:09:25.083,238.521,4.88
2025/10/05 05:09:26.435,239.001,4.88
2025/10/05 05:09:27.809,239.509,4.88
2025/10/05 05:09:29.141,240.006,4.88
2025/10/05 05:09:30.603,240.501,4.88
2025/10/05 05:09:32.002,240.992,4.88
2025/10/05 05:09:33.368,241.509,4.88
2025/10/05 05:09:34.732,242.044,4.88
2025/10/05 05:09:36.342,242.503,4.88
2025/10/05 05:09:37.739,243.036,4.88
2025/10/05 05:09:39.130,243.478,4.88
2025/10/05 05:09:40.498,244.08,4.88
2025/10/05 05:09:42.152,244.47,4.88
2025/10/05 05:09:43.517,245.008,4.88
2025/10/05 05:09:46.101,229.028,4.287
2025/10/05 05:09:47.482,229.457,4.287
2025/10/05 05:09:48.904,230.045,4.287
2025/10/05 05:09:50.295,230.479,4.287
2025/10/05 05:09:51.676,230.995,4.287
2025/10/05 05:09:53.018,231.525,4.287
2025/10/05 05:09:54.591,231.981,4.287
2025/10/05 05:09:56.007,232.506,4.287
2025/10/05 05:09:57.376,233.041,4.287
2025/10/05 05:09:58.929,233.494,4.287
2025/10/05 05:10:00.300,234.011,4.287
2025/10/05 05:10:01.677,234.494,4.287
2025/10/05 05:10:03.035,235.016,4.287
2025/10/05 05:10:04.415,235.491,4.287
2025/10/05 05:10:05.903,236.01,4.287
2025/10/05 05:10:07.261,236.513,4.287
2025/10/05 05:10:08.647,236.98,4.287
2025/10/05 05:10:10.016,237.499,4.287
2025/10/05 05:10:11.594,237.99,4.287
2025/10/05 05:10:12.989,238.455,4.287
2025/10/05 05:10:14.358,239.037,4.287
2025/10/05 05:10:15.925,239.548,4.287
2025/10/05 05:10:17.318,239.952,4.287
2025/10/05 05:10:18.725,240.512,4.287
2025/10/05 05:10:20.113,240.946,4.287
2025/10/05 05:10:21.591,241.575,4.287
2025/10/05 05:10:23.019,242.022,4.287
2025/10/05 05:10:24.369,242.517,4.287
2025/10/05 05:10:25.759,242.945,4.287
2025/10/05 05:10:27.351,243.511,4.287
2025/10/05 05:10:28.774,244.019,4.287
2025/10/05 05:10:30.142,244.511,4.287
2025/10/05 05:10:31.520,244.981,4.287
2025/10/05 05:10:34.595,223.033,11.208
2025/10/05 05:10:36.033,223.939,11.208
2025/10/05 05:10:37.431,225.043,11.208
2025/10/05 05:10:38.941,225.993,11.208
2025/10/05 05:10:40.354,227.023,11.208
2025/10/05 05:10:41.842,228.001,11.208
2025/10/05 05:10:43.460,228.984,11.208
2025/10/05 05:10:44.893,229.973,11.208
2025/10/05 05:10:46.299,231.017,11.208
2025/10/05 05:10:47.859,232.028,11.208
2025/10/05 05:10:49.306,232.978,11.208
2025/10/05 05:10:50.739,234.068,11.208
2025/10/05 05:10:52.393,234.964,11.208
2025/10/05 05:10:53.819,235.95,11.208
2025/10/05 05:10:55.240,237.002,11.208
2025/10/05 05:10:56.826,238.037,11.208
2025/10/05 05:10:58.251,238.987,11.208
2025/10/05 05:10:59.630,240.048,11.208
2025/10/05 05:11:01.036,240.982,11.208
2025/10/05 05:11:02.655,241.998,11.208
2025/10/05 05:11:04.085,242.981,11.208
2025/10/05 05:11:05.508,244.022,11.208
2025/10/05 05:11:07.101,244.975,11.208
2025/10/05 05:11:08.538,246.049,11.208
2025/10/05 05:11:09.995,247.046,11.208
2025/10/05 05:11:11.605,247.974,11.208
2025/10/05 05:11:13.058,249.004,11.208
2025/10/05 05:11:14.457,249.971,11.208
2025/10/05 05:11:16.106,251.067,11.208
2025/10/05 05:11:18.947,227.045,6.781
2025/10/05 05:11:20.328,227.474,6.781
2025/10/05 05:11:21.879,227.993,6.781
2025/10/05 05:11:23.303,228.471,6.781
2025/10/05 05:11:24.667,229.001,6.781
2025/10/05 05:11:26.059,229.504,6.781
2025/10/05 05:11:27.614,230.061,6.781
2025/10/05 05:11:28.976,230.393,6.781
2025/10/05 05:11:30.375,231.058,6.781
2025/10/05 05:11:31.743,231.506,6.781
2025/10/05 05:11:33.307,232.006,6.781
2025/10/05 05:11:34.697,232.489,6.781
2025/10/05 05:11:36.068,233.008,6.781
2025/10/05 05:11:37.463,233.505,6.781
2025/10/05 05:11:38.954,234.022,6.781
2025/10/05 05:11:40.357,234.461,6.781
2025/10/05 05:11:41.753,235.013,6.781
2025/10/05 05:11:43.169,235.494,6.781
2025/10/05 05:11:44.677,236.06,6.781
2025/10/05 05:11:46.045,236.45,6.781
2025/10/05 05:11:47.454,236.944,6.781
2025/10/05 05:11:48.827,237.554,6.781
2025/10/05 05:11:50.401,237.999,6.781
2025/10/05 05:11:51.806,238.501,6.781
2025/10/05 05:11:53.208,239.001,6.781
2025/10/05 05:11:54.563,239.509,6.781
2025/10/05 05:11:56.114,240.004,6.781
2025/10/05 05:11:57.510,240.512,6.781
2025/10/05 05:11:58.892,240.99,6.781
2025/10/05 05:12:00.260,241.545,6.781
2025/10/05 05:12:01.848,241.984,6.781
2025/10/05 05:12:03.248,242.465,6.781
2025/10/05 05:12:04.622,243.0,6.781
2025/10/05 05:12:05.989,243.533,6.781
2025/10/05 05:12:07.349,244.0,6.781
2025/10/05 05:12:08.745,244.489,6.781
2025/10/05 05:12:10.130,245.027,6.781
2025/10/05 05:12:11.500,245.48,6.781
2025/10/05 05:12:12.891,245.956,6.781
2025/10/05 05:12:14.484,246.552,6.781
2025/10/05 05:12:15.867,247.016,6.781
2025/10/05 05:12:18.535,229.023,4.877
2025/10/05 05:12:20.104,229.438,4.877
2025/10/05 05:12:21.629,230.042,4.877
2025/10/05 05:12:22.999,230.534,4.877
2025/10/05 05:12:24.593,230.943,4.877
2025/10/05 05:12:25.989,231.517,4.877
2025/10/05 05:12:27.356,232.003,4.877
2025/10/05 05:12:28.733,232.522,4.877
2025/10/05 05:12:30.272,233.003,4.877
2025/10/05 05:12:31.665,233.494,4.877
2025/10/05 05:12:33.050,233.994,4.877
2025/10/05 05:12:34.405,234.535,4.877
2025/10/05 05:12:35.808,234.988,4.877
2025/10/05 05:12:37.188,235.494,4.877
2025/10/05 05:12:38.592,236.018,4.877
2025/10/05 05:12:39.945,236.485,4.877
2025/10/05 05:12:41.546,236.993,4.877
2025/10/05 05:12:42.922,237.504,4.877
2025/10/05 05:12:44.312,237.944,4.877
2025/10/05 05:12:45.907,238.567,4.877
2025/10/05 05:12:47.272,238.963,4.877
2025/10/05 05:12:48.664,239.507,4.877
2025/10/05 05:12:50.050,240.034,4.877
2025/10/05 05:12:51.680,240.479,4.877
2025/10/05 05:12:53.065,241.058,4.877
2025/10/05 05:12:54.450,241.465,4.877
2025/10/05 05:12:55.835,242.042,4.877
2025/10/05 05:12:57.197,242.451,4.877
2025/10/05 05:12:58.670,243.058,4.877
2025/10/05 05:13:00.041,243.467,4.877
2025/10/05 05:13:01.424,243.992,4.877
2025/10/05 05:13:02.835,244.514,4.877
2025/10/05 05:13:04.453,244.97,4.877
2025/10/05 05:13:06.968,229.042,4.284
2025/10/05 05:13:08.350,229.476,4.284
2025/10/05 05:13:09.913,230.001,4.284
2025/10/05 05:13:11.309,230.525,4.284
2025/10/05 05:13:12.651,231.025,4.284
2025/10/05 05:13:14.197,231.495,4.284
2025/10/05 05:13:15.558,232.047,4.284
2025/10/05 05:13:16.972,232.462,4.284
2025/10/05 05:13:18.330,233.055,4.284
2025/10/05 05:13:19.916,233.453,4.284
2025/10/05 05:13:21.290,234.024,4.284
2025/10/05 05:13:22.659,234.544,4.284
2025/10/05 05:13:24.029,234.977,4.284
2025/10/05 05:13:25.384,235.549,4.284
2025/10/05 05:13:26.957,235.994,4.284
2025/10/05 05:13:28.342,236.485,4.284
2025/10/05 05:13:29.711,236.996,4.284
2025/10/05 05:13:31.064,237.557,4.284
2025/10/05 05:13:32.668,237.966,4.284
2025/10/05 05:13:34.041,238.529,4.284
2025/10/05 05:13:35.428,239.007,4.284
2025/10/05 05:13:36.807,239.487,4.284
2025/10/05 05:13:38.374,240.017,4.284
2025/10/05 05:13:39.764,240.506,4.284
2025/10/05 05:13:41.140,240.992,4.284
2025/10/05 05:13:42.491,241.556,4.284
2025/10/05 05:13:44.042,241.998,4.284
2025/10/05 05:13:45.433,242.514,4.284
2025/10/05 05:13:46.783,243.025,4.284
2025/10/05 05:13:48.169,243.442,4.284
2025/10/05 05:13:49.726,244.058,4.284
2025/10/05 05:13:51.113,244.45,4.284
2025/10/05 05:13:52.480,245.016,4.284
2025/10/05 05:13:55.579,223.041,11.206
2025/10/05 05:13:57.005,223.95,11.206
2025/10/05 05:13:58.634,224.985,11.206
2025/10/05 05:14:00.092,226.007,11.206
2025/10/05 05:14:01.512,227.01,11.206
2025/10/05 05:14:03.142,228.001,11.206
2025/10/05 05:14:04.539,228.995,11.206
2025/10/05 05:14:05.940,230.028,11.206
2025/10/05 05:14:07.361,231.003,11.206
2025/10/05 05:14:08.785,232.036,11.206
2025/10/05 05:14:10.322,232.967,11.206
2025/10/05 05:14:11.770,234.066,11.206
2025/10/05 05:14:13.382,234.977,11.206
2025/10/05 05:14:14.802,235.996,11.206
2025/10/05 05:14:16.220,236.988,11.206
2025/10/05 05:14:17.603,238.015,11.206
2025/10/05 05:14:19.037,239.001,11.206
2025/10/05 05:14:20.572,239.998,11.206
2025/10/05 05:14:21.961,241.031,11.206
2025/10/05 05:14:23.616,242.014,11.206
2025/10/05 05:14:25.081,242.989,11.206
2025/10/05 05:14:26.491,244.047,11.206
2025/10/05 05:14:28.027,244.961,11.206
2025/10/05 05:14:29.475,246.005,11.206
2025/10/05 05:14:30.873,247.024,11.206
2025/10/05 05:14:32.509,247.983,11.206
2025/10/05 05:14:33.924,249.013,11.206
2025/10/05 05:14:35.349,249.996,11.206
2025/10/05 05:14:36.928,250.993,11.206
2025/10/05 05:14:39.775,227.034,6.784
2025/10/05 05:14:41.359,227.477,6.784
2025/10/05 05:14:42.744,227.954,6.784
2025/10/05 05:14:44.100,228.518,6.784
2025/10/05 05:14:45.567,228.993,6.784
2025/10/05 05:14:47.234,229.558,6.784
2025/10/05 05:14:48.619,229.927,6.784
2025/10/05 05:14:50.000,230.501,6.784
2025/10/05 05:14:51.386,230.978,6.784
2025/10/05 05:14:52.943,231.517,6.784
2025/10/05 05:14:54.327,232.03,6.784
2025/10/05 05:14:55.708,232.508,6.784
2025/10/05 05:14:57.061,233.022,6.784
2025/10/05 05:14:58.432,233.472,6.784
2025/10/05 05:14:59.864,233.978,6.784
2025/10/05 05:15:01.259,234.53,6.784
2025/10/05 05:15:02.681,234.994,6.784
2025/10/05 05:15:04.045,235.513,6.784
2025/10/05 05:15:05.598,236.007,6.784
2025/10/05 05:15:07.002,236.48,6.784
2025/10/05 05:15:08.375,237.018,6.784
2025/10/05 05:15:09.959,237.441,6.784
2025/10/05 05:15:11.352,238.018,6.784
2025/10/05 05:15:12.713,238.504,6.784
2025/10/05 05:15:14.066,238.993,6.784
2025/10/05 05:15:15.433,239.512,6.784
2025/10/05 05:15:16.829,240.004,6.784
2025/10/05 05:15:18.212,240.548,6.784
2025/10/05 05:15:19.578,240.982,6.784
2025/10/05 05:15:20.959,241.534,6.784
2025/10/05 05:15:22.513,242.011,6.784
2025/10/05 05:15:23.936,242.503,6.784
2025/10/05 05:15:25.303,242.967,6.784
2025/10/05 05:15:26.691,243.503,6.784
2025/10/05 05:15:28.259,244.041,6.784
2025/10/05 05:15:29.658,244.478,6.784
2025/10/05 05:15:31.024,245.027,6.784
2025/10/05 05:15:32.391,245.489,6.784
2025/10/05 05:15:33.808,245.967,6.784
2025/10/05 05:15:35.176,246.527,6.784
2025/10/05 05:15:36.548,247.04,6.784
2025/10/05 05:15:39.564,229.042,4.88
2025/10/05 05:15:40.955,229.471,4.88
2025/10/05 05:15:42.319,230.014,4.88
2025/10/05 05:15:43.687,230.498,4.88
2025/10/05 05:15:45.236,231.0,4.88
2025/10/05 05:15:46.633,231.509,4.88
2025/10/05 05:15:47.972,232.011,4.88
2025/10/05 05:15:49.351,232.47,4.88
2025/10/05 05:15:50.901,233.0,4.88
2025/10/05 05:15:52.304,233.497,4.88
2025/10/05 05:15:53.717,234.008,4.88
2025/10/05 05:15:55.104,234.489,4.88
2025/10/05 05:15:56.723,235.032,4.88
2025/10/05 05:15:58.097,235.447,4.88
2025/10/05 05:15:59.486,236.032,4.88
2025/10/05 05:16:00.865,236.518,4.88
2025/10/05 05:16:02.448,236.996,4.88
2025/10/05 05:16:03.829,237.496,4.88
2025/10/05 05:16:05.206,238.021,4.88
2025/10/05 05:16:06.592,238.556,4.88
2025/10/05 05:16:08.081,238.952,4.88
2025/10/05 05:16:09.447,239.534,4.88
2025/10/05 05:16:10.848,240.004,4.88
2025/10/05 05:16:12.188,240.52,4.88
2025/10/05 05:16:13.814,241.001,4.88
2025/10/05 05:16:15.197,241.487,4.88
2025/10/05 05:16:16.562,242.036,4.88
2025/10/05 05:16:18.163,242.478,4.88
2025/10/05 05:16:19.525,243.008,4.88
2025/10/05 05:16:20.918,243.459,4.88
2025/10/05 05:16:22.301,244.005,4.88
2025/10/05 05:16:23.684,244.522,4.88
2025/10/05 05:16:25.105,245.008,4.88
2025/10/05 05:16:27.612,228.954,4.284
2025/10/05 05:16:28.983,229.476,4.284
2025/10/05 05:16:30.539,229.965,4.284
2025/10/05 05:16:31.941,230.512,4.284
2025/10/05 05:16:33.322,231.009,4.284
2025/10/05 05:16:34.680,231.522,4.284
2025/10/05 05:16:36.039,232.025,4.284
2025/10/05 05:16:37.611,232.478,4.284
2025/10/05 05:16:39.003,233.019,4.284
2025/10/05 05:16:40.361,233.527,4.284
2025/10/05 05:16:41.913,233.958,4.284
2025/10/05 05:16:43.331,234.527,4.284
2025/10/05 05:16:44.698,235.005,4.284
2025/10/05 05:16:46.080,235.497,4.284
2025/10/05 05:16:47.448,236.013,4.284
2025/10/05 05:16:49.036,236.496,4.284
2025/10/05 05:16:50.415,236.947,4.284
2025/10/05 05:16:51.796,237.576,4.284
2025/10/05 05:16:53.152,237.974,4.284
2025/10/05 05:16:54.519,238.518,4.284
2025/10/05 05:16:55.947,239.018,4.284
2025/10/05 05:16:57.334,239.487,4.284
2025/10/05 05:16:58.939,240.009,4.284
2025/10/05 05:17:00.327,240.482,4.284
2025/10/05 05:17:01.724,240.992,4.284
2025/10/05 05:17:03.111,241.509,4.284
2025/10/05 05:17:04.721,241.962,4.284
2025/10/05 05:17:06.124,242.528,4.284
2025/10/05 05:17:07.483,243.017,4.284
2025/10/05 05:17:08.908,243.484,4.284
2025/10/05 05:17:10.279,244.091,4.284
2025/10/05 05:17:11.837,244.481,4.284
2025/10/05 05:17:13.251,245.008,4.284
2025/10/05 05:17:16.229,223.03,11.211
2025/10/05 05:17:17.662,223.997,11.211
2025/10/05 05:17:19.149,224.983,11.211
2025/10/05 05:17:20.770,225.999,11.211
2025/10/05 05:17:22.258,226.971,11.211
2025/10/05 05:17:23.863,228.053,11.211
2025/10/05 05:17:25.369,228.982,11.211
2025/10/05 05:17:26.755,230.003,11.211
2025/10/05 05:17:28.170,231.014,11.211
2025/10/05 05:17:29.923,232.033,11.211
2025/10/05 05:17:31.398,233.014,11.211
2025/10/05 05:17:32.921,233.958,11.211
2025/10/05 05:17:34.621,235.107,11.211
2025/10/05 05:17:36.030,235.917,11.211
2025/10/05 05:17:37.507,236.98,11.211
2025/10/05 05:17:39.132,238.015,11.211
2025/10/05 05:17:40.547,238.998,11.211
2025/10/05 05:17:42.057,239.998,11.211
2025/10/05 05:17:43.669,241.006,11.211
2025/10/05 05:17:45.076,241.962,11.211
2025/10/05 05:17:46.561,243.019,11.211
2025/10/05 05:17:48.122,243.973,11.211
2025/10/05 05:17:49.570,244.994,11.211
2025/10/05 05:17:50.961,246.065,11.211
2025/10/05 05:17:52.634,246.928,11.211
2025/10/05 05:17:54.122,247.996,11.211
2025/10/05 05:17:55.566,249.01,11.211
2025/10/05 05:17:57.201,250.048,11.211
2025/10/05 05:17:58.641,250.949,11.211
2025/10/05 05:18:01.790,227.04,6.781
2025/10/05 05:18:03.179,227.444,6.781
2025/10/05 05:18:04.542,228.034,6.781
2025/10/05 05:18:05.895,228.482,6.781
2025/10/05 05:18:07.475,229.015,6.781
2025/10/05 05:18:08.842,229.526,6.781
2025/10/05 05:18:10.211,230.036,6.781
2025/10/05 05:18:11.586,230.457,6.781
2025/10/05 05:18:13.188,230.998,6.781
2025/10/05 05:18:14.549,231.517,6.781
2025/10/05 05:18:15.913,232.011,6.781
2025/10/05 05:18:17.308,232.473,6.781
2025/10/05 05:18:18.672,233.027,6.781
2025/10/05 05:18:20.135,233.511,6.781
2025/10/05 05:18:21.525,233.997,6.781
2025/10/05 05:18:22.882,234.502,6.781
2025/10/05 05:18:24.238,234.986,6.781
2025/10/05 05:18:25.625,235.51,6.781
2025/10/05 05:18:27.014,235.988,6.781
2025/10/05 05:18:28.400,236.518,6.781
2025/10/05 05:18:29.984,237.004,6.781
2025/10/05 05:18:31.340,237.499,6.781
2025/10/05 05:18:32.752,237.944,6.781
2025/10/05 05:18:34.130,238.496,6.781
2025/10/05 05:18:35.490,239.04,6.781
2025/10/05 05:18:36.905,239.504,6.781
2025/10/05 05:18:38.255,240.089,6.781
2025/10/05 05:18:39.630,240.512,6.781
2025/10/05 05:18:40.999,240.973,6.781
2025/10/05 05:18:42.584,241.512,6.781
2025/10/05 05:18:43.967,242.025,6.781
2025/10/05 05:18:45.348,242.487,6.781
2025/10/05 05:18:46.744,242.97,6.781
2025/10/05 05:18:48.321,243.591,6.781
2025/10/05 05:18:49.677,244.005,6.781
2025/10/05 05:18:51.053,244.45,6.781
2025/10/05 05:18:52.434,245.027,6.781
2025/10/05 05:18:53.977,245.519,6.781
2025/10/05 05:18:55.353,246.005,6.781
2025/10/05 05:18:56.783,246.458,6.781
2025/10/05 05:18:58.140,247.095,6.781
2025/10/05 05:19:01.009,229.031,4.877
2025/10/05 05:19:02.373,229.471,4.877
2025/10/05 05:19:03.761,230.003,4.877
2025/10/05 05:19:05.133,230.47,4.877
2025/10/05 05:19:06.684,231.025,4.877
2025/10/05 05:19:08.069,231.544,4.877
2025/10/05 05:19:09.437,232.03,4.877
2025/10/05 05:19:11.008,232.484,4.877
2025/10/05 05:19:12.411,232.978,4.877
2025/10/05 05:19:13.795,233.5,4.877
2025/10/05 05:19:15.136,233.989,4.877
2025/10/05 05:19:16.510,234.5,4.877
2025/10/05 05:19:18.062,234.956,4.877
2025/10/05 05:19:19.419,235.568,4.877
2025/10/05 05:19:20.805,235.966,4.877
2025/10/05 05:19:22.173,236.499,4.877
2025/10/05 05:19:23.563,236.991,4.877
2025/10/05 05:19:25.141,237.507,4.877
2025/10/05 05:19:26.563,237.993,4.877
2025/10/05 05:19:27.957,238.501,4.877
2025/10/05 05:19:29.314,238.974,4.877
2025/10/05 05:19:30.850,239.482,4.877
2025/10/05 05:19:32.259,240.119,4.877
2025/10/05 05:19:33.593,240.468,4.877
2025/10/05 05:19:35.207,241.042,4.877
2025/10/05 05:19:36.677,241.49,4.877
2025/10/05 05:19:38.066,242.017,4.877
2025/10/05 05:19:39.443,242.533,4.877
2025/10/05 05:19:41.031,242.967,4.877
2025/10/05 05:19:42.398,243.511,4.877
2025/10/05 05:19:43.794,244.03,4.877
2025/10/05 05:19:45.187,244.505,4.877
2025/10/05 05:19:46.581,244.997,4.877
2025/10/05 05:19:49.391,229.037,4.292
2025/10/05 05:19:50.754,229.446,4.292
2025/10/05 05:19:52.153,230.001,4.292
2025/10/05 05:19:53.511,230.512,4.292
2025/10/05 05:19:55.078,230.976,4.292
2025/10/05 05:19:56.475,231.487,4.292
2025/10/05 05:19:57.859,232.036,4.292
2025/10/05 05:19:59.213,232.519,4.292
2025/10/05 05:20:00.791,233.027,4.292
2025/10/05 05:20:02.153,233.497,4.292
2025/10/05 05:20:03.519,234.008,4.292
2025/10/05 05:20:05.114,234.45,4.292
2025/10/05 05:20:06.531,234.994,4.292
2025/10/05 05:20:07.891,235.573,4.292
2025/10/05 05:20:09.246,236.007,4.292
2025/10/05 05:20:10.819,236.502,4.292
2025/10/05 05:20:12.217,237.013,4.292
2025/10/05 05:20:13.627,237.504,4.292
2025/10/05 05:20:14.983,237.982,4.292
2025/10/05 05:20:16.550,238.512,4.292
2025/10/05 05:20:17.944,238.998,4.292
2025/10/05 05:20:19.324,239.523,4.292
2025/10/05 05:20:20.728,239.897,4.292
2025/10/05 05:20:22.220,240.564,4.292
2025/10/05 05:20:23.593,241.025,4.292
2025/10/05 05:20:24.972,241.462,4.292
2025/10/05 05:20:26.393,242.058,4.292
2025/10/05 05:20:27.980,242.489,4.292
2025/10/05 05:20:29.376,243.028,4.292
2025/10/05 05:20:30.719,243.508,4.292
2025/10/05 05:20:32.095,243.986,4.292
2025/10/05 05:20:33.692,244.486,4.292
2025/10/05 05:20:35.078,245.019,4.292
2025/10/05 05:20:38.310,223.044,11.211
2025/10/05 05:20:39.739,223.944,11.211
2025/10/05 05:20:41.149,225.018,11.211
2025/10/05 05:20:42.579,225.985,11.211
2025/10/05 05:20:44.044,227.007,11.211
2025/10/05 05:20:45.456,228.078,11.211
2025/10/05 05:20:46.950,229.064,11.211
2025/10/05 05:20:48.557,229.927,11.211
2025/10/05 05:20:50.066,231.022,11.211
2025/10/05 05:20:51.539,231.984,11.211
2025/10/05 05:20:52.982,232.992,11.211
2025/10/05 05:20:54.424,234.016,11.211
2025/10/05 05:20:55.826,235.021,11.211
2025/10/05 05:20:57.205,235.955,11.211
2025/10/05 05:20:58.823,237.092,11.211
2025/10/05 05:21:00.343,237.949,11.211
2025/10/05 05:21:01.753,239.001,11.211
2025/10/05 05:21:03.243,240.001,11.211
2025/10/05 05:21:04.642,241.036,11.211
2025/10/05 05:21:06.064,241.979,11.211
2025/10/05 05:21:07.725,243.011,11.211
2025/10/05 05:21:09.152,244.019,11.211
2025/10/05 05:21:10.641,244.981,11.211
2025/10/05 05:21:12.237,246.03,11.211
2025/10/05 05:21:13.807,246.931,11.211
2025/10/05 05:21:15.235,248.043,11.211
2025/10/05 05:21:16.857,249.026,11.211
2025/10/05 05:21:18.264,249.968,11.211
2025/10/05 05:21:19.780,251.001,11.211
2025/10/05 05:21:22.870,227.001,6.781
2025/10/05 05:21:24.233,227.482,6.781
2025/10/05 05:21:25.622,228.007,6.781
2025/10/05 05:21:27.258,228.479,6.781
2025/10/05 05:21:28.644,229.05,6.781
2025/10/05 05:21:30.043,229.498,6.781
2025/10/05 05:21:31.392,230.053,6.781
2025/10/05 05:21:32.959,230.454,6.781
2025/10/05 05:21:34.375,230.998,6.781
2025/10/05 05:21:35.745,231.5,6.781
2025/10/05 05:21:37.131,231.989,6.781
2025/10/05 05:21:38.722,232.53,6.781
2025/10/05 05:21:40.105,232.959,6.781
2025/10/05 05:21:41.516,233.53,6.781
2025/10/05 05:21:42.842,234.022,6.781
2025/10/05 05:21:44.406,234.461,6.781
2025/10/05 05:21:45.788,234.977,6.781
2025/10/05 05:21:47.155,235.562,6.781
2025/10/05 05:21:48.512,236.002,6.781
2025/10/05 05:21:50.078,236.458,6.781
2025/10/05 05:21:51.482,237.018,6.781
2025/10/05 05:21:52.885,237.488,6.781
2025/10/05 05:21:54.291,237.985,6.781
2025/10/05 05:21:55.887,238.537,6.781
2025/10/05 05:21:57.252,238.993,6.781
2025/10/05 05:21:58.606,239.52,6.781
2025/10/05 05:22:00.010,239.965,6.781
2025/10/05 05:22:01.553,240.504,6.781
2025/10/05 05:22:02.955,241.017,6.781
2025/10/05 05:22:04.314,241.484,6.781
2025/10/05 05:22:05.674,241.995,6.781
2025/10/05 05:22:07.211,242.473,6.781
2025/10/05 05:22:08.619,243.039,6.781
2025/10/05 05:22:09.974,243.514,6.781
2025/10/05 05:22:11.359,243.989,6.781
2025/10/05 05:22:12.972,244.541,6.781
2025/10/05 05:22:14.360,245.033,6.781
2025/10/05 05:22:15.718,245.461,6.781
2025/10/05 05:22:17.063,246.021,6.781
2025/10/05 05:22:18.617,246.494,6.781
2025/10/05 05:22:20.022,246.972,6.781
2025/10/05 05:22:22.837,229.039,4.88
2025/10/05 05:22:24.511,229.484,4.88
2025/10/05 05:22:25.904,229.981,4.88
2025/10/05 05:22:27.278,230.536,4.88
2025/10/05 05:22:28.641,231.003,4.88
2025/10/05 05:22:30.188,231.487,4.88
2025/10/05 05:22:31.609,231.997,4.88
2025/10/05 05:22:32.972,232.492,4.88
2025/10/05 05:22:34.328,233.033,4.88
2025/10/05 05:22:35.915,233.475,4.88
2025/10/05 05:22:37.307,234.14,4.88
2025/10/05 05:22:38.703,234.423,4.88
2025/10/05 05:22:40.088,235.021,4.88
2025/10/05 05:22:41.497,235.453,4.88
2025/10/05 05:22:43.157,236.043,4.88
2025/10/05 05:22:44.570,236.494,4.88
2025/10/05 05:22:45.940,236.95,4.88
2025/10/05 05:22:47.304,237.554,4.88
2025/10/05 05:22:48.664,237.999,4.88
2025/10/05 05:22:50.229,238.515,4.88
2025/10/05 05:22:51.649,238.957,4.88
2025/10/05 05:22:53.024,239.509,4.88
2025/10/05 05:22:54.389,240.028,4.88
2025/10/05 05:22:56.049,240.446,4.88
2025/10/05 05:22:57.433,241.075,4.88
2025/10/05 05:22:58.825,241.495,4.88
2025/10/05 05:23:00.422,242.025,4.88
2025/10/05 05:23:01.825,242.544,4.88
2025/10/05 05:23:03.172,242.948,4.88
2025/10/05 05:23:04.599,243.495,4.88
2025/10/05 05:23:06.172,244.022,4.88
2025/10/05 05:23:07.556,244.426,4.88
2025/10/05 05:23:08.918,245.013,4.88
2025/10/05 05:23:11.432,229.028,4.284
2025/10/05 05:23:13.032,229.471,4.284
2025/10/05 05:23:14.397,230.012,4.284
2025/10/05 05:23:15.795,230.484,4.284
2025/10/05 05:23:17.381,231.039,4.284
2025/10/05 05:23:18.781,231.498,4.284
2025/10/05 05:23:20.234,231.989,4.284
2025/10/05 05:23:21.582,232.475,4.284
2025/10/05 05:23:22.982,233.052,4.284
2025/10/05 05:23:24.358,233.475,4.284
2025/10/05 05:23:25.779,233.997,4.284
2025/10/05 05:23:27.151,234.502,4.284
2025/10/05 05:23:28.497,235.046,4.284
2025/10/05 05:23:30.078,235.524,4.284
2025/10/05 05:23:31.446,235.996,4.284
2025/10/05 05:23:32.808,236.518,4.284
2025/10/05 05:23:34.416,237.002,4.284
2025/10/05 05:23:35.818,237.499,4.284
2025/10/05 05:23:37.177,237.977,4.284
2025/10/05 05:23:38.571,238.592,4.284
2025/10/05 05:23:40.013,238.913,4.284
2025/10/05 05:23:41.382,239.482,4.284
2025/10/05 05:23:42.784,240.017,4.284
2025/10/05 05:23:44.171,240.52,4.284
2025/10/05 05:23:45.529,240.995,4.284
2025/10/05 05:23:47.106,241.534,4.284
2025/10/05 05:23:48.485,242.006,4.284
2025/10/05 05:23:49.895,242.487,4.284
2025/10/05 05:23:51.473,243.019,4.284
2025/10/05 05:23:52.878,243.492,4.284
2025/10/05 05:23:54.244,244.016,4.284
2025/10/05 05:23:55.612,244.481,4.284
2025/10/05 05:23:57.053,245.002,4.284
2025/10/05 05:24:00.003,223.044,11.208
2025/10/05 05:24:01.633,223.914,11.208
2025/10/05 05:24:03.089,225.027,11.208
2025/10/05 05:24:04.512,226.015,11.208
2025/10/05 05:24:05.956,227.015,11.208
2025/10/05 05:24:07.358,228.02,11.208
2025/10/05 05:24:08.754,228.993,11.208
2025/10/05 05:24:10.186,230.042,11.208
2025/10/05 05:24:11.768,230.995,11.208
2025/10/05 05:24:13.167,231.975,11.208
2025/10/05 05:24:14.592,233.044,11.208
2025/10/05 05:24:16.195,233.931,11.208
2025/10/05 05:24:17.623,235.013,11.208
2025/10/05 05:24:19.043,235.988,11.208
2025/10/05 05:24:20.465,237.035,11.208
2025/10/05 05:24:22.148,237.96,11.208
2025/10/05 05:24:23.668,238.982,11.208
2025/10/05 05:24:25.257,240.037,11.208
2025/10/05 05:24:26.666,241.02,11.208
2025/10/05 05:24:28.099,241.976,11.208
2025/10/05 05:24:29.488,243.121,11.208
2025/10/05 05:24:31.109,243.94,11.208
2025/10/05 05:24:32.511,245.03,11.208
2025/10/05 05:24:33.927,245.997,11.208
2025/10/05 05:24:35.565,246.988,11.208
2025/10/05 05:24:37.087,247.999,11.208
2025/10/05 05:24:38.815,249.043,11.208
2025/10/05 05:24:40.239,249.946,11.208
2025/10/05 05:24:41.652,250.99,11.208
2025/10/05 05:24:44.633,227.059,6.781
2025/10/05 05:24:46.023,227.446,6.781
2025/10/05 05:24:47.402,228.048,6.781
2025/10/05 05:24:48.772,228.482,6.781
2025/10/05 05:24:50.342,229.006,6.781
2025/10/05 05:24:51.727,229.512,6.781
2025/10/05 05:24:53.114,230.009,6.781
2025/10/05 05:24:54.495,230.523,6.781
2025/10/05 05:24:56.095,230.995,6.781
2025/10/05 05:24:57.472,231.552,6.781
2025/10/05 05:24:58.862,231.986,6.781
2025/10/05 05:25:00.462,232.486,6.781
2025/10/05 05:25:01.858,233.005,6.781
2025/10/05 05:25:03.248,233.503,6.781
2025/10/05 05:25:04.611,233.997,6.781
2025/10/05 05:25:05.988,234.483,6.781
2025/10/05 05:25:07.395,235.021,6.781
2025/10/05 05:25:08.756,235.508,6.781
2025/10/05 05:25:10.182,235.999,6.781
2025/10/05 05:25:11.551,236.507,6.781
2025/10/05 05:25:13.094,236.958,6.781
2025/10/05 05:25:14.510,237.529,6.781
2025/10/05 05:25:15.857,238.021,6.781
2025/10/05 05:25:17.498,238.51,6.781
2025/10/05 05:25:18.867,239.015,6.781
2025/10/05 05:25:20.257,239.501,6.781
2025/10/05 05:25:21.637,240.07,6.781
2025/10/05 05:25:23.216,240.479,6.781
2025/10/05 05:25:24.581,240.976,6.781
2025/10/05 05:25:25.927,241.61,6.781
2025/10/05 05:25:27.504,241.987,6.781
2025/10/05 05:25:28.877,242.399,6.781
2025/10/05 05:25:30.319,242.973,6.781
2025/10/05 05:25:31.683,243.629,6.781
2025/10/05 05:25:33.266,243.898,6.781
2025/10/05 05:25:34.643,244.555,6.781
2025/10/05 05:25:36.029,244.964,6.781
2025/10/05 05:25:37.418,245.527,6.781
2025/10/05 05:25:38.794,245.975,6.781
2025/10/05 05:25:40.200,246.486,6.781
2025/10/05 05:25:41.600,247.029,6.781
2025/10/05 05:25:44.292,229.05,4.88
2025/10/05 05:25:45.838,229.517,4.88
2025/10/05 05:25:47.211,229.968,4.88
2025/10/05 05:25:48.577,230.49,4.88
2025/10/05 05:25:49.944,231.069,4.88
2025/10/05 05:25:51.572,231.473,4.88
2025/10/05 05:25:52.941,232.008,4.88
2025/10/05 05:25:54.293,232.508,4.88
2025/10/05 05:25:55.684,233.0,4.88
2025/10/05 05:25:57.242,233.434,4.88
2025/10/05 05:25:58.680,233.989,4.88
2025/10/05 05:26:00.022,234.582,4.88
2025/10/05 05:26:01.399,234.936,4.88
2025/10/05 05:26:02.762,235.546,4.88
2025/10/05 05:26:04.160,236.09,4.88
2025/10/05 05:26:05.501,236.469,4.88
2025/10/05 05:26:06.885,236.958,4.88
2025/10/05 05:26:08.279,237.532,4.88
2025/10/05 05:26:09.856,237.966,4.88
2025/10/05 05:26:11.231,238.501,4.88
2025/10/05 05:26:12.579,239.018,4.88
2025/10/05 05:26:13.947,239.507,4.88
2025/10/05 05:26:15.530,239.976,4.88
2025/10/05 05:26:16.904,240.515,4.88
2025/10/05 05:26:18.277,240.99,4.88
2025/10/05 05:26:19.668,241.512,4.88
2025/10/05 05:26:21.044,241.987,4.88
2025/10/05 05:26:22.437,242.511,4.88
2025/10/05 05:26:23.826,242.997,4.88
2025/10/05 05:26:25.203,243.489,4.88
2025/10/05 05:26:26.582,243.973,4.88
2025/10/05 05:26:28.158,244.478,4.88
2025/10/05 05:26:29.521,245.008,4.88
2025/10/05 05:26:32.051,229.05,4.284
2025/10/05 05:26:33.737,229.501,4.284
2025/10/05 05:26:35.125,229.97,4.284
2025/10/05 05:26:36.480,230.481,4.284
2025/10/05 05:26:37.847,231.055,4.284
2025/10/05 05:26:39.418,231.476,4.284
2025/10/05 05:26:40.805,232.022,4.284
2025/10/05 05:26:42.174,232.566,4.284
2025/10/05 05:26:43.597,232.926,4.284
2025/10/05 05:26:45.175,233.56,4.284
2025/10/05 05:26:46.551,234.011,4.284
2025/10/05 05:26:47.919,234.505,4.284
2025/10/05 05:26:49.520,234.958,4.284
2025/10/05 05:26:50.932,235.505,4.284
2025/10/05 05:26:52.294,236.038,4.284
2025/10/05 05:26:53.640,236.513,4.284
2025/10/05 05:26:55.003,237.018,4.284
2025/10/05 05:26:56.556,237.513,4.284
2025/10/05 05:26:57.937,237.99,4.284
2025/10/05 05:26:59.338,238.51,4.284
2025/10/05 05:27:00.701,238.941,4.284
2025/10/05 05:27:02.075,239.52,4.284
2025/10/05 05:27:03.681,239.987,4.284
2025/10/05 05:27:05.077,240.482,4.284
2025/10/05 05:27:06.450,241.02,4.284
2025/10/05 05:27:07.806,241.528,4.284
2025/10/05 05:27:09.215,241.959,4.284
2025/10/05 05:27:10.592,242.509,4.284
2025/10/05 05:27:11.967,243.014,4.284
2025/10/05 05:27:13.335,243.539,4.284
2025/10/05 05:27:14.899,243.978,4.284
2025/10/05 05:27:16.337,244.511,4.284
2025/10/05 05:27:17.682,245.016,4.284
2025/10/05 05:27:20.950,222.994,11.208
2025/10/05 05:27:22.366,223.898,11.208
2025/10/05 05:27:23.796,225.018,11.208
2025/10/05 05:27:25.222,225.966,11.208
2025/10/05 05:27:26.804,227.023,11.208
2025/10/05 05:27:28.227,228.029,11.208
2025/10/05 05:27:29.653,229.015,11.208
2025/10/05 05:27:31.055,229.987,11.208
2025/10/05 05:27:32.497,231.022,11.208
2025/10/05 05:27:33.913,231.986,11.208
2025/10/05 05:27:35.332,233.038,11.208
2025/10/05 05:27:36.946,233.991,11.208
2025/10/05 05:27:38.365,235.027,11.208
2025/10/05 05:27:39.783,235.999,11.208
2025/10/05 05:27:41.392,237.004,11.208
2025/10/05 05:27:42.827,238.021,11.208
2025/10/05 05:27:44.263,239.009,11.208
2025/10/05 05:27:45.651,239.979,11.208
2025/10/05 05:27:47.288,241.017,11.208
2025/10/05 05:27:48.722,242.058,11.208
2025/10/05 05:27:50.126,242.976,11.208
2025/10/05 05:27:51.703,243.992,11.208
2025/10/05 05:27:53.136,245.03,11.208
2025/10/05 05:27:54.541,245.997,11.208
2025/10/05 05:27:56.188,246.997,11.208
2025/10/05 05:27:57.623,248.015,11.208
2025/10/05 05:27:59.001,249.015,11.208
2025/10/05 05:28:00.649,249.988,11.208
2025/10/05 05:28:02.071,251.001,11.208
2025/10/05 05:28:05.213,227.037,6.784
2025/10/05 05:28:06.668,227.438,6.784
2025/10/05 05:28:08.335,228.031,6.784
2025/10/05 05:28:09.886,228.454,6.784
2025/10/05 05:28:11.245,229.05,6.784
2025/10/05 05:28:12.612,229.523,6.784
2025/10/05 05:28:14.212,229.976,6.784
2025/10/05 05:28:15.599,230.531,6.784
2025/10/05 05:28:16.970,230.978,6.784
2025/10/05 05:28:18.546,231.467,6.784
2025/10/05 05:28:19.959,232.044,6.784
2025/10/05 05:28:21.331,232.481,6.784
2025/10/05 05:28:22.712,232.983,6.784
2025/10/05 05:28:24.114,233.514,6.784
2025/10/05 05:28:25.730,233.991,6.784
2025/10/05 05:28:27.111,234.538,6.784
2025/10/05 05:28:28.511,234.95,6.784
2025/10/05 05:28:29.889,235.45,6.784
2025/10/05 05:28:31.466,236.013,6.784
2025/10/05 05:28:32.852,236.543,6.784
2025/10/05 05:28:34.230,236.963,6.784
2025/10/05 05:28:35.607,237.526,6.784
2025/10/05 05:28:37.176,238.037,6.784
2025/10/05 05:28:38.554,238.466,6.784
2025/10/05 05:28:39.922,238.985,6.784
2025/10/05 05:28:41.279,239.548,6.784
2025/10/05 05:28:42.855,240.004,6.784
2025/10/05 05:28:44.257,240.427,6.784
2025/10/05 05:28:45.632,241.039,6.784
2025/10/05 05:28:46.985,241.473,6.784
2025/10/05 05:28:48.555,242.066,6.784
2025/10/05 05:28:49.938,242.396,6.784
2025/10/05 05:28:51.334,242.997,6.784
2025/10/05 05:28:52.705,243.547,6.784
2025/10/05 05:28:54.068,243.931,6.784
2025/10/05 05:28:55.553,244.456,6.784
2025/10/05 05:28:56.930,245.071,6.784
2025/10/05 05:28:58.299,245.447,6.784
2025/10/05 05:28:59.674,246.01,6.784
2025/10/05 05:29:01.294,246.428,6.784
2025/10/05 05:29:02.700,246.988,6.784
2025/10/05 05:29:05.650,229.037,4.883
2025/10/05 05:29:07.036,229.512,4.883
2025/10/05 05:29:08.387,230.017,4.883
2025/10/05 05:29:09.773,230.484,4.883
2025/10/05 05:29:11.136,230.984,4.883
2025/10/05 05:29:12.561,231.509,4.883
2025/10/05 05:29:13.949,232.03,4.883
2025/10/05 05:29:15.347,232.503,4.883
2025/10/05 05:29:16.758,233.008,4.883
2025/10/05 05:29:18.268,233.508,4.883
2025/10/05 05:29:19.669,233.98,4.883
2025/10/05 05:29:21.025,234.478,4.883
2025/10/05 05:29:22.408,235.038,4.883
2025/10/05 05:29:23.983,235.497,4.883
2025/10/05 05:29:25.402,235.931,4.883
2025/10/05 05:29:26.793,236.554,4.883
2025/10/05 05:29:28.171,237.002,4.883
2025/10/05 05:29:29.562,237.496,4.883
2025/10/05 05:29:31.155,237.999,4.883
2025/10/05 05:29:32.582,238.493,4.883
2025/10/05 05:29:33.963,238.971,4.883
2025/10/05 05:29:35.344,239.512,4.883
2025/10/05 05:29:36.939,239.957,4.883
2025/10/05 05:29:38.356,240.602,4.883
2025/10/05 05:29:39.702,240.998,4.883
2025/10/05 05:29:41.091,241.468,4.883
2025/10/05 05:29:42.651,242.009,4.883
2025/10/05 05:29:44.061,242.531,4.883
2025/10/05 05:29:45.419,242.989,4.883
2025/10/05 05:29:46.791,243.47,4.883
2025/10/05 05:29:48.396,244.025,4.883
2025/10/05 05:29:49.775,244.536,4.883
2025/10/05 05:29:51.142,244.978,4.883
2025/10/05 05:29:53.702,228.973,4.281
2025/10/05 05:29:55.294,229.438,4.281
2025/10/05 05:29:56.675,230.012,4.281
2025/10/05 05:29:58.039,230.492,4.281
2025/10/05 05:29:59.387,231.02,4.281
2025/10/05 05:30:00.738,231.536,4.281
2025/10/05 05:30:02.346,231.945,4.281
2025/10/05 05:30:03.688,232.53,4.281
2025/10/05 05:30:05.069,233.003,4.281
2025/10/05 05:30:06.440,233.456,4.281
2025/10/05 05:30:08.008,234.011,4.281
2025/10/05 05:30:09.408,234.505,4.281
2025/10/05 05:30:10.800,234.997,4.281
2025/10/05 05:30:12.200,235.483,4.281
2025/10/05 05:30:13.760,236.065,4.281
2025/10/05 05:30:15.140,236.469,4.281
2025/10/05 05:30:16.547,237.002,4.281
2025/10/05 05:30:17.887,237.458,4.281
2025/10/05 05:30:19.298,238.078,4.281
2025/10/05 05:30:20.695,238.43,4.281
2025/10/05 05:30:22.066,239.037,4.281
2025/10/05 05:30:23.441,239.493,4.281
2025/10/05 05:30:25.029,240.037,4.281
2025/10/05 05:30:26.454,240.46,4.281
2025/10/05 05:30:27.834,241.058,4.281
2025/10/05 05:30:29.201,241.498,4.281
2025/10/05 05:30:30.784,241.992,4.281
2025/10/05 05:30:32.167,242.533,4.281
2025/10/05 05:30:33.525,242.97,4.281
2025/10/05 05:30:34.873,243.533,4.281
2025/10/05 05:30:36.329,243.901,4.281
2025/10/05 05:30:37.726,244.552,4.281
2025/10/05 05:30:39.083,244.986,4.281
2025/10/05 05:30:42.276,223.016,11.211
2025/10/05 05:30:43.704,223.892,11.211
2025/10/05 05:30:45.123,225.024,11.211
2025/10/05 05:30:46.819,226.046,11.211
2025/10/05 05:30:48.228,226.963,11.211
2025/10/05 05:30:49.651,228.001,11.211
2025/10/05 05:30:51.287,228.998,11.211
2025/10/05 05:30:52.718,230.023,11.211
2025/10/05 05:30:54.104,230.978,11.211
2025/10/05 05:30:55.705,232.044,11.211
2025/10/05 05:30:57.114,232.997,11.211
2025/10/05 05:30:58.540,234.046,11.211
2025/10/05 05:30:59.940,234.934,11.211
2025/10/05 05:31:01.412,236.057,11.211
2025/10/05 05:31:02.838,236.961,11.211
2025/10/05 05:31:04.308,238.054,11.211
2025/10/05 05:31:05.907,238.968,11.211
2025/10/05 05:31:07.351,239.987,11.211
2025/10/05 05:31:08.776,241.031,11.211
2025/10/05 05:31:10.162,242.011,11.211
2025/10/05 05:31:11.630,243.033,11.211
2025/10/05 05:31:13.048,243.923,11.211
2025/10/05 05:31:14.490,245.046,11.211
2025/10/05 05:31:16.096,245.989,11.211
2025/10/05 05:31:17.530,247.043,11.211
2025/10/05 05:31:18.974,248.007,11.211
2025/10/05 05:31:20.569,249.002,11.211
2025/10/05 05:31:22.019,250.007,11.211
2025/10/05 05:31:23.438,251.059,11.211
2025/10/05 05:31:26.452,227.045,6.784
2025/10/05 05:31:27.818,227.466,6.784
2025/10/05 05:31:29.187,228.026,6.784
2025/10/05 05:31:30.740,228.509,6.784
2025/10/05 05:31:32.103,229.026,6.784
2025/10/05 05:31:33.523,229.421,6.784
2025/10/05 05:31:34.936,230.094,6.784
2025/10/05 05:31:36.357,230.484,6.784
2025/10/05 05:31:37.757,231.022,6.784
2025/10/05 05:31:39.091,231.476,6.784
2025/10/05 05:31:40.484,231.967,6.784
2025/10/05 05:31:42.084,232.53,6.784
2025/10/05 05:31:43.496,232.989,6.784
2025/10/05 05:31:44.863,233.486,6.784
2025/10/05 05:31:46.210,234.0,6.784
2025/10/05 05:31:47.777,234.535,6.784
2025/10/05 05:31:49.181,234.953,6.784
2025/10/05 05:31:50.584,235.552,6.784
2025/10/05 05:31:51.947,236.007,6.784
2025/10/05 05:31:53.334,236.562,6.784
2025/10/05 05:31:54.693,236.95,6.784
2025/10/05 05:31:56.053,237.452,6.784
2025/10/05 05:31:57.420,238.051,6.784
2025/10/05 05:31:58.783,238.43,6.784
2025/10/05 05:32:00.323,239.012,6.784
2025/10/05 05:32:01.736,239.479,6.784
2025/10/05 05:32:03.062,240.009,6.784
2025/10/05 05:32:04.419,240.429,6.784
2025/10/05 05:32:06.018,241.034,6.784
2025/10/05 05:32:07.397,241.506,6.784
2025/10/05 05:32:08.785,241.97,6.784
2025/10/05 05:32:10.150,242.561,6.784
2025/10/05 05:32:11.672,242.882,6.784
2025/10/05 05:32:13.067,243.492,6.784
2025/10/05 05:32:14.449,243.997,6.784
2025/10/05 05:32:15.805,244.503,6.784
2025/10/05 05:32:17.390,245.013,6.784
2025/10/05 05:32:18.825,245.527,6.784
2025/10/05 05:32:20.201,246.03,6.784
2025/10/05 05:32:21.575,246.502,6.784
2025/10/05 05:32:23.182,247.109,6.784
2025/10/05 05:32:25.861,229.031,4.883
2025/10/05 05:32:27.266,229.454,4.883
2025/10/05 05:32:28.664,230.064,4.883
2025/10/05 05:32:30.017,230.476,4.883
2025/10/05 05:32:31.381,231.0,4.883
2025/10/05 05:32:32.948,231.478,4.883
2025/10/05 05:32:34.353,232.033,4.883
2025/10/05 05:32:35.720,232.497,4.883
2025/10/05 05:32:37.110,233.0,4.883
2025/10/05 05:32:38.692,233.53,4.883
2025/10/05 05:32:40.127,234.011,4.883
2025/10/05 05:32:41.492,234.497,4.883
2025/10/05 05:32:42.852,234.98,4.883
2025/10/05 05:32:44.243,235.469,4.883
2025/10/05 05:32:45.793,236.032,4.883
2025/10/05 05:32:47.153,236.516,4.883
2025/10/05 05:32:48.552,236.991,4.883
2025/10/05 05:32:49.912,237.488,4.883
2025/10/05 05:32:51.500,237.993,4.883
2025/10/05 05:32:52.892,238.504,4.883
2025/10/05 05:32:54.269,239.012,4.883
2025/10/05 05:32:55.663,239.479,4.883
2025/10/05 05:32:57.004,240.05,4.883
2025/10/05 05:32:58.570,240.512,4.883
2025/10/05 05:33:00.017,240.971,4.883
2025/10/05 05:33:01.407,241.542,4.883
2025/10/05 05:33:02.780,241.965,4.883
2025/10/05 05:33:04.356,242.511,4.883
2025/10/05 05:33:06.776,243.025,4.883
2025/10/05 05:33:08.182,243.445,4.883
2025/10/05 05:33:09.538,244.027,4.883
2025/10/05 05:33:11.158,244.503,4.883
2025/10/05 05:33:12.514,244.986,4.883
2025/10/05 05:33:15.086,229.02,4.284
2025/10/05 05:33:16.481,229.435,4.284
2025/10/05 05:33:18.039,230.028,4.284
2025/10/05 05:33:19.442,230.52,4.284
2025/10/05 05:33:20.805,230.992,4.284
2025/10/05 05:33:22.151,231.514,4.284
2025/10/05 05:33:23.688,232.036,4.284
2025/10/05 05:33:25.057,232.508,4.284
2025/10/05 05:33:26.458,232.994,4.284
2025/10/05 05:33:27.843,233.494,4.284
2025/10/05 05:33:29.455,234.027,4.284
2025/10/05 05:33:30.804,234.535,4.284
2025/10/05 05:33:32.173,234.934,4.284
2025/10/05 05:33:33.560,235.535,4.284
2025/10/05 05:33:35.171,235.944,4.284
2025/10/05 05:33:36.600,236.494,4.284
2025/10/05 05:33:37.991,236.966,4.284
2025/10/05 05:33:39.351,237.559,4.284
2025/10/05 05:33:40.957,237.993,4.284
2025/10/05 05:33:42.343,238.488,4.284
2025/10/05 05:33:43.725,238.99,4.284
2025/10/05 05:33:45.089,239.501,4.284
2025/10/05 05:33:46.614,239.995,4.284
2025/10/05 05:33:47.990,240.526,4.284
2025/10/05 05:33:49.353,240.995,4.284
2025/10/05 05:33:50.738,241.476,4.284
2025/10/05 05:33:52.319,242.036,4.284
2025/10/05 05:33:53.714,242.445,4.284
2025/10/05 05:33:55.063,243.03,4.284
2025/10/05 05:33:56.444,243.459,4.284
2025/10/05 05:33:58.025,244.008,4.284
2025/10/05 05:33:59.449,244.439,4.284
2025/10/05 05:34:00.836,245.071,4.284
2025/10/05 05:34:03.808,223.044,11.211
2025/10/05 05:34:05.199,224.032,11.211
2025/10/05 05:34:06.837,225.002,11.211
2025/10/05 05:34:08.267,225.98,11.211
2025/10/05 05:34:09.708,227.01,11.211
2025/10/05 05:34:11.376,228.034,11.211
2025/10/05 05:34:12.792,228.984,11.211
2025/10/05 05:34:14.253,230.009,11.211
2025/10/05 05:34:15.851,231.003,11.211
2025/10/05 05:34:17.279,232.025,11.211
2025/10/05 05:34:18.753,232.981,11.211
2025/10/05 05:34:20.386,234.03,11.211
2025/10/05 05:34:21.824,235.005,11.211
2025/10/05 05:34:23.297,236.002,11.211
2025/10/05 05:34:24.954,237.018,11.211
2025/10/05 05:34:26.364,237.933,11.211
2025/10/05 05:34:27.792,239.045,11.211
2025/10/05 05:34:29.436,240.012,11.211
2025/10/05 05:34:30.887,241.034,11.211
2025/10/05 05:34:32.278,241.973,11.211
2025/10/05 05:34:33.897,243.025,11.211
2025/10/05 05:34:35.317,244.038,11.211
2025/10/05 05:34:36.717,244.978,11.211
2025/10/05 05:34:38.361,246.0,11.211
2025/10/05 05:34:39.802,247.013,11.211
2025/10/05 05:34:41.207,248.024,11.211
2025/10/05 05:34:42.841,248.947,11.211
2025/10/05 05:34:44.270,250.056,11.211
2025/10/05 05:34:45.643,251.037,11.211
2025/10/05 05:34:48.662,227.056,6.781
2025/10/05 05:34:50.044,227.542,6.781
2025/10/05 05:34:51.417,227.954,6.781
2025/10/05 05:34:52.781,228.523,6.781
2025/10/05 05:34:54.385,229.004,6.781
2025/10/05 05:34:55.743,229.545,6.781
2025/10/05 05:34:57.135,229.976,6.781
2025/10/05 05:34:58.526,230.553,6.781
2025/10/05 05:35:00.083,230.984,6.781
2025/10/05 05:35:01.467,231.52,6.781
2025/10/05 05:35:02.822,231.995,6.781
2025/10/05 05:35:04.186,232.53,6.781
2025/10/05 05:35:05.542,232.972,6.781
2025/10/05 05:35:07.139,233.489,6.781
2025/10/05 05:35:08.499,234.008,6.781
2025/10/05 05:35:09.881,234.502,6.781
2025/10/05 05:35:11.293,234.994,6.781
2025/10/05 05:35:12.846,235.53,6.781
2025/10/05 05:35:14.244,235.983,6.781
2025/10/05 05:35:15.618,236.518,6.781
2025/10/05 05:35:17.020,236.991,6.781
2025/10/05 05:35:18.566,237.543,6.781
2025/10/05 05:35:20.003,237.971,6.781
2025/10/05 05:35:21.376,238.49,6.781
2025/10/05 05:35:22.763,238.966,6.781
2025/10/05 05:35:24.385,239.52,6.781
2025/10/05 05:35:25.761,240.037,6.781
2025/10/05 05:35:27.141,240.487,6.781
2025/10/05 05:35:28.483,241.061,6.781
2025/10/05 05:35:30.071,241.473,6.781
2025/10/05 05:35:31.467,242.031,6.781
2025/10/05 05:35:32.821,242.465,6.781
2025/10/05 05:35:34.224,242.989,6.781
2025/10/05 05:35:35.757,243.519,6.781
2025/10/05 05:35:37.176,244.011,6.781
2025/10/05 05:35:38.580,244.511,6.781
2025/10/05 05:35:40.188,245.011,6.781
2025/10/05 05:35:41.573,245.513,6.781
2025/10/05 05:35:42.935,245.975,6.781
2025/10/05 05:35:44.304,246.491,6.781
2025/10/05 05:35:45.680,247.016,6.781
2025/10/05 05:35:48.651,228.993,4.877
2025/10/05 05:35:50.019,229.501,4.877
2025/10/05 05:35:51.422,230.012,4.877
2025/10/05 05:35:52.772,230.569,4.877
2025/10/05 05:35:54.363,230.959,4.877
2025/10/05 05:35:55.747,231.509,4.877
2025/10/05 05:35:57.120,232.008,4.877
2025/10/05 05:35:58.703,232.511,4.877
2025/10/05 05:36:00.068,233.014,4.877
2025/10/05 05:36:01.448,233.494,4.877
2025/10/05 05:36:02.803,234.011,4.877
2025/10/05 05:36:04.175,234.5,4.877
2025/10/05 05:36:05.836,235.038,4.877
2025/10/05 05:36:07.238,235.436,4.877
2025/10/05 05:36:08.602,236.027,4.877
2025/10/05 05:36:09.976,236.538,4.877
2025/10/05 05:36:11.337,236.969,4.877
2025/10/05 05:36:12.781,237.433,4.877
2025/10/05 05:36:14.151,238.059,4.877
2025/10/05 05:36:15.508,238.515,4.877
2025/10/05 05:36:16.898,238.963,4.877
2025/10/05 05:36:18.490,239.512,4.877
2025/10/05 05:36:19.861,240.072,4.877
2025/10/05 05:36:21.227,240.465,4.877
2025/10/05 05:36:22.808,240.984,4.877
2025/10/05 05:36:24.209,241.479,4.877
2025/10/05 05:36:25.567,242.033,4.877
2025/10/05 05:36:26.952,242.462,4.877
2025/10/05 05:36:28.326,242.973,4.877
2025/10/05 05:36:29.994,243.53,4.877
2025/10/05 05:36:31.391,243.959,4.877
2025/10/05 05:36:32.775,244.56,4.877
2025/10/05 05:36:34.142,244.97,4.877
2025/10/05 05:36:36.984,229.045,4.287
2025/10/05 05:36:38.350,229.495,4.287
2025/10/05 05:36:39.776,229.97,4.287
2025/10/05 05:36:41.408,230.468,4.287
2025/10/05 05:36:42.796,231.003,4.287
2025/10/05 05:36:44.175,231.569,4.287
2025/10/05 05:36:45.632,231.923,4.287
2025/10/05 05:36:47.220,232.514,4.287
2025/10/05 05:36:48.634,233.005,4.287
2025/10/05 05:36:49.997,233.505,4.287
2025/10/05 05:36:51.363,233.964,4.287
2025/10/05 05:36:52.943,234.497,4.287
2025/10/05 05:36:54.337,235.057,4.287
2025/10/05 05:36:55.720,235.469,4.287
2025/10/05 05:36:57.049,236.049,4.287
2025/10/05 05:36:58.397,236.483,4.287
2025/10/05 05:36:59.826,237.007,4.287
2025/10/05 05:37:01.227,237.48,4.287
2025/10/05 05:37:02.630,237.979,4.287
2025/10/05 05:37:03.997,238.551,4.287
2025/10/05 05:37:05.612,239.056,4.287
2025/10/05 05:37:06.978,239.465,4.287
2025/10/05 05:37:08.433,240.001,4.287
2025/10/05 05:37:10.014,240.495,4.287
2025/10/05 05:37:11.405,240.951,4.287
2025/10/05 05:37:12.779,241.586,4.287
2025/10/05 05:37:14.131,241.984,4.287
2025/10/05 05:37:15.717,242.522,4.287
2025/10/05 05:37:17.089,242.981,4.287
2025/10/05 05:37:18.433,243.514,4.287
2025/10/05 05:37:19.832,244.011,4.287
2025/10/05 05:37:21.210,244.53,4.287
2025/10/05 05:37:22.798,245.0,4.287
2025/10/05 05:37:26.094,223.038,11.208
2025/10/05 05:37:27.500,223.953,11.208
2025/10/05 05:37:28.928,225.029,11.208
2025/10/05 05:37:30.309,226.032,11.208
2025/10/05 05:37:31.835,226.935,11.208
2025/10/05 05:37:33.251,228.034,11.208
2025/10/05 05:37:34.640,229.034,11.208
2025/10/05 05:37:36.239,229.992,11.208
2025/10/05 05:37:37.667,230.989,11.208
2025/10/05 05:37:39.068,231.995,11.208
2025/10/05 05:37:40.670,233.027,11.208
2025/10/05 05:37:42.138,233.948,11.208
2025/10/05 05:37:43.548,235.002,11.208
2025/10/05 05:37:45.033,236.024,11.208
2025/10/05 05:37:46.630,236.991,11.208
2025/10/05 05:37:48.047,238.018,11.208
2025/10/05 05:37:49.552,238.996,11.208
2025/10/05 05:37:51.157,240.061,11.208
2025/10/05 05:37:52.568,240.929,11.208
2025/10/05 05:37:53.998,241.995,11.208
2025/10/05 05:37:55.413,243.006,11.208
2025/10/05 05:37:57.043,244.03,11.208
2025/10/05 05:37:58.447,244.97,11.208
2025/10/05 05:37:59.919,246.024,11.208
2025/10/05 05:38:01.561,246.999,11.208
2025/10/05 05:38:02.993,247.994,11.208
2025/10/05 05:38:04.427,249.023,11.208
2025/10/05 05:38:06.328,250.045,11.208
2025/10/05 05:38:07.733,250.935,11.208
2025/10/05 05:38:10.899,227.045,6.781
2025/10/05 05:38:12.295,227.477,6.781
2025/10/05 05:38:13.681,228.001,6.781
2025/10/05 05:38:15.057,228.49,6.781
2025/10/05 05:38:16.505,229.004,6.781
2025/10/05 05:38:17.872,229.515,6.781
2025/10/05 05:38:19.310,230.006,6.781
2025/10/05 05:38:20.701,230.506,6.781
2025/10/05 05:38:22.258,230.987,6.781
2025/10/05 05:38:23.648,231.525,6.781
2025/10/05 05:38:25.007,232.022,6.781
2025/10/05 05:38:26.404,232.484,6.781
2025/10/05 05:38:27.995,232.986,6.781
2025/10/05 05:38:29.378,233.552,6.781
2025/10/05 05:38:30.742,233.991,6.781
2025/10/05 05:38:32.115,234.42,6.781
2025/10/05 05:38:33.554,235.038,6.781
2025/10/05 05:38:34.896,235.541,6.781
2025/10/05 05:38:36.285,235.977,6.781
2025/10/05 05:38:37.689,236.524,6.781
2025/10/05 05:38:39.041,237.021,6.781
2025/10/05 05:38:40.612,237.471,6.781
2025/10/05 05:38:41.994,238.023,6.781
2025/10/05 05:38:43.394,238.488,6.781
2025/10/05 05:38:44.979,239.018,6.781
2025/10/05 05:38:46.368,239.482,6.781
2025/10/05 05:38:47.710,240.031,6.781
2025/10/05 05:38:49.072,240.479,6.781
2025/10/05 05:38:50.516,240.962,6.781
2025/10/05 05:38:51.890,241.528,6.781
2025/10/05 05:38:53.289,241.987,6.781
2025/10/05 05:38:54.652,242.522,6.781
2025/10/05 05:38:56.022,242.976,6.781
2025/10/05 05:38:57.625,243.514,6.781
2025/10/05 05:38:58.980,244.003,6.781
2025/10/05 05:39:00.378,244.514,6.781
2025/10/05 05:39:01.941,244.964,6.781
2025/10/05 05:39:03.353,245.436,6.781
2025/10/05 05:39:04.736,246.043,6.781
2025/10/05 05:39:06.059,246.513,6.781
2025/10/05 05:39:07.419,246.977,6.781
2025/10/05 05:39:10.314,229.048,4.877
2025/10/05 05:39:11.693,229.435,4.877
2025/10/05 05:39:13.074,230.05,4.877
2025/10/05 05:39:14.438,230.49,4.877
2025/10/05 05:39:15.865,231.009,4.877
2025/10/05 05:39:17.232,231.487,4.877
2025/10/05 05:39:18.626,232.03,4.877
2025/10/05 05:39:19.991,232.467,4.877
2025/10/05 05:39:21.600,233.022,4.877
2025/10/05 05:39:22.965,233.525,4.877
2025/10/05 05:39:24.350,233.997,4.877
2025/10/05 05:39:25.977,234.508,4.877
2025/10/05 05:39:27.377,234.991,4.877
2025/10/05 05:39:28.762,235.505,4.877
2025/10/05 05:39:30.129,236.005,4.877
2025/10/05 05:39:31.546,236.483,4.877
2025/10/05 05:39:32.920,236.999,4.877
2025/10/05 05:39:34.343,237.526,4.877
2025/10/05 05:39:35.769,237.982,4.877
2025/10/05 05:39:37.381,238.537,4.877
2025/10/05 05:39:38.757,239.001,4.877
2025/10/05 05:39:40.115,239.49,4.877
2025/10/05 05:39:41.523,240.028,4.877
2025/10/05 05:39:43.096,240.482,4.877
2025/10/05 05:39:44.493,240.99,4.877
2025/10/05 05:39:45.901,241.528,4.877
2025/10/05 05:39:47.274,242.064,4.877
2025/10/05 05:39:48.822,242.478,4.877
2025/10/05 05:39:50.293,242.937,4.877
2025/10/05 05:39:51.663,243.539,4.877
2025/10/05 05:39:53.013,243.97,4.877
2025/10/05 05:39:54.657,244.525,4.877
2025/10/05 05:39:56.033,245.016,4.877
2025/10/05 05:39:58.957,229.048,4.284
2025/10/05 05:40:00.331,229.462,4.284
2025/10/05 05:40:01.711,230.031,4.284
2025/10/05 05:40:03.110,230.503,4.284
2025/10/05 05:40:04.739,230.989,4.284
2025/10/05 05:40:06.152,231.467,4.284
2025/10/05 05:40:07.533,232.063,4.284
2025/10/05 05:40:08.866,232.503,4.284
2025/10/05 05:40:10.238,233.03,4.284
2025/10/05 05:40:11.659,233.489,4.284
2025/10/05 05:40:13.015,234.002,4.284
2025/10/05 05:40:14.379,234.497,4.284
2025/10/05 05:40:15.766,235.085,4.284
2025/10/05 05:40:17.320,235.466,4.284
2025/10/05 05:40:18.740,236.005,4.284
2025/10/05 05:40:20.103,236.505,4.284
2025/10/05 05:40:21.470,237.007,4.284
2025/10/05 05:40:23.011,237.499,4.284
2025/10/05 05:40:24.434,237.982,4.284
2025/10/05 05:40:25.791,238.496,4.284
2025/10/05 05:40:27.193,239.001,4.284
2025/10/05 05:40:28.610,239.529,4.284
2025/10/05 05:40:30.023,240.006,4.284
2025/10/05 05:40:31.358,240.616,4.284
2025/10/05 05:40:32.731,240.973,4.284
2025/10/05 05:40:34.341,241.47,4.284
2025/10/05 05:40:35.740,242.014,4.284
2025/10/05 05:40:37.087,242.539,4.284
2025/10/05 05:40:38.459,242.967,4.284
2025/10/05 05:40:39.853,243.536,4.284
2025/10/05 05:40:41.424,244.014,4.284
2025/10/05 05:40:42.818,244.5,4.284
2025/10/05 05:40:44.172,245.027,4.284
2025/10/05 05:40:47.219,223.046,11.208
2025/10/05 05:40:48.770,223.944,11.208
2025/10/05 05:40:50.395,224.966,11.208
2025/10/05 05:40:51.808,225.993,11.208
2025/10/05 05:40:53.205,226.993,11.208
2025/10/05 05:40:54.810,228.018,11.208
2025/10/05 05:40:56.246,229.017,11.208
2025/10/05 05:40:57.669,230.014,11.208
2025/10/05 05:40:59.341,230.989,11.208
2025/10/05 05:41:00.792,231.992,11.208
2025/10/05 05:41:02.196,233.014,11.208
2025/10/05 05:41:03.808,233.991,11.208
2025/10/05 05:41:05.255,235.052,11.208
2025/10/05 05:41:06.665,235.95,11.208
2025/10/05 05:41:08.054,237.018,11.208
2025/10/05 05:41:09.661,238.018,11.208
2025/10/05 05:41:11.118,239.018,11.208
2025/10/05 05:41:12.541,240.009,11.208
2025/10/05 05:41:14.182,240.984,11.208
2025/10/05 05:41:15.613,242.006,11.208
2025/10/05 05:41:17.009,243.03,11.208
2025/10/05 05:41:18.479,244.022,11.208
2025/10/05 05:41:20.139,244.948,11.208
2025/10/05 05:41:21.558,246.035,11.208
2025/10/05 05:41:23.000,247.01,11.208
2025/10/05 05:41:24.598,248.018,11.208
2025/10/05 05:41:26.020,249.007,11.208
2025/10/05 05:41:27.445,249.988,11.208
2025/10/05 05:41:29.067,251.004,11.208
2025/10/05 05:41:31.919,227.04,6.781
2025/10/05 05:41:33.537,227.427,6.781
2025/10/05 05:41:34.933,228.004,6.781
2025/10/05 05:41:36.279,228.507,6.781
2025/10/05 05:41:37.829,229.031,6.781
2025/10/05 05:41:39.211,229.536,6.781
2025/10/05 05:41:40.578,229.973,6.781
2025/10/05 05:41:41.979,230.465,6.781
2025/10/05 05:41:43.564,231.014,6.781
2025/10/05 05:41:44.920,231.539,6.781
2025/10/05 05:41:46.328,232.006,6.781
2025/10/05 05:41:47.684,232.489,6.781
2025/10/05 05:41:49.275,233.008,6.781
2025/10/05 05:41:50.684,233.47,6.781
2025/10/05 05:41:52.048,233.991,6.781
2025/10/05 05:41:53.439,234.527,6.781
2025/10/05 05:41:54.935,234.988,6.781
2025/10/05 05:41:56.304,235.502,6.781
2025/10/05 05:41:57.669,236.007,6.781
2025/10/05 05:41:59.029,236.499,6.781
2025/10/05 05:42:00.595,237.002,6.781
2025/10/05 05:42:01.974,237.502,6.781
2025/10/05 05:42:03.348,238.007,6.781
2025/10/05 05:42:04.706,238.482,6.781
2025/10/05 05:42:06.291,238.998,6.781
2025/10/05 05:42:07.689,239.512,6.781
2025/10/05 05:42:09.064,240.012,6.781
2025/10/05 05:42:10.414,240.515,6.781
2025/10/05 05:42:12.010,240.976,6.781
2025/10/05 05:42:13.404,241.569,6.781
2025/10/05 05:42:14.771,242.003,6.781
2025/10/05 05:42:16.153,242.448,6.781
2025/10/05 05:42:17.545,242.967,6.781
2025/10/05 05:42:18.964,243.602,6.781
2025/10/05 05:42:20.328,243.967,6.781
2025/10/05 05:42:21.708,244.464,6.781
2025/10/05 05:42:23.104,245.044,6.781
2025/10/05 05:42:24.662,245.519,6.781
2025/10/05 05:42:26.053,245.972,6.781
2025/10/05 05:42:27.421,246.516,6.781
2025/10/05 05:42:28.992,246.994,6.781
2025/10/05 05:42:31.698,229.017,4.883
2025/10/05 05:42:33.062,229.484,4.883
2025/10/05 05:42:34.681,229.998,4.883
2025/10/05 05:42:36.055,230.514,4.883
2025/10/05 05:42:37.441,231.003,4.883
2025/10/05 05:42:39.014,231.52,4.883
2025/10/05 05:42:40.425,232.006,4.883
2025/10/05 05:42:41.803,232.484,4.883
2025/10/05 05:42:43.153,233.014,4.883
2025/10/05 05:42:44.613,233.461,4.883
2025/10/05 05:42:45.993,234.033,4.883
2025/10/05 05:42:47.407,234.56,4.883
2025/10/05 05:42:48.794,234.975,4.883
2025/10/05 05:42:50.149,235.494,4.883
2025/10/05 05:42:51.709,235.969,4.883
2025/10/05 05:42:53.097,236.538,4.883
2025/10/05 05:42:54.465,236.988,4.883
2025/10/05 05:42:56.076,237.524,4.883
2025/10/05 05:42:57.472,237.985,4.883
2025/10/05 05:42:58.831,238.488,4.883
2025/10/05 05:43:00.200,239.042,4.883
2025/10/05 05:43:01.748,239.487,4.883
2025/10/05 05:43:03.178,240.001,4.883
2025/10/05 05:43:04.577,240.537,4.883
2025/10/05 05:43:05.965,241.014,4.883
2025/10/05 05:43:07.596,241.49,4.883
2025/10/05 05:43:08.962,242.025,4.883
2025/10/05 05:43:10.362,242.506,4.883
2025/10/05 05:43:11.721,242.967,4.883
2025/10/05 05:43:13.321,243.492,4.883
2025/10/05 05:43:14.717,243.997,4.883
2025/10/05 05:43:16.093,244.453,4.883
2025/10/05 05:43:17.485,245.049,4.883
2025/10/05 05:43:20.405,229.05,4.281
2025/10/05 05:43:21.812,229.457,4.281
2025/10/05 05:43:23.184,230.064,4.281
2025/10/05 05:43:24.579,230.49,4.281
2025/10/05 05:43:26.182,231.066,4.281
2025/10/05 05:43:27.540,231.462,4.281
2025/10/05 05:43:28.919,232.033,4.281
2025/10/05 05:43:30.304,232.495,4.281
2025/10/05 05:43:31.869,233.011,4.281
2025/10/05 05:43:33.238,233.475,4.281
2025/10/05 05:43:34.628,234.008,4.281
2025/10/05 05:43:36.008,234.519,4.281
2025/10/05 05:43:37.384,235.027,4.281
2025/10/05 05:43:38.980,235.483,4.281
2025/10/05 05:43:40.363,236.01,4.281
2025/10/05 05:43:41.752,236.491,4.281
2025/10/05 05:43:43.137,237.018,4.281
2025/10/05 05:43:44.711,237.474,4.281
2025/10/05 05:43:46.093,238.032,4.281
2025/10/05 05:43:47.461,238.507,4.281
2025/10/05 05:43:49.018,239.007,4.281
2025/10/05 05:43:50.411,239.49,4.281
2025/10/05 05:43:51.772,240.006,4.281
2025/10/05 05:43:53.104,240.528,4.281
2025/10/05 05:43:54.489,240.99,4.281
2025/10/05 05:43:55.992,241.528,4.281
2025/10/05 05:43:57.353,241.992,4.281
2025/10/05 05:43:58.750,242.517,4.281
2025/10/05 05:44:00.126,242.995,4.281
2025/10/05 05:44:01.707,243.525,4.281
2025/10/05 05:44:03.098,244.016,4.281
2025/10/05 05:44:04.501,244.511,4.281
2025/10/05 05:44:06.066,244.981,4.281
2025/10/05 05:44:09.472,223.027,11.211
2025/10/05 05:44:10.909,223.903,11.211
2025/10/05 05:44:12.292,225.01,11.211
2025/10/05 05:44:13.887,225.999,11.211
2025/10/05 05:44:15.311,226.982,11.211
2025/10/05 05:44:16.765,228.015,11.211
2025/10/05 05:44:18.143,229.02,11.211
2025/10/05 05:44:19.760,229.99,11.211
2025/10/05 05:44:21.147,231.003,11.211
2025/10/05 05:44:22.591,231.992,11.211
2025/10/05 05:44:24.170,233.008,11.211
2025/10/05 05:44:25.657,234.005,11.211
2025/10/05 05:44:27.082,235.008,11.211
2025/10/05 05:44:28.733,235.994,11.211
2025/10/05 05:44:30.130,236.985,11.211
2025/10/05 05:44:31.543,237.999,11.211
2025/10/05 05:44:33.168,239.018,11.211
2025/10/05 05:44:34.582,239.982,11.211
2025/10/05 05:44:36.021,241.009,11.211
2025/10/05 05:44:37.409,242.017,11.211
2025/10/05 05:44:38.841,242.997,11.211
2025/10/05 05:44:40.258,243.97,11.211
2025/10/05 05:44:41.735,245.03,11.211
2025/10/05 05:44:43.414,245.945,11.211
2025/10/05 05:44:44.875,247.073,11.211
2025/10/05 05:44:46.306,247.974,11.211
2025/10/05 05:44:47.905,249.037,11.211
2025/10/05 05:44:49.319,250.012,11.211
2025/10/05 05:44:50.742,250.99,11.211
2025/10/05 05:44:53.786,227.015,6.781
2025/10/05 05:44:55.182,227.435,6.781
2025/10/05 05:44:56.564,227.996,6.781
2025/10/05 05:44:58.140,228.575,6.781
2025/10/05 05:44:59.538,228.965,6.781
2025/10/05 05:45:00.885,229.479,6.781
2025/10/05 05:45:02.258,229.992,6.781
2025/10/05 05:45:03.708,230.517,6.781
2025/10/05 05:45:05.124,230.992,6.781
2025/10/05 05:45:06.489,231.531,6.781
2025/10/05 05:45:07.880,231.973,6.781
2025/10/05 05:45:09.464,232.547,6.781
2025/10/05 05:45:10.863,233.016,6.781
2025/10/05 05:45:12.253,233.47,6.781
2025/10/05 05:45:13.623,234.013,6.781
2025/10/05 05:45:14.995,234.511,6.781
2025/10/05 05:45:16.546,234.988,6.781
2025/10/05 05:45:17.956,235.538,6.781
2025/10/05 05:45:19.307,235.942,6.781
2025/10/05 05:45:20.876,236.499,6.781
2025/10/05 05:45:22.258,237.046,6.781
2025/10/05 05:45:23.607,237.51,6.781
2025/10/05 05:45:24.966,237.977,6.781
2025/10/05 05:45:26.349,238.512,6.781
2025/10/05 05:45:27.746,238.933,6.781
2025/10/05 05:45:29.138,239.564,6.781
2025/10/05 05:45:30.512,239.908,6.781
2025/10/05 05:45:31.877,240.531,6.781
2025/10/05 05:45:33.551,241.02,6.781
2025/10/05 05:45:34.931,241.536,6.781
2025/10/05 05:45:36.272,242.042,6.781
2025/10/05 05:45:37.613,242.478,6.781
2025/10/05 05:45:38.993,242.937,6.781
2025/10/05 05:45:40.606,243.519,6.781
2025/10/05 05:45:41.973,244.022,6.781
2025/10/05 05:45:43.362,244.467,6.781
2025/10/05 05:45:44.937,245.0,6.781
2025/10/05 05:45:46.366,245.491,6.781
2025/10/05 05:45:47.712,246.038,6.781
2025/10/05 05:45:49.107,246.477,6.781
2025/10/05 05:45:50.456,247.043,6.781
2025/10/05 05:45:53.277,229.028,4.88
2025/10/05 05:45:54.662,229.457,4.88
2025/10/05 05:45:56.036,229.984,4.88
2025/10/05 05:45:57.633,230.492,4.88
2025/10/05 05:45:59.007,231.009,4.88
2025/10/05 05:46:00.373,231.489,4.88
2025/10/05 05:46:01.901,232.006,4.88
2025/10/05 05:46:03.305,232.473,4.88
2025/10/05 05:46:04.694,233.038,4.88
2025/10/05 05:46:06.077,233.431,4.88
2025/10/05 05:46:07.484,234.013,4.88
2025/10/05 05:46:09.065,234.533,4.88
2025/10/05 05:46:10.435,235.002,4.88
2025/10/05 05:46:11.817,235.497,4.88
2025/10/05 05:46:13.210,236.013,4.88
2025/10/05 05:46:14.807,236.474,4.88
2025/10/05 05:46:16.224,237.007,4.88
2025/10/05 05:46:17.605,237.529,4.88
2025/10/05 05:46:19.184,238.004,4.88
2025/10/05 05:46:20.575,238.534,4.88
2025/10/05 05:46:21.922,238.982,4.88
2025/10/05 05:46:23.337,239.465,4.88
2025/10/05 05:46:24.774,240.05,4.88
2025/10/05 05:46:26.142,240.528,4.88
2025/10/05 05:46:27.519,240.976,4.88
2025/10/05 05:46:28.933,241.517,4.88
2025/10/05 05:46:30.525,241.987,4.88
2025/10/05 05:46:31.898,242.47,4.88
2025/10/05 05:46:33.301,243.096,4.88
2025/10/05 05:46:34.673,243.467,4.88
2025/10/05 05:46:36.329,244.041,4.88
2025/10/05 05:46:37.729,244.505,4.88
2025/10/05 05:46:39.084,245.049,4.88
2025/10/05 05:46:41.618,228.993,4.284
2025/10/05 05:46:43.072,229.432,4.284
2025/10/05 05:46:44.471,230.02,4.284
2025/10/05 05:46:45.847,230.517,4.284
2025/10/05 05:46:47.255,230.973,4.284
2025/10/05 05:46:48.814,231.478,4.284
2025/10/05 05:46:50.181,232.061,4.284
2025/10/05 05:46:51.558,232.467,4.284
2025/10/05 05:46:52.935,233.011,4.284
2025/10/05 05:46:54.506,233.527,4.284
2025/10/05 05:46:55.895,233.978,4.284
2025/10/05 05:46:57.264,234.513,4.284
2025/10/05 05:46:58.636,234.884,4.284
2025/10/05 05:47:00.224,235.546,4.284
2025/10/05 05:47:01.627,235.983,4.284
2025/10/05 05:47:03.000,236.474,4.284
2025/10/05 05:47:04.357,237.026,4.284
2025/10/05 05:47:05.964,237.496,4.284
2025/10/05 05:47:07.362,237.979,4.284
2025/10/05 05:47:08.772,238.501,4.284
2025/10/05 05:47:10.113,239.031,4.284
2025/10/05 05:47:11.487,239.493,4.284
2025/10/05 05:47:13.064,240.028,4.284
2025/10/05 05:47:14.438,240.49,4.284
2025/10/05 05:47:15.840,241.031,4.284
2025/10/05 05:47:17.422,241.462,4.284
2025/10/05 05:47:18.833,242.017,4.284
2025/10/05 05:47:20.189,242.514,4.284
2025/10/05 05:47:21.582,243.0,4.284
2025/10/05 05:47:23.175,243.514,4.284
2025/10/05 05:47:24.527,244.049,4.284
2025/10/05 05:47:25.910,244.415,4.284
2025/10/05 05:47:27.277,245.019,4.284
2025/10/05 05:47:30.348,223.024,11.203
2025/10/05 05:47:31.770,223.925,11.203
2025/10/05 05:47:33.526,225.035,11.203
2025/10/05 05:47:34.977,225.982,11.203
2025/10/05 05:47:36.416,227.026,11.203
2025/10/05 05:47:37.815,227.993,11.203
2025/10/05 05:47:39.447,228.99,11.203
2025/10/05 05:47:40.970,230.009,11.203
2025/10/05 05:47:42.391,230.984,11.203
2025/10/05 05:47:44.046,232.022,11.203
2025/10/05 05:47:45.444,232.964,11.203
2025/10/05 05:47:46.838,234.035,11.203
2025/10/05 05:47:48.261,234.969,11.203
2025/10/05 05:47:49.855,236.027,11.203
2025/10/05 05:47:51.279,237.018,11.203
2025/10/05 05:47:52.706,237.993,11.203
2025/10/05 05:47:54.319,239.009,11.203
2025/10/05 05:47:55.734,240.056,11.203
2025/10/05 05:47:57.160,240.987,11.203
2025/10/05 05:47:58.810,242.02,11.203
2025/10/05 05:48:00.244,242.984,11.203
2025/10/05 05:48:01.667,244.033,11.203
2025/10/05 05:48:03.295,244.975,11.203
2025/10/05 05:48:04.725,246.046,11.203
2025/10/05 05:48:06.147,246.988,11.203
2025/10/05 05:48:07.778,247.994,11.203
2025/10/05 05:48:09.220,249.018,11.203
2025/10/05 05:48:10.680,249.996,11.203
2025/10/05 05:48:12.156,251.015,11.203
2025/10/05 05:48:15.360,226.993,6.781
2025/10/05 05:48:16.724,227.488,6.781
2025/10/05 05:48:18.323,228.015,6.781
2025/10/05 05:48:19.743,228.498,6.781
2025/10/05 05:48:21.111,228.998,6.781
2025/10/05 05:48:22.511,229.46,6.781
2025/10/05 05:48:23.931,230.053,6.781
2025/10/05 05:48:25.327,230.506,6.781
2025/10/05 05:48:26.681,231.058,6.781
2025/10/05 05:48:28.051,231.448,6.781
2025/10/05 05:48:29.649,232.085,6.781
2025/10/05 05:48:31.069,232.448,6.781
2025/10/05 05:48:32.459,232.975,6.781
2025/10/05 05:48:34.040,233.555,6.781
2025/10/05 05:48:35.419,233.958,6.781
2025/10/05 05:48:36.779,234.533,6.781
2025/10/05 05:48:38.170,235.01,6.781
2025/10/05 05:48:39.752,235.477,6.781
2025/10/05 05:48:41.144,235.996,6.781
2025/10/05 05:48:42.522,236.546,6.781
2025/10/05 05:48:43.867,236.991,6.781
2025/10/05 05:48:45.231,237.518,6.781
2025/10/05 05:48:46.850,237.952,6.781
2025/10/05 05:48:48.207,238.532,6.781
2025/10/05 05:48:49.598,238.998,6.781
2025/10/05 05:48:50.964,239.553,6.781
2025/10/05 05:48:52.331,239.96,6.781
2025/10/05 05:48:53.941,240.476,6.781
2025/10/05 05:48:55.298,240.987,6.781
2025/10/05 05:48:56.688,241.578,6.781
2025/10/05 05:48:58.254,241.943,6.781
2025/10/05 05:48:59.682,242.462,6.781
2025/10/05 05:49:01.064,243.096,6.781
2025/10/05 05:49:02.424,243.481,6.781
2025/10/05 05:49:03.885,244.03,6.781
2025/10/05 05:49:05.275,244.478,6.781
2025/10/05 05:49:06.656,245.063,6.781
2025/10/05 05:49:08.014,245.491,6.781
2025/10/05 05:49:09.584,245.95,6.781
2025/10/05 05:49:11.001,246.552,6.781
2025/10/05 05:49:12.381,246.98,6.781
2025/10/05 05:49:15.047,228.979,4.883
2025/10/05 05:49:16.634,229.446,4.883
2025/10/05 05:49:18.013,230.075,4.883
2025/10/05 05:49:19.523,230.506,4.883
2025/10/05 05:49:20.875,230.992,4.883
2025/10/05 05:49:22.437,231.52,4.883
2025/10/05 05:49:23.837,231.959,4.883
2025/10/05 05:49:25.200,232.544,4.883
2025/10/05 05:49:26.591,232.926,4.883
2025/10/05 05:49:28.185,233.53,4.883
2025/10/05 05:49:29.595,234.033,4.883
2025/10/05 05:49:30.976,234.505,4.883
2025/10/05 05:49:32.344,235.076,4.883
2025/10/05 05:49:33.740,235.486,4.883
2025/10/05 05:49:35.381,235.972,4.883
2025/10/05 05:49:36.791,236.485,4.883
2025/10/05 05:49:38.158,237.037,4.883
2025/10/05 05:49:39.532,237.458,4.883
2025/10/05 05:49:40.948,238.026,4.883
2025/10/05 05:49:42.293,238.507,4.883
2025/10/05 05:49:43.679,238.998,4.883
2025/10/05 05:49:45.053,239.482,4.883
2025/10/05 05:49:46.636,240.001,4.883
2025/10/05 05:49:48.038,240.531,4.883
2025/10/05 05:49:49.411,240.982,4.883
2025/10/05 05:49:51.006,241.492,4.883
2025/10/05 05:49:52.423,242.031,4.883
2025/10/05 05:49:53.793,242.492,4.883
2025/10/05 05:49:55.162,243.014,4.883
2025/10/05 05:49:56.520,243.497,4.883
2025/10/05 05:49:58.079,243.959,4.883
2025/10/05 05:49:59.453,244.516,4.883
2025/10/05 05:50:00.838,245.019,4.883
2025/10/05 05:50:03.342,229.037,4.287
2025/10/05 05:50:04.922,229.454,4.287
2025/10/05 05:50:06.300,229.998,4.287
2025/10/05 05:50:07.658,230.542,4.287
2025/10/05 05:50:09.213,230.962,4.287
2025/10/05 05:50:10.622,231.492,4.287
2025/10/05 05:50:12.016,232.025,4.287
2025/10/05 05:50:13.398,232.503,4.287
2025/10/05 05:50:14.782,232.994,4.287
2025/10/05 05:50:16.210,233.547,4.287
2025/10/05 05:50:17.543,233.939,4.287
2025/10/05 05:50:18.944,234.524,4.287
2025/10/05 05:50:20.322,234.98,4.287
2025/10/05 05:50:21.920,235.494,4.287
2025/10/05 05:50:23.293,236.035,4.287
2025/10/05 05:50:24.649,236.507,4.287
2025/10/05 05:50:26.042,236.999,4.287
2025/10/05 05:50:27.402,237.526,4.287
2025/10/05 05:50:29.010,237.963,4.287
2025/10/05 05:50:30.418,238.518,4.287
2025/10/05 05:50:31.792,239.04,4.287
2025/10/05 05:50:33.353,239.485,4.287
2025/10/05 05:50:34.739,239.984,4.287
2025/10/05 05:50:36.159,240.482,4.287
2025/10/05 05:50:37.521,241.053,4.287
2025/10/05 05:50:38.924,241.501,4.287
2025/10/05 05:50:40.345,241.981,4.287
2025/10/05 05:50:41.696,242.511,4.287
2025/10/05 05:50:43.051,243.011,4.287
2025/10/05 05:50:44.633,243.525,4.287
2025/10/05 05:50:46.042,243.992,4.287
2025/10/05 05:50:47.441,244.492,4.287
2025/10/05 05:50:48.806,245.011,4.287
2025/10/05 05:50:52.063,223.019,11.203
2025/10/05 05:50:53.497,223.931,11.203
2025/10/05 05:50:55.114,225.002,11.203
2025/10/05 05:50:56.573,225.988,11.203
2025/10/05 05:50:58.005,227.004,11.203
2025/10/05 05:50:59.637,228.029,11.203
2025/10/05 05:51:01.038,229.001,11.203
2025/10/05 05:51:02.450,230.006,11.203
2025/10/05 05:51:03.855,231.022,11.203
2025/10/05 05:51:05.484,232.028,11.203
2025/10/05 05:51:06.901,233.014,11.203
2025/10/05 05:51:08.287,233.994,11.203
2025/10/05 05:51:09.690,235.016,11.203
2025/10/05 05:51:11.296,236.021,11.203
2025/10/05 05:51:12.838,236.947,11.203
2025/10/05 05:51:14.252,238.04,11.203
2025/10/05 05:51:15.858,239.015,11.203
2025/10/05 05:51:17.298,239.982,11.203
2025/10/05 05:51:18.702,241.047,11.203
2025/10/05 05:51:20.421,241.918,11.203
2025/10/05 05:51:21.862,243.039,11.203
2025/10/05 05:51:23.295,243.967,11.203
2025/10/05 05:51:24.933,245.0,11.203
2025/10/05 05:51:26.374,246.063,11.203
2025/10/05 05:51:27.789,246.95,11.203
2025/10/05 05:51:29.402,247.996,11.203
2025/10/05 05:51:30.861,248.963,11.203
2025/10/05 05:51:32.285,249.999,11.203
2025/10/05 05:51:33.938,251.018,11.203
2025/10/05 05:51:36.733,227.037,6.781
2025/10/05 05:51:38.230,227.463,6.781
2025/10/05 05:51:39.633,228.034,6.781
2025/10/05 05:51:41.001,228.493,6.781
2025/10/05 05:51:42.366,229.026,6.781
2025/10/05 05:51:43.983,229.504,6.781
2025/10/05 05:51:45.338,229.97,6.781
2025/10/05 05:51:46.752,230.547,6.781
2025/10/05 05:51:48.350,231.014,6.781
2025/10/05 05:51:49.727,231.498,6.781
2025/10/05 05:51:51.113,232.03,6.781
2025/10/05 05:51:52.490,232.489,6.781
2025/10/05 05:51:54.067,233.0,6.781
2025/10/05 05:51:55.439,233.519,6.781
2025/10/05 05:51:56.789,234.0,6.781
2025/10/05 05:51:58.186,234.494,6.781
2025/10/05 05:51:59.582,234.977,6.781
2025/10/05 05:52:00.979,235.568,6.781
2025/10/05 05:52:02.365,235.969,6.781
2025/10/05 05:52:03.729,236.494,6.781
2025/10/05 05:52:05.114,237.024,6.781
2025/10/05 05:52:06.683,237.491,6.781
2025/10/05 05:52:08.102,237.99,6.781
2025/10/05 05:52:09.492,238.515,6.781
2025/10/05 05:52:10.847,239.001,6.781
2025/10/05 05:52:12.205,239.518,6.781
2025/10/05 05:52:13.767,239.982,6.781
2025/10/05 05:52:15.136,240.512,6.781
2025/10/05 05:52:16.530,240.984,6.781
2025/10/05 05:52:18.954,241.492,6.781
2025/10/05 05:52:20.450,242.031,6.781
2025/10/05 05:52:21.854,242.489,6.781
2025/10/05 05:52:23.196,243.116,6.781
2025/10/05 05:52:24.578,243.42,6.781
2025/10/05 05:52:25.999,243.992,6.781
2025/10/05 05:52:27.371,244.541,6.781
2025/10/05 05:52:28.728,244.967,6.781
2025/10/05 05:52:30.104,245.516,6.781
2025/10/05 05:52:31.694,246.008,6.781
2025/10/05 05:52:33.078,246.532,6.781
2025/10/05 05:52:34.481,246.977,6.781
2025/10/05 05:52:37.366,229.045,4.875
2025/10/05 05:52:38.767,229.506,4.875
2025/10/05 05:52:40.149,229.968,4.875
2025/10/05 05:52:41.513,230.561,4.875
2025/10/05 05:52:42.935,230.937,4.875
2025/10/05 05:52:44.311,231.583,4.875
2025/10/05 05:52:45.697,232.017,4.875
2025/10/05 05:52:47.076,232.478,4.875
2025/10/05 05:52:48.454,233.038,4.875
2025/10/05 05:52:50.013,233.483,4.875
2025/10/05 05:52:51.427,234.0,4.875
2025/10/05 05:52:52.802,234.527,4.875
2025/10/05 05:52:54.346,234.999,4.875
2025/10/05 05:52:55.769,235.491,4.875
2025/10/05 05:52:57.141,236.027,4.875
2025/10/05 05:52:58.517,236.474,4.875
2025/10/05 05:52:59.939,237.09,4.875
2025/10/05 05:53:01.296,237.471,4.875
2025/10/05 05:53:02.692,237.977,4.875
2025/10/05 05:53:04.079,238.526,4.875
2025/10/05 05:53:05.448,238.993,4.875
2025/10/05 05:53:07.027,239.471,4.875
2025/10/05 05:53:08.394,240.053,4.875
2025/10/05 05:53:09.771,240.509,4.875
2025/10/05 05:53:11.396,240.995,4.875
2025/10/05 05:53:12.770,241.451,4.875
2025/10/05 05:53:15.196,242.031,4.875
2025/10/05 05:53:16.550,242.495,4.875
2025/10/05 05:53:17.920,243.022,4.875
2025/10/05 05:53:19.497,243.495,4.875
2025/10/05 05:53:20.893,243.959,4.875
2025/10/05 05:53:22.260,244.569,4.875
2025/10/05 05:53:23.614,244.928,4.875
2025/10/05 05:53:26.337,229.039,4.284
2025/10/05 05:53:27.707,229.484,4.284
2025/10/05 05:53:29.096,230.009,4.284
2025/10/05 05:53:30.485,230.448,4.284
2025/10/05 05:53:32.057,231.064,4.284
2025/10/05 05:53:33.426,231.536,4.284
2025/10/05 05:53:34.776,232.006,4.284
2025/10/05 05:53:36.330,232.431,4.284
2025/10/05 05:53:37.731,232.975,4.284
2025/10/05 05:53:39.131,233.568,4.284
2025/10/05 05:53:40.514,233.989,4.284
2025/10/05 05:53:41.900,234.513,4.284
2025/10/05 05:53:43.508,235.008,4.284
2025/10/05 05:53:44.899,235.461,4.284
2025/10/05 05:53:46.302,236.035,4.284
2025/10/05 05:53:47.683,236.466,4.284
2025/10/05 05:53:49.247,237.037,4.284
2025/10/05 05:53:50.665,237.507,4.284
2025/10/05 05:53:52.024,238.051,4.284
2025/10/05 05:53:53.378,238.49,4.284
2025/10/05 05:53:54.941,238.987,4.284
2025/10/05 05:53:56.346,239.487,4.284
2025/10/05 05:53:57.727,240.026,4.284
2025/10/05 05:53:59.060,240.534,4.284
2025/10/05 05:54:00.631,240.968,4.284
2025/10/05 05:54:02.005,241.509,4.284
2025/10/05 05:54:03.396,241.979,4.284
2025/10/05 05:54:04.766,242.536,4.284
2025/10/05 05:54:06.380,243.003,4.284
2025/10/05 05:54:07.754,243.475,4.284
2025/10/05 05:54:09.122,243.945,4.284
2025/10/05 05:54:10.535,244.588,4.284
2025/10/05 05:54:11.921,244.928,4.284
2025/10/05 05:54:15.053,222.994,11.206
2025/10/05 05:54:16.480,223.936,11.206
2025/10/05 05:54:18.098,225.016,11.206
2025/10/05 05:54:19.534,226.021,11.206
2025/10/05 05:54:20.929,227.018,11.206
2025/10/05 05:54:22.513,227.985,11.206
2025/10/05 05:54:23.942,228.99,11.206
2025/10/05 05:54:25.368,230.028,11.206
2025/10/05 05:54:27.004,231.028,11.206
2025/10/05 05:54:28.445,231.984,11.206
2025/10/05 05:54:29.880,232.994,11.206
2025/10/05 05:54:31.482,234.008,11.206
2025/10/05 05:54:32.938,234.958,11.206
2025/10/05 05:54:34.370,236.027,11.206
2025/10/05 05:54:35.949,236.974,11.206
2025/10/05 05:54:37.467,238.018,11.206
2025/10/05 05:54:38.862,238.976,11.206
2025/10/05 05:54:40.493,240.017,11.206
2025/10/05 05:54:41.958,241.003,11.206
2025/10/05 05:54:43.363,241.987,11.206
2025/10/05 05:54:44.996,242.978,11.206
2025/10/05 05:54:46.424,243.997,11.206
2025/10/05 05:54:47.845,244.997,11.206
2025/10/05 05:54:49.468,246.041,11.206
2025/10/05 05:54:50.891,246.975,11.206
2025/10/05 05:54:52.313,248.018,11.206
2025/10/05 05:54:53.720,249.021,11.206
2025/10/05 05:54:55.160,249.985,11.206
2025/10/05 05:54:56.571,251.042,11.206
2025/10/05 05:54:59.644,226.982,6.781
2025/10/05 05:55:01.055,227.438,6.781
2025/10/05 05:55:02.432,228.042,6.781
2025/10/05 05:55:03.799,228.515,6.781
2025/10/05 05:55:05.335,228.971,6.781
2025/10/05 05:55:06.757,229.506,6.781
2025/10/05 05:55:08.135,229.99,6.781
2025/10/05 05:55:09.519,230.503,6.781
2025/10/05 05:55:11.127,230.959,6.781
2025/10/05 05:55:12.575,231.552,6.781
2025/10/05 05:55:13.954,232.036,6.781
2025/10/05 05:55:15.509,232.437,6.781
2025/10/05 05:55:16.902,232.978,6.781
2025/10/05 05:55:18.308,233.544,6.781
2025/10/05 05:55:19.682,233.986,6.781
2025/10/05 05:55:21.104,234.552,6.781
2025/10/05 05:55:22.512,234.977,6.781
2025/10/05 05:55:23.929,235.475,6.781
2025/10/05 05:55:25.293,236.021,6.781
2025/10/05 05:55:26.900,236.452,6.781
2025/10/05 05:55:28.275,237.029,6.781
2025/10/05 05:55:29.646,237.477,6.781
2025/10/05 05:55:31.018,238.007,6.781
2025/10/05 05:55:32.606,238.518,6.781
2025/10/05 05:55:33.969,239.001,6.781
2025/10/05 05:55:35.365,239.49,6.781
2025/10/05 05:55:36.742,240.028,6.781
2025/10/05 05:55:38.306,240.465,6.781
2025/10/05 05:55:39.700,241.064,6.781
2025/10/05 05:55:41.030,241.512,6.781
2025/10/05 05:55:42.399,241.987,6.781
2025/10/05 05:55:43.764,242.591,6.781
2025/10/05 05:55:45.346,242.893,6.781
2025/10/05 05:55:46.750,243.517,6.781
2025/10/05 05:55:48.126,244.019,6.781
2025/10/05 05:55:49.504,244.525,6.781
2025/10/05 05:55:51.095,245.033,6.781
2025/10/05 05:55:52.475,245.467,6.781
2025/10/05 05:55:53.851,246.035,6.781
2025/10/05 05:55:55.244,246.45,6.781
2025/10/05 05:55:56.842,247.002,6.781
2025/10/05 05:55:59.531,229.037,4.883
2025/10/05 05:56:00.911,229.457,4.883
2025/10/05 05:56:02.391,229.99,4.883
2025/10/05 05:56:03.819,230.561,4.883
2025/10/05 05:56:05.153,231.003,4.883
2025/10/05 05:56:06.532,231.492,4.883
2025/10/05 05:56:08.107,232.014,4.883
2025/10/05 05:56:09.497,232.475,4.883
2025/10/05 05:56:10.885,233.008,4.883
2025/10/05 05:56:12.221,233.514,4.883
2025/10/05 05:56:13.821,233.956,4.883
2025/10/05 05:56:15.189,234.56,4.883
2025/10/05 05:56:16.601,234.95,4.883
2025/10/05 05:56:17.979,235.546,4.883
2025/10/05 05:56:19.526,235.988,4.883
2025/10/05 05:56:20.930,236.477,4.883
2025/10/05 05:56:22.294,237.029,4.883
2025/10/05 05:56:23.666,237.518,4.883
2025/10/05 05:56:25.208,237.99,4.883
2025/10/05 05:56:26.604,238.463,4.883
2025/10/05 05:56:28.013,239.042,4.883
2025/10/05 05:56:29.412,239.49,4.883
2025/10/05 05:56:30.771,239.993,4.883
2025/10/05 05:56:32.376,240.548,4.883
2025/10/05 05:56:33.752,240.995,4.883
2025/10/05 05:56:35.124,241.495,4.883
2025/10/05 05:56:36.498,241.97,4.883
2025/10/05 05:56:38.060,242.52,4.883
2025/10/05 05:56:39.412,243.022,4.883
2025/10/05 05:56:40.803,243.467,4.883
2025/10/05 05:56:42.170,243.992,4.883
2025/10/05 05:56:43.757,244.511,4.883
2025/10/05 05:56:45.181,244.997,4.883
2025/10/05 05:56:47.724,229.028,4.284
2025/10/05 05:56:49.314,229.471,4.284
2025/10/05 05:56:50.701,229.998,4.284
2025/10/05 05:56:52.073,230.476,4.284
2025/10/05 05:56:53.427,231.05,4.284
2025/10/05 05:56:54.795,231.467,4.284
2025/10/05 05:56:56.178,232.03,4.284
2025/10/05 05:56:57.569,232.53,4.284
2025/10/05 05:56:58.921,233.005,4.284
2025/10/05 05:57:00.314,233.478,4.284
2025/10/05 05:57:01.901,234.002,4.284
2025/10/05 05:57:03.395,234.502,4.284
2025/10/05 05:57:04.757,235.043,4.284
2025/10/05 05:57:06.121,235.502,4.284
2025/10/05 05:57:07.761,235.9,4.284
2025/10/05 05:57:09.144,236.54,4.284
2025/10/05 05:57:10.515,237.043,4.284
2025/10/05 05:57:11.886,237.46,4.284
2025/10/05 05:57:13.434,237.982,4.284
2025/10/05 05:57:14.830,238.543,4.284
2025/10/05 05:57:16.318,238.96,4.284
2025/10/05 05:57:17.728,239.449,4.284
2025/10/05 05:57:19.285,240.034,4.284
2025/10/05 05:57:20.669,240.493,4.284
2025/10/05 05:57:22.051,240.99,4.284
2025/10/05 05:57:23.411,241.517,4.284
2025/10/05 05:57:24.817,242.011,4.284
2025/10/05 05:57:26.232,242.495,4.284
2025/10/05 05:57:27.601,242.97,4.284
2025/10/05 05:57:28.989,243.533,4.284
2025/10/05 05:57:30.375,244.011,4.284
2025/10/05 05:57:31.960,244.489,4.284
2025/10/05 05:57:33.355,245.046,4.284
2025/10/05 05:57:36.519,223.041,11.208
2025/10/05 05:57:37.959,223.972,11.208
2025/10/05 05:57:39.392,224.969,11.208
2025/10/05 05:57:41.055,225.985,11.208
2025/10/05 05:57:42.516,227.032,11.208
2025/10/05 05:57:43.937,227.919,11.208
2025/10/05 05:57:45.612,229.05,11.208
2025/10/05 05:57:47.030,229.935,11.208
2025/10/05 05:57:48.459,231.014,11.208
2025/10/05 05:57:50.158,231.929,11.208
2025/10/05 05:57:51.555,233.019,11.208
2025/10/05 05:57:52.990,233.964,11.208
2025/10/05 05:57:54.578,235.013,11.208
2025/10/05 05:57:55.999,236.01,11.208
2025/10/05 05:57:57.409,237.057,11.208
2025/10/05 05:57:58.809,237.944,11.208
2025/10/05 05:58:00.446,239.023,11.208
2025/10/05 05:58:01.896,240.028,11.208
2025/10/05 05:58:03.302,240.962,11.208
2025/10/05 05:58:04.916,241.995,11.208
2025/10/05 05:58:06.327,243.019,11.208
2025/10/05 05:58:07.733,244.044,11.208
2025/10/05 05:58:09.305,244.986,11.208
2025/10/05 05:58:10.728,246.043,11.208
2025/10/05 05:58:12.153,246.977,11.208
2025/10/05 05:58:13.566,248.057,11.208
2025/10/05 05:58:15.212,248.977,11.208
2025/10/05 05:58:16.629,249.988,11.208
2025/10/05 05:58:18.269,250.998,11.208
2025/10/05 05:58:21.157,226.988,6.781
2025/10/05 05:58:22.521,227.446,6.781
2025/10/05 05:58:24.134,228.007,6.781
2025/10/05 05:58:25.532,228.468,6.781
2025/10/05 05:58:26.900,229.056,6.781
2025/10/05 05:58:28.253,229.517,6.781
2025/10/05 05:58:29.806,229.973,6.781
2025/10/05 05:58:31.213,230.506,6.781
2025/10/05 05:58:32.590,231.02,6.781
2025/10/05 05:58:33.946,231.536,6.781
2025/10/05 05:58:35.452,231.986,6.781
2025/10/05 05:58:36.815,232.533,6.781
2025/10/05 05:58:38.213,233.014,6.781
2025/10/05 05:58:39.600,233.522,6.781
2025/10/05 05:58:41.190,234.002,6.781
2025/10/05 05:58:42.564,234.489,6.781
2025/10/05 05:58:43.933,235.016,6.781
2025/10/05 05:58:45.575,235.486,6.781
2025/10/05 05:58:46.949,236.018,6.781
2025/10/05 05:58:48.333,236.535,6.781
2025/10/05 05:58:49.691,236.98,6.781
2025/10/05 05:58:51.131,237.507,6.781
2025/10/05 05:58:52.486,238.01,6.781
2025/10/05 05:58:53.872,238.499,6.781
2025/10/05 05:58:55.251,239.015,6.781
2025/10/05 05:58:56.616,239.49,6.781
2025/10/05 05:58:58.213,240.004,6.781
2025/10/05 05:58:59.610,240.495,6.781
2025/10/05 05:59:00.976,240.979,6.781
2025/10/05 05:59:02.585,241.531,6.781
2025/10/05 05:59:03.968,242.036,6.781
2025/10/05 05:59:05.364,242.5,6.781
2025/10/05 05:59:06.763,242.973,6.781
2025/10/05 05:59:08.344,243.577,6.781
2025/10/05 05:59:09.711,244.025,6.781
2025/10/05 05:59:11.073,244.464,6.781
2025/10/05 05:59:12.454,244.909,6.781
2025/10/05 05:59:13.841,245.563,6.781
2025/10/05 05:59:15.420,245.961,6.781
2025/10/05 05:59:16.790,246.48,6.781
2025/10/05 05:59:18.172,247.013,6.781
2025/10/05 05:59:21.173,229.045,4.88
2025/10/05 05:59:22.590,229.46,4.88
2025/10/05 05:59:23.963,230.001,4.88
2025/10/05 05:59:25.608,230.492,4.88
2025/10/05 05:59:26.966,230.998,4.88
2025/10/05 05:59:28.349,231.531,4.88
2025/10/05 05:59:29.719,232.017,4.88
2025/10/05 05:59:31.091,232.53,4.88
2025/10/05 05:59:32.684,232.994,4.88
2025/10/05 05:59:34.036,233.522,4.88
2025/10/05 05:59:35.405,233.937,4.88
2025/10/05 05:59:36.780,234.502,4.88
2025/10/05 05:59:38.358,235.01,4.88
2025/10/05 05:59:39.730,235.51,4.88
2025/10/05 05:59:41.096,235.994,4.88
2025/10/05 05:59:42.529,236.538,4.88
2025/10/05 05:59:43.883,236.999,4.88
2025/10/05 05:59:45.501,237.444,4.88
2025/10/05 05:59:46.865,238.023,4.88
2025/10/05 05:59:48.243,238.499,4.88
2025/10/05 05:59:49.647,239.001,4.88
2025/10/05 05:59:51.218,239.515,4.88
2025/10/05 05:59:52.628,239.995,4.88
2025/10/05 05:59:53.970,240.539,4.88
2025/10/05 05:59:55.342,240.995,4.88
2025/10/05 05:59:56.981,241.509,4.88
2025/10/05 05:59:58.383,241.968,4.88
2025/10/05 05:59:59.752,242.564,4.88
2025/10/05 06:00:01.117,242.97,4.88
2025/10/05 06:00:02.702,243.539,4.88
2025/10/05 06:00:04.076,243.981,4.88
2025/10/05 06:00:05.460,244.511,4.88
2025/10/05 06:00:06.823,245.019,4.88
2025/10/05 06:00:09.715,229.023,4.281
2025/10/05 06:00:11.106,229.493,4.281
2025/10/05 06:00:12.488,229.976,4.281
2025/10/05 06:00:13.844,230.503,4.281
2025/10/05 06:00:15.407,231.072,4.281
2025/10/05 06:00:16.830,231.434,4.281
2025/10/05 06:00:18.203,232.061,4.281
2025/10/05 06:00:19.553,232.448,4.281
2025/10/05 06:00:21.145,233.019,4.281
2025/10/05 06:00:22.523,233.461,4.281
2025/10/05 06:00:23.931,234.022,4.281
2025/10/05 06:00:25.309,234.527,4.281
2025/10/05 06:00:26.712,234.947,4.281
2025/10/05 06:00:28.283,235.524,4.281
2025/10/05 06:00:29.715,236.007,4.281
2025/10/05 06:00:31.179,236.439,4.281
2025/10/05 06:00:32.732,237.079,4.281
2025/10/05 06:00:34.123,237.458,4.281
2025/10/05 06:00:35.510,237.996,4.281
2025/10/05 06:00:36.881,238.567,4.281
2025/10/05 06:00:38.401,238.971,4.281
2025/10/05 06:00:39.791,239.493,4.281
2025/10/05 06:00:41.159,240.023,4.281
2025/10/05 06:00:42.522,240.515,4.281
2025/10/05 06:00:43.904,241.028,4.281
2025/10/05 06:00:45.304,241.49,4.281
2025/10/05 06:00:46.698,241.987,4.281
2025/10/05 06:00:48.080,242.547,4.281
2025/10/05 06:00:49.449,243.008,4.281
2025/10/05 06:00:51.009,243.467,4.281
2025/10/05 06:00:52.408,244.033,4.281
2025/10/05 06:00:53.767,244.497,4.281
2025/10/05 06:00:55.149,245.0,4.281
2025/10/05 06:00:58.153,222.978,11.208
2025/10/05 06:00:59.553,223.884,11.208
2025/10/05 06:01:00.927,225.035,11.208
2025/10/05 06:01:02.477,225.982,11.208
2025/10/05 06:01:03.969,227.092,11.208
2025/10/05 06:01:05.375,227.913,11.208
2025/10/05 06:01:07.019,229.089,11.208
2025/10/05 06:01:08.435,229.918,11.208
2025/10/05 06:01:09.853,231.031,11.208
2025/10/05 06:01:11.401,231.967,11.208
2025/10/05 06:01:12.919,232.978,11.208
2025/10/05 06:01:14.303,234.066,11.208
2025/10/05 06:01:15.926,235.021,11.208
2025/10/05 06:01:17.337,235.996,11.208
2025/10/05 06:01:18.742,237.026,11.208
2025/10/05 06:01:20.359,237.979,11.208
2025/10/05 06:01:21.772,238.976,11.208
2025/10/05 06:01:23.194,240.004,11.208
2025/10/05 06:01:24.609,241.031,11.208
2025/10/05 06:01:26.270,242.017,11.208
2025/10/05 06:01:27.722,242.943,11.208
2025/10/05 06:01:29.312,244.003,11.208
2025/10/05 06:01:30.706,244.978,11.208
2025/10/05 06:01:32.120,246.057,11.208
2025/10/05 06:01:33.525,246.969,11.208
2025/10/05 06:01:35.168,248.015,11.208
2025/10/05 06:01:36.590,248.996,11.208
2025/10/05 06:01:38.012,249.982,11.208
2025/10/05 06:01:39.622,251.031,11.208
2025/10/05 06:01:42.469,227.062,6.784
2025/10/05 06:01:43.830,227.496,6.784
2025/10/05 06:01:45.391,228.031,6.784
2025/10/05 06:01:46.780,228.465,6.784
2025/10/05 06:01:48.175,229.072,6.784
2025/10/05 06:01:49.535,229.498,6.784
2025/10/05 06:01:51.122,229.992,6.784
2025/10/05 06:01:52.470,230.52,6.784
2025/10/05 06:01:53.857,230.932,6.784
2025/10/05 06:01:55.233,231.542,6.784
2025/10/05 06:01:56.849,231.981,6.784
2025/10/05 06:01:58.232,232.569,6.784
2025/10/05 06:01:59.590,233.041,6.784
2025/10/05 06:02:00.955,233.42,6.784
2025/10/05 06:02:02.528,234.0,6.784
2025/10/05 06:02:03.917,234.533,6.784
2025/10/05 06:02:05.285,234.986,6.784
2025/10/05 06:02:06.668,235.521,6.784
2025/10/05 06:02:08.031,236.024,6.784
2025/10/05 06:02:09.520,236.43,6.784
2025/10/05 06:02:10.957,237.004,6.784
2025/10/05 06:02:12.359,237.54,6.784
2025/10/05 06:02:13.700,238.018,6.784
2025/10/05 06:02:15.262,238.515,6.784
2025/10/05 06:02:16.635,238.996,6.784
2025/10/05 06:02:17.997,239.512,6.784
2025/10/05 06:02:19.370,239.963,6.784
2025/10/05 06:02:20.933,240.583,6.784
2025/10/05 06:02:22.338,241.003,6.784
2025/10/05 06:02:23.718,241.492,6.784
2025/10/05 06:02:25.091,241.968,6.784
2025/10/05 06:02:26.641,242.517,6.784
2025/10/05 06:02:28.040,243.003,6.784
2025/10/05 06:02:29.426,243.486,6.784
2025/10/05 06:02:30.788,244.063,6.784
2025/10/05 06:02:32.437,244.47,6.784
2025/10/05 06:02:34.107,244.981,6.784
2025/10/05 06:02:35.513,245.469,6.784
2025/10/05 06:02:37.121,245.997,6.784
2025/10/05 06:02:38.478,246.565,6.784
2025/10/05 06:02:39.859,246.936,6.784
2025/10/05 06:02:42.737,229.031,4.88
2025/10/05 06:02:44.091,229.438,4.88
2025/10/05 06:02:45.472,230.023,4.88
2025/10/05 06:02:46.837,230.528,4.88
2025/10/05 06:02:48.449,230.954,4.88
2025/10/05 06:02:49.830,231.511,4.88
2025/10/05 06:02:51.193,232.025,4.88
2025/10/05 06:02:52.572,232.495,4.88
2025/10/05 06:02:53.938,233.003,4.88
2025/10/05 06:02:55.520,233.409,4.88
2025/10/05 06:02:56.875,234.057,4.88
2025/10/05 06:02:58.246,234.505,4.88
2025/10/05 06:02:59.610,235.038,4.88
2025/10/05 06:03:01.160,235.472,4.88
2025/10/05 06:03:02.573,236.021,4.88
2025/10/05 06:03:03.965,236.472,4.88
2025/10/05 06:03:05.356,236.958,4.88
2025/10/05 06:03:06.740,237.521,4.88
2025/10/05 06:03:08.279,237.993,4.88
2025/10/05 06:03:09.691,238.51,4.88
2025/10/05 06:03:11.063,239.029,4.88
2025/10/05 06:03:12.428,239.485,4.88
2025/10/05 06:03:14.027,240.028,4.88
2025/10/05 06:03:15.392,240.498,4.88
2025/10/05 06:03:16.770,240.979,4.88
2025/10/05 06:03:18.135,241.465,4.88
2025/10/05 06:03:19.733,242.02,4.88
2025/10/05 06:03:21.102,242.511,4.88
2025/10/05 06:03:22.480,242.989,4.88
2025/10/05 06:03:23.854,243.514,4.88
2025/10/05 06:03:25.269,244.03,4.88
2025/10/05 06:03:26.656,244.437,4.88
2025/10/05 06:03:28.031,245.049,4.88
2025/10/05 06:03:30.532,229.042,4.284
2025/10/05 06:03:32.113,229.462,4.284
2025/10/05 06:03:33.506,230.003,4.284
2025/10/05 06:03:34.880,230.525,4.284
2025/10/05 06:03:36.445,230.973,4.284
2025/10/05 06:03:37.846,231.517,4.284
2025/10/05 06:03:39.214,231.997,4.284
2025/10/05 06:03:40.582,232.459,4.284
2025/10/05 06:03:41.967,233.06,4.284
2025/10/05 06:03:43.526,233.5,4.284
2025/10/05 06:03:44.936,234.0,4.284
2025/10/05 06:03:46.312,234.478,4.284
2025/10/05 06:03:47.686,235.016,4.284
2025/10/05 06:03:49.259,235.505,4.284
2025/10/05 06:03:50.614,235.98,4.284
2025/10/05 06:03:52.024,236.505,4.284
2025/10/05 06:03:53.401,236.999,4.284
2025/10/05 06:03:54.756,237.485,4.284
2025/10/05 06:03:56.320,238.026,4.284
2025/10/05 06:03:57.703,238.499,4.284
2025/10/05 06:03:59.119,238.998,4.284
2025/10/05 06:04:00.474,239.487,4.284
2025/10/05 06:04:02.055,240.075,4.284
2025/10/05 06:04:03.411,240.484,4.284
2025/10/05 06:04:04.816,240.938,4.284
2025/10/05 06:04:06.185,241.536,4.284
2025/10/05 06:04:07.545,241.984,4.284
2025/10/05 06:04:09.096,242.506,4.284
2025/10/05 06:04:10.484,243.025,4.284
2025/10/05 06:04:11.852,243.451,4.284
2025/10/05 06:04:13.334,244.041,4.284
2025/10/05 06:04:14.785,244.492,4.284
2025/10/05 06:04:16.191,245.008,4.284
2025/10/05 06:04:19.304,223.055,11.214
2025/10/05 06:04:20.734,223.958,11.214
2025/10/05 06:04:22.164,225.005,11.214
2025/10/05 06:04:23.752,226.002,11.214
2025/10/05 06:04:25.209,226.996,11.214
2025/10/05 06:04:26.604,228.02,11.214
2025/10/05 06:04:28.208,229.026,11.214
2025/10/05 06:04:29.630,229.981,11.214
2025/10/05 06:04:31.066,231.0,11.214
2025/10/05 06:04:32.510,232.036,11.214
2025/10/05 06:04:34.142,232.994,11.214
2025/10/05 06:04:35.571,234.002,11.214
2025/10/05 06:04:36.982,235.03,11.214
2025/10/05 06:04:38.588,235.985,11.214
2025/10/05 06:04:40.016,236.961,11.214
2025/10/05 06:04:41.451,237.952,11.214
2025/10/05 06:04:43.076,239.02,11.214
2025/10/05 06:04:44.508,240.028,11.214
2025/10/05 06:04:45.919,240.938,11.214
2025/10/05 06:04:47.359,242.031,11.214
2025/10/05 06:04:48.942,243.033,11.214
2025/10/05 06:04:50.437,244.027,11.214
2025/10/05 06:04:51.862,244.934,11.214
2025/10/05 06:04:53.461,246.013,11.214
2025/10/05 06:04:54.872,247.035,11.214
2025/10/05 06:04:56.276,247.969,11.214
2025/10/05 06:04:57.680,249.07,11.214
2025/10/05 06:04:59.346,249.935,11.214
2025/10/05 06:05:00.768,251.012,11.214
2025/10/05 06:05:03.791,227.043,6.781
2025/10/05 06:05:05.165,227.452,6.781
2025/10/05 06:05:06.636,227.979,6.781
2025/10/05 06:05:08.234,228.512,6.781
2025/10/05 06:05:09.640,229.02,6.781
2025/10/05 06:05:11.019,229.58,6.781
2025/10/05 06:05:12.373,229.94,6.781
2025/10/05 06:05:13.960,230.531,6.781
2025/10/05 06:05:15.396,230.967,6.781
2025/10/05 06:05:16.785,231.528,6.781
2025/10/05 06:05:18.121,231.986,6.781
2025/10/05 06:05:19.690,232.533,6.781
2025/10/05 06:05:21.037,233.03,6.781
2025/10/05 06:05:22.418,233.503,6.781
2025/10/05 06:05:23.798,234.035,6.781
2025/10/05 06:05:25.554,234.401,6.781
2025/10/05 06:05:26.957,235.068,6.781
2025/10/05 06:05:28.316,235.521,6.781
2025/10/05 06:05:29.667,236.029,6.781
2025/10/05 06:05:31.250,236.483,6.781
2025/10/05 06:05:32.619,237.018,6.781
2025/10/05 06:05:33.976,237.447,6.781
2025/10/05 06:05:35.331,238.04,6.781
2025/10/05 06:05:36.884,238.515,6.781
2025/10/05 06:05:38.275,238.938,6.781
2025/10/05 06:05:39.653,239.537,6.781
2025/10/05 06:05:41.043,239.974,6.781
2025/10/05 06:05:42.607,240.55,6.781
2025/10/05 06:05:43.983,241.009,6.781
2025/10/05 06:05:45.357,241.503,6.781
2025/10/05 06:05:46.741,241.989,6.781
2025/10/05 06:05:48.345,242.52,6.781
2025/10/05 06:05:49.709,243.055,6.781
2025/10/05 06:05:51.073,243.481,6.781
2025/10/05 06:05:52.435,244.005,6.781
2025/10/05 06:05:53.815,244.511,6.781
2025/10/05 06:05:55.387,245.019,6.781
2025/10/05 06:05:56.798,245.53,6.781
2025/10/05 06:05:58.182,245.967,6.781
2025/10/05 06:05:59.762,246.582,6.781
2025/10/05 06:06:01.160,246.999,6.781
2025/10/05 06:06:03.802,229.053,4.88
2025/10/05 06:06:05.450,229.515,4.88
2025/10/05 06:06:06.812,229.968,4.88
2025/10/05 06:06:08.200,230.492,4.88
2025/10/05 06:06:09.778,231.025,4.88
2025/10/05 06:06:11.168,231.498,4.88
2025/10/05 06:06:12.533,232.017,4.88
2025/10/05 06:06:13.932,232.462,4.88
2025/10/05 06:06:15.322,233.058,4.88
2025/10/05 06:06:16.672,233.519,4.88
2025/10/05 06:06:18.094,233.972,4.88
2025/10/05 06:06:19.486,234.527,4.88
2025/10/05 06:06:20.858,235.06,4.88
2025/10/05 06:06:22.419,235.535,4.88
2025/10/05 06:06:23.792,235.98,4.88
2025/10/05 06:06:25.182,236.505,4.88
2025/10/05 06:06:26.534,236.966,4.88
2025/10/05 06:06:28.126,237.496,4.88
2025/10/05 06:06:29.488,238.067,4.88
2025/10/05 06:06:30.857,238.501,4.88
2025/10/05 06:06:32.255,239.009,4.88
2025/10/05 06:06:33.842,239.452,4.88
2025/10/05 06:06:35.247,240.075,4.88
2025/10/05 06:06:36.629,240.468,4.88
2025/10/05 06:06:37.992,241.014,4.88
2025/10/05 06:06:39.583,241.501,4.88
2025/10/05 06:06:40.976,241.948,4.88
2025/10/05 06:06:42.364,242.473,4.88
2025/10/05 06:06:43.715,243.058,4.88
2025/10/05 06:06:45.299,243.517,4.88
2025/10/05 06:06:46.691,243.975,4.88
2025/10/05 06:06:48.055,244.461,4.88
2025/10/05 06:06:49.426,245.03,4.88
2025/10/05 06:06:52.337,229.048,4.284
2025/10/05 06:06:53.707,229.479,4.284
2025/10/05 06:06:55.066,229.959,4.284
2025/10/05 06:06:56.450,230.572,4.284
2025/10/05 06:06:57.815,230.976,4.284
2025/10/05 06:06:59.446,231.52,4.284
2025/10/05 06:07:00.801,232.036,4.284
2025/10/05 06:07:02.168,232.495,4.284
2025/10/05 06:07:03.887,232.981,4.284
2025/10/05 06:07:05.247,233.522,4.284
2025/10/05 06:07:06.628,233.964,4.284
2025/10/05 06:07:07.985,234.538,4.284
2025/10/05 06:07:09.398,235.019,4.284
2025/10/05 06:07:10.797,235.444,4.284
2025/10/05 06:07:12.159,236.06,4.284
2025/10/05 06:07:13.707,236.505,4.284
2025/10/05 06:07:15.099,236.933,4.284
2025/10/05 06:07:16.512,237.6,4.284
2025/10/05 06:07:17.878,238.04,4.284
2025/10/05 06:07:19.220,238.49,4.284
2025/10/05 06:07:20.814,239.026,4.284
2025/10/05 06:07:22.168,239.41,4.284
2025/10/05 06:07:23.548,240.042,4.284
2025/10/05 06:07:24.916,240.515,4.284
2025/10/05 06:07:26.263,240.971,4.284
2025/10/05 06:07:27.651,241.512,4.284
2025/10/05 06:07:29.020,242.011,4.284
2025/10/05 06:07:30.435,242.484,4.284
2025/10/05 06:07:32.046,243.033,4.284
2025/10/05 06:07:33.411,243.517,4.284
2025/10/05 06:07:34.780,243.997,4.284
2025/10/05 06:07:36.129,244.494,4.284
2025/10/05 06:07:37.520,245.005,4.284
2025/10/05 06:07:40.794,223.041,11.208
2025/10/05 06:07:42.217,223.906,11.208
2025/10/05 06:07:43.617,225.038,11.208
2025/10/05 06:07:45.036,226.002,11.208
2025/10/05 06:07:46.488,227.023,11.208
2025/10/05 06:07:47.905,228.018,11.208
2025/10/05 06:07:49.301,228.984,11.208
2025/10/05 06:07:50.922,230.017,11.208
2025/10/05 06:07:52.399,230.976,11.208
2025/10/05 06:07:53.800,232.022,11.208
2025/10/05 06:07:55.200,233.025,11.208
2025/10/05 06:07:56.718,234.046,11.208
2025/10/05 06:07:58.119,234.977,11.208
2025/10/05 06:07:59.558,235.999,11.208
2025/10/05 06:08:01.170,237.004,11.208
2025/10/05 06:08:02.617,238.018,11.208
2025/10/05 06:08:04.026,238.985,11.208
2025/10/05 06:08:05.638,240.07,11.208
2025/10/05 06:08:07.149,240.938,11.208
2025/10/05 06:08:08.560,241.962,11.208
2025/10/05 06:08:10.190,243.052,11.208
2025/10/05 06:08:11.603,244.049,11.208
2025/10/05 06:08:12.986,244.989,11.208
2025/10/05 06:08:14.381,245.978,11.208
2025/10/05 06:08:16.096,246.999,11.208
2025/10/05 06:08:17.548,248.087,11.208
2025/10/05 06:08:18.937,248.993,11.208
2025/10/05 06:08:20.433,249.971,11.208
2025/10/05 06:08:21.895,250.987,11.208
2025/10/05 06:08:24.873,227.037,6.781
2025/10/05 06:08:26.544,227.446,6.781
2025/10/05 06:08:27.907,227.976,6.781
2025/10/05 06:08:29.280,228.526,6.781
2025/10/05 06:08:30.859,229.034,6.781
2025/10/05 06:08:32.251,229.487,6.781
2025/10/05 06:08:33.627,230.014,6.781
2025/10/05 06:08:34.995,230.503,6.781
2025/10/05 06:08:36.560,231.0,6.781
2025/10/05 06:08:37.940,231.591,6.781
2025/10/05 06:08:39.335,231.874,6.781
2025/10/05 06:08:40.747,232.549,6.781
2025/10/05 06:08:42.104,233.063,6.781
2025/10/05 06:08:43.639,233.461,6.781
2025/10/05 06:08:45.039,234.011,6.781
2025/10/05 06:08:46.403,234.513,6.781
2025/10/05 06:08:47.778,234.977,6.781
2025/10/05 06:08:49.369,235.535,6.781
2025/10/05 06:08:50.757,235.961,6.781
2025/10/05 06:08:52.147,236.488,6.781
2025/10/05 06:08:53.503,237.054,6.781
2025/10/05 06:08:55.109,237.493,6.781
2025/10/05 06:08:56.474,238.015,6.781
2025/10/05 06:08:57.861,238.474,6.781
2025/10/05 06:08:59.208,239.092,6.781
2025/10/05 06:09:00.782,239.465,6.781
2025/10/05 06:09:02.147,239.987,6.781
2025/10/05 06:09:03.511,240.534,6.781
2025/10/05 06:09:04.915,240.968,6.781
2025/10/05 06:09:06.269,241.512,6.781
2025/10/05 06:09:07.945,242.064,6.781
2025/10/05 06:09:09.341,242.492,6.781
2025/10/05 06:09:10.762,243.0,6.781
2025/10/05 06:09:12.126,243.58,6.781
2025/10/05 06:09:13.689,244.019,6.781
2025/10/05 06:09:15.047,244.585,6.781
2025/10/05 06:09:16.613,244.912,6.781
2025/10/05 06:09:18.198,245.524,6.781
2025/10/05 06:09:19.628,246.063,6.781
2025/10/05 06:09:20.990,246.516,6.781
2025/10/05 06:09:22.343,246.986,6.781
2025/10/05 06:09:25.364,229.083,4.88
2025/10/05 06:09:26.784,229.473,4.88
2025/10/05 06:09:28.146,230.1,4.88
2025/10/05 06:09:29.678,230.448,4.88
2025/10/05 06:09:31.102,231.02,4.88
2025/10/05 06:09:32.445,231.492,4.88
2025/10/05 06:09:33.839,231.923,4.88
2025/10/05 06:09:35.420,232.599,4.88
2025/10/05 06:09:36.803,232.937,4.88
2025/10/05 06:09:38.191,233.464,4.88
2025/10/05 06:09:39.571,234.041,4.88
2025/10/05 06:09:41.164,234.414,4.88
2025/10/05 06:09:42.529,235.005,4.88
2025/10/05 06:09:43.895,235.516,4.88
2025/10/05 06:09:45.262,235.911,4.88
2025/10/05 06:09:46.768,236.546,4.88
2025/10/05 06:09:48.186,236.917,4.88
2025/10/05 06:09:49.590,237.576,4.88
2025/10/05 06:09:50.964,238.004,4.88
2025/10/05 06:09:52.549,238.501,4.88
2025/10/05 06:09:54.026,238.966,4.88
2025/10/05 06:09:55.391,239.534,4.88
2025/10/05 06:09:56.948,239.927,4.88
2025/10/05 06:09:58.353,240.449,4.88
2025/10/05 06:09:59.709,241.122,4.88
2025/10/05 06:10:01.063,241.437,4.88
2025/10/05 06:10:02.624,242.011,4.88
2025/10/05 06:10:04.012,242.495,4.88
2025/10/05 06:10:05.408,242.945,4.88
2025/10/05 06:10:06.800,243.533,4.88
2025/10/05 06:10:08.184,243.981,4.88
2025/10/05 06:10:09.582,244.544,4.88
2025/10/05 06:10:10.953,244.978,4.88
2025/10/05 06:10:13.454,229.028,4.284
2025/10/05 06:10:15.015,229.482,4.284
2025/10/05 06:10:16.395,229.907,4.284
2025/10/05 06:10:17.775,230.539,4.284
2025/10/05 06:10:19.145,231.02,4.284
2025/10/05 06:10:20.696,231.536,4.284
2025/10/05 06:10:22.073,232.017,4.284
2025/10/05 06:10:23.436,232.489,4.284
2025/10/05 06:10:24.811,233.008,4.284
2025/10/05 06:10:26.205,233.486,4.284
2025/10/05 06:10:27.752,234.077,4.284
2025/10/05 06:10:29.095,234.472,4.284
2025/10/05 06:10:30.439,235.016,4.284
2025/10/05 06:10:32.023,235.469,4.284
2025/10/05 06:10:33.443,236.029,4.284
2025/10/05 06:10:34.794,236.546,4.284
2025/10/05 06:10:36.188,236.944,4.284
2025/10/05 06:10:37.546,237.54,4.284
2025/10/05 06:10:39.159,237.938,4.284
2025/10/05 06:10:40.524,238.562,4.284
2025/10/05 06:10:42.021,239.004,4.284
2025/10/05 06:10:43.391,239.551,4.284
2025/10/05 06:10:44.909,240.017,4.284
2025/10/05 06:10:46.296,240.501,4.284
2025/10/05 06:10:47.733,240.957,4.284
2025/10/05 06:10:49.336,241.561,4.284
2025/10/05 06:10:50.746,241.992,4.284
2025/10/05 06:10:52.123,242.503,4.284
2025/10/05 06:10:53.704,242.997,4.284
2025/10/05 06:10:55.179,243.47,4.284
2025/10/05 06:10:56.571,244.025,4.284
2025/10/05 06:10:57.943,244.522,4.284
2025/10/05 06:10:59.537,245.035,4.284
2025/10/05 06:11:02.678,223.049,11.211
2025/10/05 06:11:04.065,223.994,11.211
2025/10/05 06:11:05.493,225.04,11.211
2025/10/05 06:11:06.882,225.988,11.211
2025/10/05 06:11:08.561,227.015,11.211
2025/10/05 06:11:10.066,227.979,11.211
2025/10/05 06:11:11.706,229.028,11.211
2025/10/05 06:11:13.135,229.987,11.211
2025/10/05 06:11:14.639,231.025,11.211
2025/10/05 06:11:16.235,231.992,11.211
2025/10/05 06:11:17.684,233.0,11.211
2025/10/05 06:11:19.071,234.022,11.211
2025/10/05 06:11:20.650,235.008,11.211
2025/10/05 06:11:22.069,235.996,11.211
2025/10/05 06:11:23.464,236.977,11.211
2025/10/05 06:11:24.860,238.032,11.211
2025/10/05 06:11:26.453,239.001,11.211
2025/10/05 06:11:27.891,239.995,11.211
2025/10/05 06:11:29.326,240.995,11.211
2025/10/05 06:11:30.935,242.014,11.211
2025/10/05 06:11:32.365,242.992,11.211
2025/10/05 06:11:33.849,244.022,11.211
2025/10/05 06:11:35.450,245.013,11.211
2025/10/05 06:11:36.955,246.0,11.211
2025/10/05 06:11:38.374,247.021,11.211
2025/10/05 06:11:39.980,248.007,11.211
2025/10/05 06:11:41.435,248.999,11.211
2025/10/05 06:11:42.857,250.034,11.211
2025/10/05 06:11:44.500,250.987,11.211
2025/10/05 06:11:47.326,227.026,6.784
2025/10/05 06:11:48.912,227.455,6.784
2025/10/05 06:11:50.308,228.009,6.784
2025/10/05 06:11:51.674,228.501,6.784
2025/10/05 06:11:53.074,229.015,6.784
2025/10/05 06:11:54.496,229.509,6.784
2025/10/05 06:11:55.856,229.99,6.784
2025/10/05 06:11:57.220,230.503,6.784
2025/10/05 06:11:58.588,231.011,6.784
2025/10/05 06:11:59.977,231.484,6.784
2025/10/05 06:12:01.525,232.041,6.784
2025/10/05 06:12:02.941,232.486,6.784
2025/10/05 06:12:04.310,233.005,6.784
2025/10/05 06:12:05.676,233.483,6.784
2025/10/05 06:12:07.262,234.002,6.784
2025/10/05 06:12:08.643,234.513,6.784
2025/10/05 06:12:10.033,234.986,6.784
2025/10/05 06:12:11.418,235.524,6.784
2025/10/05 06:12:12.990,236.035,6.784
2025/10/05 06:12:14.364,236.474,6.784
2025/10/05 06:12:15.732,237.018,6.784
2025/10/05 06:12:17.118,237.502,6.784
2025/10/05 06:12:18.669,237.999,6.784
2025/10/05 06:12:20.061,238.488,6.784
2025/10/05 06:12:21.410,239.053,6.784
2025/10/05 06:12:22.778,239.476,6.784
2025/10/05 06:12:24.149,239.976,6.784
2025/10/05 06:12:25.730,240.484,6.784
2025/10/05 06:12:27.094,241.042,6.784
2025/10/05 06:12:28.491,241.501,6.784
2025/10/05 06:12:29.907,242.0,6.784
2025/10/05 06:12:31.253,242.517,6.784
2025/10/05 06:12:32.854,242.965,6.784
2025/10/05 06:12:34.245,243.508,6.784
2025/10/05 06:12:35.612,244.027,6.784
2025/10/05 06:12:36.977,244.503,6.784
2025/10/05 06:12:38.547,244.972,6.784
2025/10/05 06:12:39.924,245.491,6.784
2025/10/05 06:12:41.286,246.046,6.784
2025/10/05 06:12:42.885,246.464,6.784
2025/10/05 06:12:44.309,247.057,6.784
2025/10/05 06:12:46.978,229.067,4.883
2025/10/05 06:12:48.353,229.487,4.883
2025/10/05 06:12:49.885,230.006,4.883
2025/10/05 06:12:51.267,230.517,4.883
2025/10/05 06:12:52.649,231.0,4.883
2025/10/05 06:12:54.021,231.506,4.883
2025/10/05 06:12:55.583,231.992,4.883
2025/10/05 06:12:57.001,232.541,4.883
2025/10/05 06:12:58.395,232.981,4.883
2025/10/05 06:12:59.988,233.601,4.883
2025/10/05 06:13:01.356,233.997,4.883
2025/10/05 06:13:02.727,234.456,4.883
2025/10/05 06:13:04.116,234.964,4.883
2025/10/05 06:13:05.526,235.541,4.883
2025/10/05 06:13:06.872,236.049,4.883
2025/10/05 06:13:08.257,236.45,4.883
2025/10/05 06:13:09.666,237.026,4.883
2025/10/05 06:13:11.020,237.543,4.883
2025/10/05 06:13:12.577,238.012,4.883
2025/10/05 06:13:13.969,238.504,4.883
2025/10/05 06:13:15.339,239.012,4.883
2025/10/05 06:13:16.911,239.493,4.883
2025/10/05 06:13:18.309,240.001,4.883
2025/10/05 06:13:19.681,240.443,4.883
2025/10/05 06:13:21.083,241.025,4.883
2025/10/05 06:13:22.500,241.484,4.883
2025/10/05 06:13:24.094,242.006,4.883
2025/10/05 06:13:25.496,242.572,4.883
2025/10/05 06:13:26.879,242.976,4.883
2025/10/05 06:13:28.231,243.489,4.883
2025/10/05 06:13:29.807,243.964,4.883
2025/10/05 06:13:31.206,244.547,4.883
2025/10/05 06:13:32.587,244.972,4.883
2025/10/05 06:13:35.085,229.034,4.284
2025/10/05 06:13:36.637,229.454,4.284
2025/10/05 06:13:38.046,230.014,4.284
2025/10/05 06:13:39.423,230.52,4.284
2025/10/05 06:13:40.980,231.05,4.284
2025/10/05 06:13:42.367,231.443,4.284
2025/10/05 06:13:43.726,232.041,4.284
2025/10/05 06:13:45.123,232.47,4.284
2025/10/05 06:13:46.511,233.022,4.284
2025/10/05 06:13:48.117,233.472,4.284
2025/10/05 06:13:49.525,234.011,4.284
2025/10/05 06:13:50.859,234.53,4.284
2025/10/05 06:13:52.236,234.983,4.284
2025/10/05 06:13:53.796,235.516,4.284
2025/10/05 06:13:55.195,236.01,4.284
2025/10/05 06:13:56.538,236.505,4.284
2025/10/05 06:13:57.918,236.985,4.284
2025/10/05 06:13:59.280,237.526,4.284
2025/10/05 06:14:00.875,238.023,4.284
2025/10/05 06:14:02.254,238.479,4.284
2025/10/05 06:14:03.617,239.031,4.284
2025/10/05 06:14:05.008,239.463,4.284
2025/10/05 06:14:06.617,239.99,4.284
2025/10/05 06:14:08.025,240.523,4.284
2025/10/05 06:14:09.365,241.023,4.284
2025/10/05 06:14:10.924,241.498,4.284
2025/10/05 06:14:12.317,241.968,4.284
2025/10/05 06:14:13.691,242.525,4.284
2025/10/05 06:14:15.091,243.008,4.284
2025/10/05 06:14:16.486,243.525,4.284
2025/10/05 06:14:17.924,243.981,4.284
2025/10/05 06:14:19.320,244.505,4.284
2025/10/05 06:14:20.720,244.983,4.284
2025/10/05 06:14:23.794,223.027,11.206
2025/10/05 06:14:25.210,223.961,11.206
2025/10/05 06:14:26.813,225.013,11.206
2025/10/05 06:14:28.228,226.01,11.206
2025/10/05 06:14:29.614,227.004,11.206
2025/10/05 06:14:31.032,228.001,11.206
2025/10/05 06:14:32.659,229.006,11.206
2025/10/05 06:14:34.118,230.047,11.206
2025/10/05 06:14:35.523,230.992,11.206
2025/10/05 06:14:37.177,231.975,11.206
2025/10/05 06:14:38.596,233.036,11.206
2025/10/05 06:14:39.997,233.994,11.206
2025/10/05 06:14:41.381,235.032,11.206
2025/10/05 06:14:42.924,236.01,11.206
2025/10/05 06:14:44.328,236.961,11.206
2025/10/05 06:14:45.750,238.018,11.206
2025/10/05 06:14:47.367,238.944,11.206
2025/10/05 06:14:48.777,240.037,11.206
2025/10/05 06:14:50.198,240.992,11.206
2025/10/05 06:14:51.598,241.995,11.206
2025/10/05 06:14:53.242,243.025,11.206
2025/10/05 06:14:54.684,244.038,11.206
2025/10/05 06:14:56.098,245.038,11.206
2025/10/05 06:14:57.510,245.972,11.206
2025/10/05 06:14:59.131,247.029,11.206
2025/10/05 06:15:00.622,247.991,11.206
2025/10/05 06:15:02.032,249.018,11.206
2025/10/05 06:15:03.743,250.062,11.206
2025/10/05 06:15:05.173,250.998,11.206
2025/10/05 06:15:08.235,227.078,6.781
2025/10/05 06:15:09.616,227.512,6.781
2025/10/05 06:15:10.971,228.007,6.781
2025/10/05 06:15:12.347,228.474,6.781
2025/10/05 06:15:14.024,229.094,6.781
2025/10/05 06:15:15.421,229.432,6.781
2025/10/05 06:15:16.773,230.012,6.781
2025/10/05 06:15:18.126,230.525,6.781
2025/10/05 06:15:19.504,230.951,6.781
2025/10/05 06:15:21.075,231.563,6.781
2025/10/05 06:15:22.469,231.934,6.781
2025/10/05 06:15:23.857,232.53,6.781
2025/10/05 06:15:25.243,232.956,6.781
2025/10/05 06:15:26.829,233.568,6.781
2025/10/05 06:15:28.219,234.002,6.781
2025/10/05 06:15:29.580,234.522,6.781
2025/10/05 06:15:30.962,234.991,6.781
2025/10/05 06:15:32.361,235.508,6.781
2025/10/05 06:15:33.920,235.958,6.781
2025/10/05 06:15:35.288,236.524,6.781
2025/10/05 06:15:36.671,237.026,6.781
2025/10/05 06:15:38.035,237.515,6.781
2025/10/05 06:15:39.658,237.993,6.781
2025/10/05 06:15:41.030,238.526,6.781
2025/10/05 06:15:42.401,239.037,6.781
2025/10/05 06:15:43.977,239.424,6.781
2025/10/05 06:15:45.366,240.039,6.781
2025/10/05 06:15:46.780,240.421,6.781
2025/10/05 06:15:48.178,241.053,6.781
2025/10/05 06:15:49.552,241.542,6.781
2025/10/05 06:15:51.142,241.981,6.781
2025/10/05 06:15:52.490,242.511,6.781
2025/10/05 06:15:53.882,243.003,6.781
2025/10/05 06:15:55.251,243.536,6.781
2025/10/05 06:15:56.810,244.014,6.781
2025/10/05 06:15:58.198,244.533,6.781
2025/10/05 06:15:59.561,244.959,6.781
2025/10/05 06:16:00.966,245.497,6.781
2025/10/05 06:16:02.359,246.046,6.781
2025/10/05 06:16:03.763,246.491,6.781
2025/10/05 06:16:05.145,246.958,6.781
2025/10/05 06:16:07.877,228.976,4.88
2025/10/05 06:16:09.588,229.418,4.88
2025/10/05 06:16:10.995,230.053,4.88
2025/10/05 06:16:12.351,230.465,4.88
2025/10/05 06:16:13.949,231.02,4.88
2025/10/05 06:16:15.344,231.503,4.88
2025/10/05 06:16:16.702,231.992,4.88
2025/10/05 06:16:18.089,232.481,4.88
2025/10/05 06:16:19.704,232.983,4.88
2025/10/05 06:16:21.092,233.505,4.88
2025/10/05 06:16:22.465,234.046,4.88
2025/10/05 06:16:23.832,234.541,4.88
2025/10/05 06:16:25.191,234.972,4.88
2025/10/05 06:16:26.798,235.568,4.88
2025/10/05 06:16:28.145,235.922,4.88
2025/10/05 06:16:29.531,236.56,4.88
2025/10/05 06:16:30.921,236.955,4.88
2025/10/05 06:16:32.478,237.526,4.88
2025/10/05 06:16:33.860,238.051,4.88
2025/10/05 06:16:35.219,238.507,4.88
2025/10/05 06:16:36.602,238.971,4.88
2025/10/05 06:16:38.180,239.501,4.88
2025/10/05 06:16:39.553,240.02,4.88
2025/10/05 06:16:40.956,240.454,4.88
2025/10/05 06:16:42.334,241.056,4.88
2025/10/05 06:16:43.868,241.492,4.88
2025/10/05 06:16:45.269,242.053,4.88
2025/10/05 06:16:46.638,242.456,4.88
2025/10/05 06:16:48.033,242.995,4.88
2025/10/05 06:16:49.634,243.547,4.88
2025/10/05 06:16:51.031,243.992,4.88
2025/10/05 06:16:52.443,244.45,4.88
2025/10/05 06:16:54.019,245.035,4.88
2025/10/05 06:16:56.700,228.995,4.281
2025/10/05 06:16:58.075,229.473,4.281
2025/10/05 06:16:59.451,230.009,4.281
2025/10/05 06:17:01.047,230.462,4.281
2025/10/05 06:17:02.436,231.066,4.281
2025/10/05 06:17:03.824,231.509,4.281
2025/10/05 06:17:05.208,231.973,4.281
2025/10/05 06:17:06.685,232.434,4.281
2025/10/05 06:17:08.067,233.041,4.281
2025/10/05 06:17:09.431,233.525,4.281
2025/10/05 06:17:10.785,233.975,4.281
2025/10/05 06:17:12.147,234.522,4.281
2025/10/05 06:17:13.726,234.997,4.281
2025/10/05 06:17:15.129,235.475,4.281
2025/10/05 06:17:16.509,236.029,4.281
2025/10/05 06:17:18.071,236.491,4.281
2025/10/05 06:17:19.460,237.024,4.281
2025/10/05 06:17:20.824,237.485,4.281
2025/10/05 06:17:22.222,237.966,4.281
2025/10/05 06:17:23.632,238.523,4.281
2025/10/05 06:17:25.227,238.998,4.281
2025/10/05 06:17:26.618,239.523,4.281
2025/10/05 06:17:27.994,239.957,4.281
2025/10/05 06:17:29.363,240.515,4.281
2025/10/05 06:17:30.900,241.009,4.281
2025/10/05 06:17:32.273,241.542,4.281
2025/10/05 06:17:33.641,241.965,4.281
2025/10/05 06:17:35.075,242.44,4.281
2025/10/05 06:17:36.680,243.047,4.281
2025/10/05 06:17:38.120,243.561,4.281
2025/10/05 06:17:39.506,243.893,4.281
2025/10/05 06:17:41.091,244.53,4.281
2025/10/05 06:17:42.588,244.961,4.281
2025/10/05 06:17:45.707,223.019,11.208
2025/10/05 06:17:47.131,223.953,11.208
2025/10/05 06:17:48.541,225.032,11.208
2025/10/05 06:17:50.187,225.969,11.208
2025/10/05 06:17:51.601,227.007,11.208
2025/10/05 06:17:53.067,228.045,11.208
2025/10/05 06:17:54.745,228.987,11.208
2025/10/05 06:17:56.181,229.992,11.208
2025/10/05 06:17:57.605,230.981,11.208
2025/10/05 06:17:59.021,232.083,11.208
2025/10/05 06:18:00.612,232.948,11.208
2025/10/05 06:18:02.044,233.964,11.208
2025/10/05 06:18:03.458,234.997,11.208
2025/10/05 06:18:05.033,236.134,11.208
2025/10/05 06:18:06.502,237.004,11.208
2025/10/05 06:18:07.907,237.955,11.208
2025/10/05 06:18:09.558,239.004,11.208
2025/10/05 06:18:11.051,240.023,11.208
2025/10/05 06:18:12.468,241.006,11.208
2025/10/05 06:18:14.049,241.973,11.208
2025/10/05 06:18:15.527,243.008,11.208
2025/10/05 06:18:16.928,244.003,11.208
2025/10/05 06:18:18.543,245.027,11.208
2025/10/05 06:18:19.971,245.997,11.208
2025/10/05 06:18:21.391,246.991,11.208
2025/10/05 06:18:22.958,247.996,11.208
2025/10/05 06:18:24.392,249.015,11.208
2025/10/05 06:18:25.810,249.985,11.208
2025/10/05 06:18:27.226,251.155,11.208
2025/10/05 06:18:30.501,226.985,6.781
2025/10/05 06:18:31.891,227.452,6.781
2025/10/05 06:18:33.467,227.987,6.781
2025/10/05 06:18:34.858,228.518,6.781
2025/10/05 06:18:36.226,229.039,6.781
2025/10/05 06:18:37.624,229.44,6.781
2025/10/05 06:18:39.228,230.023,6.781
2025/10/05 06:18:40.594,230.536,6.781
2025/10/05 06:18:42.007,231.0,6.781
2025/10/05 06:18:43.390,231.506,6.781
2025/10/05 06:18:44.978,231.992,6.781
2025/10/05 06:18:46.400,232.495,6.781
2025/10/05 06:18:47.748,233.069,6.781
2025/10/05 06:18:49.153,233.42,6.781
2025/10/05 06:18:50.720,233.991,6.781
2025/10/05 06:18:52.117,234.502,6.781
2025/10/05 06:18:53.505,235.12,6.781
2025/10/05 06:18:54.841,235.458,6.781
2025/10/05 06:18:56.392,235.972,6.781
2025/10/05 06:18:57.761,236.538,6.781
2025/10/05 06:18:59.138,236.928,6.781
2025/10/05 06:19:00.514,237.537,6.781
2025/10/05 06:19:02.067,237.955,6.781
2025/10/05 06:19:03.431,238.526,6.781
2025/10/05 06:19:04.830,239.078,6.781
2025/10/05 06:19:06.217,239.485,6.781
2025/10/05 06:19:07.782,239.998,6.781
2025/10/05 06:19:09.183,240.44,6.781
2025/10/05 06:19:10.568,241.009,6.781
2025/10/05 06:19:12.149,241.503,6.781
2025/10/05 06:19:13.541,241.995,6.781
2025/10/05 06:19:14.905,242.531,6.781
2025/10/05 06:19:16.295,243.033,6.781
2025/10/05 06:19:17.666,243.514,6.781
2025/10/05 06:19:19.098,243.984,6.781
2025/10/05 06:19:20.482,244.53,6.781
2025/10/05 06:19:21.852,244.942,6.781
2025/10/05 06:19:23.220,245.599,6.781
2025/10/05 06:19:24.793,245.986,6.781
2025/10/05 06:19:26.218,246.466,6.781
2025/10/05 06:19:27.565,246.994,6.781
2025/10/05 06:19:30.686,229.023,4.886
2025/10/05 06:19:32.074,229.487,4.886
2025/10/05 06:19:33.430,229.97,4.886
2025/10/05 06:19:34.994,230.528,4.886
2025/10/05 06:19:36.409,231.028,4.886
2025/10/05 06:19:37.781,231.481,4.886
2025/10/05 06:19:39.180,231.953,4.886
2025/10/05 06:19:40.759,232.549,4.886
2025/10/05 06:19:42.144,233.044,4.886
2025/10/05 06:19:43.514,233.492,4.886
2025/10/05 06:19:44.879,234.011,4.886
2025/10/05 06:19:46.417,234.538,4.886
2025/10/05 06:19:47.807,234.98,4.886
2025/10/05 06:19:49.278,235.571,4.886
2025/10/05 06:19:50.651,236.057,4.886
2025/10/05 06:19:52.096,236.516,4.886
2025/10/05 06:19:53.469,236.977,4.886
2025/10/05 06:19:54.943,237.491,4.886
2025/10/05 06:19:56.615,238.051,4.886
2025/10/05 06:19:57.997,238.474,4.886
2025/10/05 06:19:59.385,238.976,4.886
2025/10/05 06:20:00.933,239.507,4.886
2025/10/05 06:20:02.348,240.042,4.886
2025/10/05 06:20:03.725,240.561,4.886
2025/10/05 06:20:05.083,240.96,4.886
2025/10/05 06:20:06.462,241.44,4.886
2025/10/05 06:20:08.074,242.064,4.886
2025/10/05 06:20:09.429,242.506,4.886
2025/10/05 06:20:10.822,243.039,4.886
2025/10/05 06:20:12.177,243.508,4.886
2025/10/05 06:20:13.756,244.0,4.886
2025/10/05 06:20:15.164,244.453,4.886
2025/10/05 06:20:16.519,245.0,4.886
2025/10/05 06:20:19.378,229.023,4.281
2025/10/05 06:20:20.795,229.449,4.281
2025/10/05 06:20:22.161,230.031,4.281
2025/10/05 06:20:23.543,230.495,4.281
2025/10/05 06:20:25.134,231.02,4.281
2025/10/05 06:20:26.540,231.517,4.281
2025/10/05 06:20:27.912,232.055,4.281
2025/10/05 06:20:29.296,232.393,4.281
2025/10/05 06:20:30.690,233.071,4.281
2025/10/05 06:20:32.318,233.492,4.281
2025/10/05 06:20:33.671,233.956,4.281
2025/10/05 06:20:35.083,234.502,4.281
2025/10/05 06:20:36.440,235.008,4.281
2025/10/05 06:20:37.834,235.513,4.281
2025/10/05 06:20:39.224,236.06,4.281
2025/10/05 06:20:40.588,236.485,4.281
2025/10/05 06:20:41.953,237.013,4.281
2025/10/05 06:20:43.555,237.469,4.281
2025/10/05 06:20:44.970,238.01,4.281
2025/10/05 06:20:46.354,238.501,4.281
2025/10/05 06:20:47.699,238.968,4.281
2025/10/05 06:20:49.288,239.531,4.281
2025/10/05 06:20:50.647,240.009,4.281
2025/10/05 06:20:52.014,240.49,4.281
2025/10/05 06:20:53.401,241.012,4.281
2025/10/05 06:20:54.856,241.44,4.281
2025/10/05 06:20:56.215,242.003,4.281
2025/10/05 06:20:57.604,242.555,4.281
2025/10/05 06:20:58.979,242.962,4.281
2025/10/05 06:21:00.537,243.497,4.281
2025/10/05 06:21:01.944,244.041,4.281
2025/10/05 06:21:03.323,244.456,4.281
2025/10/05 06:21:04.664,245.049,4.281
2025/10/05 06:21:07.785,223.033,11.203
2025/10/05 06:21:09.221,223.964,11.203
2025/10/05 06:21:10.872,224.996,11.203
2025/10/05 06:21:12.380,225.996,11.203
2025/10/05 06:21:13.946,226.968,11.203
2025/10/05 06:21:15.381,228.04,11.203
2025/10/05 06:21:16.768,229.009,11.203
2025/10/05 06:21:18.184,230.001,11.203
2025/10/05 06:21:19.874,231.05,11.203
2025/10/05 06:21:21.283,231.984,11.203
2025/10/05 06:21:22.702,232.967,11.203
2025/10/05 06:21:24.287,233.997,11.203
2025/10/05 06:21:25.717,234.98,11.203
2025/10/05 06:21:27.164,235.983,11.203
2025/10/05 06:21:28.799,237.021,11.203
2025/10/05 06:21:30.230,238.026,11.203
2025/10/05 06:21:31.609,239.001,11.203
2025/10/05 06:21:33.275,240.006,11.203
2025/10/05 06:21:34.803,240.987,11.203
2025/10/05 06:21:36.207,241.981,11.203
2025/10/05 06:21:37.850,243.003,11.203
2025/10/05 06:21:39.257,244.027,11.203
2025/10/05 06:21:40.644,245.035,11.203
2025/10/05 06:21:42.073,246.016,11.203
2025/10/05 06:21:43.659,246.961,11.203
2025/10/05 06:21:45.079,248.035,11.203
2025/10/05 06:21:46.599,248.988,11.203
2025/10/05 06:21:48.153,249.988,11.203
2025/10/05 06:21:49.583,251.037,11.203
2025/10/05 06:21:52.645,227.018,6.781
2025/10/05 06:21:54.026,227.466,6.781
2025/10/05 06:21:55.394,227.99,6.781
2025/10/05 06:21:56.977,228.507,6.781
2025/10/05 06:21:58.384,229.015,6.781
2025/10/05 06:21:59.753,229.504,6.781
2025/10/05 06:22:01.140,229.995,6.781
2025/10/05 06:22:02.505,230.465,6.781
2025/10/05 06:22:04.095,231.022,6.781
2025/10/05 06:22:05.484,231.511,6.781
2025/10/05 06:22:06.872,232.0,6.781
2025/10/05 06:22:08.236,232.489,6.781
2025/10/05 06:22:09.788,233.022,6.781
2025/10/05 06:22:11.198,233.453,6.781
2025/10/05 06:22:12.583,234.044,6.781
2025/10/05 06:22:13.928,234.557,6.781
2025/10/05 06:22:15.554,234.942,6.781
2025/10/05 06:22:16.936,235.491,6.781
2025/10/05 06:22:18.326,236.002,6.781
2025/10/05 06:22:19.733,236.499,6.781
2025/10/05 06:22:21.375,237.035,6.781
2025/10/05 06:22:22.752,237.449,6.781
2025/10/05 06:22:24.140,238.026,6.781
2025/10/05 06:22:25.531,238.359,6.781
2025/10/05 06:22:26.946,238.99,6.781
2025/10/05 06:22:28.341,239.551,6.781
2025/10/05 06:22:29.726,239.971,6.781
2025/10/05 06:22:31.105,240.473,6.781
2025/10/05 06:22:32.670,241.02,6.781
2025/10/05 06:22:34.067,241.531,6.781
2025/10/05 06:22:35.424,242.003,6.781
2025/10/05 06:22:36.779,242.487,6.781
2025/10/05 06:22:38.319,243.025,6.781
2025/10/05 06:22:39.715,243.514,6.781
2025/10/05 06:22:41.072,243.986,6.781
2025/10/05 06:22:42.500,244.448,6.781
2025/10/05 06:22:44.059,244.994,6.781
2025/10/05 06:22:45.467,245.483,6.781
2025/10/05 06:22:46.844,245.994,6.781
2025/10/05 06:22:48.214,246.497,6.781
2025/10/05 06:22:49.787,246.991,6.781
2025/10/05 06:22:52.459,229.012,4.88
2025/10/05 06:22:53.865,229.457,4.88
2025/10/05 06:22:55.480,230.039,4.88
2025/10/05 06:22:56.862,230.451,4.88
2025/10/05 06:22:58.253,230.987,4.88
2025/10/05 06:22:59.635,231.429,4.88
2025/10/05 06:23:01.212,232.039,4.88
2025/10/05 06:23:02.591,232.462,4.88
2025/10/05 06:23:04.038,232.972,4.88
2025/10/05 06:23:05.651,233.492,4.88
2025/10/05 06:23:07.037,234.03,4.88
2025/10/05 06:23:08.430,234.511,4.88
2025/10/05 06:23:09.820,234.964,4.88
2025/10/05 06:23:11.462,235.543,4.88
2025/10/05 06:23:12.867,235.974,4.88
2025/10/05 06:23:14.240,236.562,4.88
2025/10/05 06:23:15.623,236.999,4.88
2025/10/05 06:23:17.218,237.469,4.88
2025/10/05 06:23:18.660,238.01,4.88
2025/10/05 06:23:20.034,238.515,4.88
2025/10/05 06:23:21.408,238.905,4.88
2025/10/05 06:23:23.009,239.589,4.88
2025/10/05 06:23:24.391,239.954,4.88
2025/10/05 06:23:25.792,240.493,4.88
2025/10/05 06:23:27.201,240.99,4.88
2025/10/05 06:23:28.615,241.514,4.88
2025/10/05 06:23:30.151,242.028,4.88
2025/10/05 06:23:31.566,242.476,4.88
2025/10/05 06:23:32.938,243.063,4.88
2025/10/05 06:23:34.303,243.503,4.88
2025/10/05 06:23:35.925,243.989,4.88
2025/10/05 06:23:37.291,244.486,4.88
2025/10/05 06:23:38.675,245.005,4.88
2025/10/05 06:23:41.626,229.009,4.287
2025/10/05 06:23:43.035,229.495,4.287
2025/10/05 06:23:44.391,229.943,4.287
2025/10/05 06:23:45.777,230.536,4.287
2025/10/05 06:23:47.216,230.929,4.287
2025/10/05 06:23:48.626,231.55,4.287
2025/10/05 06:23:50.012,231.973,4.287
2025/10/05 06:23:51.399,232.511,4.287
2025/10/05 06:23:52.936,233.038,4.287
2025/10/05 06:23:54.345,233.459,4.287
2025/10/05 06:23:55.678,234.049,4.287
2025/10/05 06:23:57.307,234.42,4.287
2025/10/05 06:23:58.684,235.019,4.287
2025/10/05 06:24:00.060,235.53,4.287
2025/10/05 06:24:01.453,235.974,4.287
2025/10/05 06:24:02.877,236.554,4.287
2025/10/05 06:24:04.256,236.977,4.287
2025/10/05 06:24:05.637,237.548,4.287
2025/10/05 06:24:07.084,237.905,4.287
2025/10/05 06:24:08.662,238.512,4.287
2025/10/05 06:24:10.081,239.029,4.287
2025/10/05 06:24:11.422,239.476,4.287
2025/10/05 06:24:12.805,240.006,4.287
2025/10/05 06:24:14.363,240.528,4.287
2025/10/05 06:24:15.758,240.957,4.287
2025/10/05 06:24:17.131,241.536,4.287
2025/10/05 06:24:18.574,241.97,4.287
2025/10/05 06:24:20.146,242.511,4.287
2025/10/05 06:24:21.529,243.022,4.287
2025/10/05 06:24:22.922,243.484,4.287
2025/10/05 06:24:24.275,244.044,4.287
2025/10/05 06:24:25.885,244.489,4.287
2025/10/05 06:24:27.279,244.972,4.287
2025/10/05 06:24:30.371,223.057,11.208
2025/10/05 06:24:31.826,223.931,11.208
2025/10/05 06:24:33.238,224.98,11.208
2025/10/05 06:24:34.862,226.043,11.208
2025/10/05 06:24:36.290,226.952,11.208
2025/10/05 06:24:37.703,228.067,11.208
2025/10/05 06:24:39.323,228.99,11.208
2025/10/05 06:24:40.807,229.979,11.208
2025/10/05 06:24:42.243,231.044,11.208
2025/10/05 06:24:43.622,231.918,11.208
2025/10/05 06:24:45.059,233.019,11.208
2025/10/05 06:24:46.490,233.967,11.208
2025/10/05 06:24:47.899,235.005,11.208
2025/10/05 06:24:49.562,236.005,11.208
2025/10/05 06:24:51.005,237.007,11.208
2025/10/05 06:24:52.476,238.004,11.208
2025/10/05 06:24:53.980,239.067,11.208
2025/10/05 06:24:55.396,239.941,11.208
2025/10/05 06:24:56.872,241.023,11.208
2025/10/05 06:24:58.516,241.987,11.208
2025/10/05 06:24:59.926,243.006,11.208
2025/10/05 06:25:01.402,243.978,11.208
2025/10/05 06:25:02.799,244.981,11.208
2025/10/05 06:25:04.265,245.961,11.208
2025/10/05 06:25:05.679,247.002,11.208
2025/10/05 06:25:07.085,248.005,11.208
2025/10/05 06:25:08.747,249.023,11.208
2025/10/05 06:25:10.144,250.067,11.208
2025/10/05 06:25:11.547,251.031,11.208
2025/10/05 06:25:14.609,226.988,6.784
2025/10/05 06:25:15.998,227.449,6.784
2025/10/05 06:25:17.353,228.037,6.784
2025/10/05 06:25:18.939,228.485,6.784
2025/10/05 06:25:20.304,229.001,6.784
2025/10/05 06:25:21.716,229.484,6.784
2025/10/05 06:25:23.286,230.031,6.784
2025/10/05 06:25:24.697,230.536,6.784
2025/10/05 06:25:26.090,230.94,6.784
2025/10/05 06:25:27.481,231.528,6.784
2025/10/05 06:25:28.865,231.984,6.784
2025/10/05 06:25:30.280,232.525,6.784
2025/10/05 06:25:31.688,233.038,6.784
2025/10/05 06:25:33.035,233.445,6.784
2025/10/05 06:25:34.421,234.011,6.784
2025/10/05 06:25:35.992,234.511,6.784
2025/10/05 06:25:37.381,235.03,6.784
2025/10/05 06:25:38.755,235.502,6.784
2025/10/05 06:25:40.369,235.977,6.784
2025/10/05 06:25:41.763,236.477,6.784
2025/10/05 06:25:43.132,237.057,6.784
2025/10/05 06:25:44.518,237.504,6.784
2025/10/05 06:25:45.944,237.993,6.784
2025/10/05 06:25:47.313,238.512,6.784
2025/10/05 06:25:48.689,239.023,6.784
2025/10/05 06:25:50.068,239.487,6.784
2025/10/05 06:25:51.428,239.993,6.784
2025/10/05 06:25:53.005,240.476,6.784
2025/10/05 06:25:54.387,240.99,6.784
2025/10/05 06:25:55.785,241.514,6.784
2025/10/05 06:25:57.394,242.017,6.784
2025/10/05 06:25:58.781,242.561,6.784
2025/10/05 06:26:00.145,242.945,6.784
2025/10/05 06:26:01.504,243.514,6.784
2025/10/05 06:26:03.152,244.008,6.784
2025/10/05 06:26:04.527,244.5,6.784
2025/10/05 06:26:05.952,245.041,6.784
2025/10/05 06:26:07.306,245.508,6.784
2025/10/05 06:26:08.924,245.956,6.784
2025/10/05 06:26:10.280,246.516,6.784
2025/10/05 06:26:11.634,247.06,6.784
2025/10/05 06:26:14.551,228.987,4.88
2025/10/05 06:26:15.976,229.462,4.88
2025/10/05 06:26:17.330,230.001,4.88
2025/10/05 06:26:18.704,230.512,4.88
2025/10/05 06:26:20.377,231.022,4.88
2025/10/05 06:26:21.753,231.492,4.88
2025/10/05 06:26:23.150,231.997,4.88
2025/10/05 06:26:24.519,232.467,4.88
2025/10/05 06:26:25.935,233.027,4.88
2025/10/05 06:26:27.320,233.5,4.88
2025/10/05 06:26:28.719,234.002,4.88
2025/10/05 06:26:30.097,234.502,4.88
2025/10/05 06:26:31.450,234.953,4.88
2025/10/05 06:26:33.028,235.497,4.88
2025/10/05 06:26:34.438,235.985,4.88
2025/10/05 06:26:35.793,236.557,4.88
2025/10/05 06:26:37.393,237.01,4.88
2025/10/05 06:26:38.778,237.515,4.88
2025/10/05 06:26:40.167,237.969,4.88
2025/10/05 06:26:41.548,238.435,4.88
2025/10/05 06:26:42.979,238.949,4.88
2025/10/05 06:26:44.366,239.523,4.88
2025/10/05 06:26:45.730,240.031,4.88
2025/10/05 06:26:47.133,240.531,4.88
2025/10/05 06:26:48.775,240.954,4.88
2025/10/05 06:26:50.181,241.534,4.88
2025/10/05 06:26:51.546,241.989,4.88
2025/10/05 06:26:52.910,242.41,4.88
2025/10/05 06:26:54.486,243.047,4.88
2025/10/05 06:26:55.876,243.489,4.88
2025/10/05 06:26:57.251,244.066,4.88
2025/10/05 06:26:58.602,244.478,4.88
2025/10/05 06:27:00.004,245.027,4.88
2025/10/05 06:27:02.597,228.935,4.284
2025/10/05 06:27:03.968,229.358,4.284
2025/10/05 06:27:05.346,230.042,4.284
2025/10/05 06:27:06.705,230.528,4.284
2025/10/05 06:27:08.120,230.962,4.284
2025/10/05 06:27:09.496,231.506,4.284
2025/10/05 06:27:10.887,232.006,4.284
2025/10/05 06:27:12.275,232.481,4.284
2025/10/05 06:27:13.804,233.038,4.284
2025/10/05 06:27:15.208,233.439,4.284
2025/10/05 06:27:16.573,234.016,4.284
2025/10/05 06:27:18.170,234.491,4.284
2025/10/05 06:27:19.547,235.021,4.284
2025/10/05 06:27:20.916,235.475,4.284
2025/10/05 06:27:22.315,236.051,4.284
2025/10/05 06:27:23.678,236.521,4.284
2025/10/05 06:27:25.259,236.963,4.284
2025/10/05 06:27:26.682,237.504,4.284
2025/10/05 06:27:28.069,238.01,4.284
2025/10/05 06:27:29.431,238.551,4.284
2025/10/05 06:27:31.044,238.987,4.284
2025/10/05 06:27:32.415,239.507,4.284
2025/10/05 06:27:33.810,240.017,4.284
2025/10/05 06:27:35.361,240.509,4.284
2025/10/05 06:27:36.741,241.012,4.284
2025/10/05 06:27:38.143,241.498,4.284
2025/10/05 06:27:39.513,242.006,4.284
2025/10/05 06:27:40.871,242.492,4.284
2025/10/05 06:27:42.360,242.948,4.284
2025/10/05 06:27:43.747,243.585,4.284
2025/10/05 06:27:45.107,243.964,4.284
2025/10/05 06:27:46.482,244.494,4.284
2025/10/05 06:27:48.041,245.066,4.284
2025/10/05 06:27:51.095,223.03,11.208
2025/10/05 06:27:52.728,223.933,11.208
2025/10/05 06:27:54.134,224.994,11.208
2025/10/05 06:27:55.591,225.98,11.208
2025/10/05 06:27:57.179,227.021,11.208
2025/10/05 06:27:58.566,228.015,11.208
2025/10/05 06:28:00.031,228.995,11.208
2025/10/05 06:28:01.434,230.045,11.208
2025/10/05 06:28:03.037,231.014,11.208
2025/10/05 06:28:04.521,231.94,11.208
2025/10/05 06:28:05.933,233.041,11.208
2025/10/05 06:28:07.498,233.983,11.208
2025/10/05 06:28:08.949,235.01,11.208
2025/10/05 06:28:10.410,235.991,11.208
2025/10/05 06:28:11.833,236.996,11.208
2025/10/05 06:28:13.451,237.99,11.208
2025/10/05 06:28:14.856,239.015,11.208
2025/10/05 06:28:16.259,240.048,11.208
2025/10/05 06:28:17.681,240.976,11.208
2025/10/05 06:28:19.269,242.028,11.208
2025/10/05 06:28:20.695,242.989,11.208
2025/10/05 06:28:22.157,243.989,11.208
2025/10/05 06:28:23.818,245.035,11.208
2025/10/05 06:28:25.259,245.975,11.208
2025/10/05 06:28:26.686,246.994,11.208
2025/10/05 06:28:28.257,248.057,11.208
2025/10/05 06:28:29.684,248.949,11.208
2025/10/05 06:28:31.061,250.026,11.208
2025/10/05 06:28:32.488,251.023,11.208
2025/10/05 06:28:35.507,227.012,6.778
2025/10/05 06:28:36.882,227.433,6.778
2025/10/05 06:28:38.242,228.026,6.778
2025/10/05 06:28:39.876,228.446,6.778
2025/10/05 06:28:41.249,229.02,6.778
2025/10/05 06:28:42.624,229.531,6.778
2025/10/05 06:28:43.970,229.957,6.778
2025/10/05 06:28:45.354,230.553,6.778
2025/10/05 06:28:46.926,231.055,6.778
2025/10/05 06:28:48.306,231.465,6.778
2025/10/05 06:28:49.677,232.05,6.778
2025/10/05 06:28:51.234,232.448,6.778
2025/10/05 06:28:52.630,232.994,6.778
2025/10/05 06:28:54.002,233.514,6.778
2025/10/05 06:28:55.380,233.986,6.778
2025/10/05 06:28:56.752,234.53,6.778
2025/10/05 06:28:58.124,235.09,6.778
2025/10/05 06:28:59.488,235.31,6.778
2025/10/05 06:29:00.888,236.098,6.778
2025/10/05 06:29:02.233,236.56,6.778
2025/10/05 06:29:03.835,237.032,6.778
2025/10/05 06:29:05.216,237.449,6.778
2025/10/05 06:29:06.609,238.007,6.778
2025/10/05 06:29:07.973,238.438,6.778
2025/10/05 06:29:09.625,239.075,6.778
2025/10/05 06:29:10.977,239.432,6.778
2025/10/05 06:29:12.379,240.045,6.778
2025/10/05 06:29:13.803,240.424,6.778
2025/10/05 06:29:15.345,241.083,6.778
2025/10/05 06:29:16.720,241.446,6.778
2025/10/05 06:29:18.097,242.055,6.778
2025/10/05 06:29:19.468,242.525,6.778
2025/10/05 06:29:21.092,242.978,6.778
2025/10/05 06:29:22.538,243.459,6.778
2025/10/05 06:29:23.946,243.984,6.778
2025/10/05 06:29:25.556,244.505,6.778
2025/10/05 06:29:26.929,244.997,6.778
2025/10/05 06:29:28.298,245.494,6.778
2025/10/05 06:29:29.703,246.038,6.778
2025/10/05 06:29:31.121,246.45,6.778
2025/10/05 06:29:32.494,247.054,6.778
2025/10/05 06:29:35.130,228.965,4.883
2025/10/05 06:29:36.662,229.512,4.883
2025/10/05 06:29:38.059,229.973,4.883
2025/10/05 06:29:39.435,230.498,4.883
2025/10/05 06:29:40.814,230.998,4.883
2025/10/05 06:29:42.353,231.511,4.883
2025/10/05 06:29:43.735,231.992,4.883
2025/10/05 06:29:45.109,232.536,4.883
2025/10/05 06:29:46.474,233.016,4.883
2025/10/05 06:29:48.069,233.472,4.883
2025/10/05 06:29:49.490,233.994,4.883
2025/10/05 06:29:50.846,234.522,4.883
2025/10/05 06:29:52.406,235.03,4.883
2025/10/05 06:29:53.802,235.48,4.883
2025/10/05 06:29:55.192,235.98,4.883
2025/10/05 06:29:56.614,236.532,4.883
2025/10/05 06:29:57.988,236.961,4.883
2025/10/05 06:29:59.551,237.535,4.883
2025/10/05 06:30:00.944,237.993,4.883
2025/10/05 06:30:02.337,238.49,4.883
2025/10/05 06:30:03.723,239.007,4.883
2025/10/05 06:30:05.343,239.529,4.883
2025/10/05 06:30:06.707,239.979,4.883
2025/10/05 06:30:08.088,240.556,4.883
2025/10/05 06:30:09.461,241.014,4.883
2025/10/05 06:30:11.028,241.492,4.883
2025/10/05 06:30:12.404,241.992,4.883
2025/10/05 06:30:13.773,242.52,4.883
2025/10/05 06:30:15.146,242.978,4.883
2025/10/05 06:30:16.735,243.525,4.883
2025/10/05 06:30:18.130,243.956,4.883
2025/10/05 06:30:19.526,244.5,4.883
2025/10/05 06:30:21.055,244.986,4.883
2025/10/05 06:30:23.848,228.965,4.281
2025/10/05 06:30:25.242,229.479,4.281
2025/10/05 06:30:26.824,229.929,4.281
2025/10/05 06:30:28.203,230.506,4.281
2025/10/05 06:30:29.617,231.044,4.281
2025/10/05 06:30:31.001,231.487,4.281
2025/10/05 06:30:32.544,232.052,4.281
2025/10/05 06:30:33.965,232.467,4.281
2025/10/05 06:30:35.331,233.022,4.281
2025/10/05 06:30:36.717,233.53,4.281
2025/10/05 06:30:38.136,234.0,4.281
2025/10/05 06:30:39.539,234.461,4.281
2025/10/05 06:30:40.912,235.013,4.281
2025/10/05 06:30:42.308,235.524,4.281
2025/10/05 06:30:43.874,235.977,4.281
2025/10/05 06:30:45.253,236.551,4.281
2025/10/05 06:30:46.632,236.974,4.281
2025/10/05 06:30:48.009,237.557,4.281
2025/10/05 06:30:49.583,237.938,4.281
2025/10/05 06:30:50.995,238.499,4.281
2025/10/05 06:30:52.368,238.979,4.281
2025/10/05 06:30:53.744,239.553,4.281
2025/10/05 06:30:55.334,239.979,4.281
2025/10/05 06:30:56.693,240.528,4.281
2025/10/05 06:30:58.067,240.998,4.281
2025/10/05 06:30:59.548,241.426,4.281
2025/10/05 06:31:01.153,241.973,4.281
2025/10/05 06:31:02.552,242.52,4.281
2025/10/05 06:31:04.049,242.987,4.281
2025/10/05 06:31:05.629,243.536,4.281
2025/10/05 06:31:07.059,244.005,4.281
2025/10/05 06:31:08.410,244.508,4.281
2025/10/05 06:31:09.823,244.95,4.281
2025/10/05 06:31:12.928,223.005,11.208
2025/10/05 06:31:14.575,223.931,11.208
2025/10/05 06:31:16.040,225.021,11.208
2025/10/05 06:31:17.453,225.98,11.208
2025/10/05 06:31:19.062,227.015,11.208
2025/10/05 06:31:20.495,228.001,11.208
2025/10/05 06:31:21.894,228.995,11.208
2025/10/05 06:31:23.520,229.998,11.208
2025/10/05 06:31:24.952,231.006,11.208
2025/10/05 06:31:26.334,232.014,11.208
2025/10/05 06:31:27.756,232.989,11.208
2025/10/05 06:31:29.211,234.038,11.208
2025/10/05 06:31:30.642,235.035,11.208
2025/10/05 06:31:32.083,235.974,11.208
2025/10/05 06:31:33.727,237.021,11.208
2025/10/05 06:31:35.149,238.034,11.208
2025/10/05 06:31:36.536,238.971,11.208
2025/10/05 06:31:37.959,240.001,11.208
2025/10/05 06:31:39.437,241.012,11.208
2025/10/05 06:31:40.876,242.009,11.208
2025/10/05 06:31:42.283,243.011,11.208
2025/10/05 06:31:43.919,243.989,11.208
2025/10/05 06:31:45.401,245.011,11.208
2025/10/05 06:31:46.821,246.005,11.208
2025/10/05 06:31:48.441,247.073,11.208
2025/10/05 06:31:49.841,248.005,11.208
2025/10/05 06:31:51.262,248.958,11.208
2025/10/05 06:31:52.878,249.941,11.208
2025/10/05 06:31:54.296,251.012,11.208
2025/10/05 06:31:57.345,227.012,6.784
2025/10/05 06:31:58.712,227.474,6.784
2025/10/05 06:32:00.173,227.954,6.784
2025/10/05 06:32:01.571,228.559,6.784
2025/10/05 06:32:03.125,229.015,6.784
2025/10/05 06:32:04.594,229.493,6.784
2025/10/05 06:32:05.945,229.951,6.784
2025/10/05 06:32:07.567,230.503,6.784
2025/10/05 06:32:08.964,230.992,6.784
2025/10/05 06:32:10.359,231.509,6.784
2025/10/05 06:32:11.741,232.003,6.784
2025/10/05 06:32:13.269,232.478,6.784
2025/10/05 06:32:14.709,232.989,6.784
2025/10/05 06:32:16.074,233.555,6.784
2025/10/05 06:32:17.427,234.077,6.784
2025/10/05 06:32:18.974,234.45,6.784
2025/10/05 06:32:20.391,235.074,6.784
2025/10/05 06:32:21.746,235.483,6.784
2025/10/05 06:32:23.336,235.961,6.784
2025/10/05 06:32:24.731,236.516,6.784
2025/10/05 06:32:26.095,236.974,6.784
2025/10/05 06:32:27.509,237.543,6.784
2025/10/05 06:32:29.097,237.996,6.784
2025/10/05 06:32:30.488,238.543,6.784
2025/10/05 06:32:31.900,238.952,6.784
2025/10/05 06:32:33.265,239.476,6.784
2025/10/05 06:32:34.640,240.031,6.784
2025/10/05 06:32:36.250,240.476,6.784
2025/10/05 06:32:37.645,241.072,6.784
2025/10/05 06:32:39.021,241.512,6.784
2025/10/05 06:32:40.605,241.981,6.784
2025/10/05 06:32:41.996,242.443,6.784
2025/10/05 06:32:43.361,243.058,6.784
2025/10/05 06:32:44.742,243.475,6.784
2025/10/05 06:32:46.326,244.011,6.784
2025/10/05 06:32:47.697,244.558,6.784
2025/10/05 06:32:49.091,244.981,6.784
2025/10/05 06:32:50.468,245.469,6.784
2025/10/05 06:32:51.864,246.008,6.784
2025/10/05 06:32:53.427,246.513,6.784
2025/10/05 06:32:54.857,247.082,6.784
2025/10/05 06:32:57.530,229.037,4.877
2025/10/05 06:32:59.104,229.49,4.877
2025/10/05 06:33:00.486,229.973,4.877
2025/10/05 06:33:01.879,230.539,4.877
2025/10/05 06:33:03.259,230.97,4.877
2025/10/05 06:33:04.876,231.525,4.877
2025/10/05 06:33:06.237,232.008,4.877
2025/10/05 06:33:07.602,232.503,4.877
2025/10/05 06:33:08.967,232.97,4.877
2025/10/05 06:33:10.557,233.533,4.877
2025/10/05 06:33:11.968,234.033,4.877
2025/10/05 06:33:13.314,234.497,4.877
2025/10/05 06:33:14.686,234.997,4.877
2025/10/05 06:33:16.306,235.453,4.877
2025/10/05 06:33:17.702,236.029,4.877
2025/10/05 06:33:19.115,236.56,4.877
2025/10/05 06:33:20.470,236.944,4.877
2025/10/05 06:33:21.842,237.578,4.877
2025/10/05 06:33:23.259,237.96,4.877
2025/10/05 06:33:24.666,238.488,4.877
2025/10/05 06:33:26.010,238.974,4.877
2025/10/05 06:33:27.399,239.454,4.877
2025/10/05 06:33:28.983,240.075,4.877
2025/10/05 06:33:30.382,240.534,4.877
2025/10/05 06:33:31.763,240.968,4.877
2025/10/05 06:33:33.333,241.514,4.877
2025/10/05 06:33:34.716,241.989,4.877
2025/10/05 06:33:36.094,242.528,4.877
2025/10/05 06:33:37.494,242.997,4.877
2025/10/05 06:33:38.864,243.484,4.877
2025/10/05 06:33:40.425,244.06,4.877
2025/10/05 06:33:41.802,244.456,4.877
2025/10/05 06:33:43.201,244.972,4.877
2025/10/05 06:33:45.693,228.993,4.284
2025/10/05 06:33:47.293,229.479,4.284
2025/10/05 06:33:48.662,229.987,4.284
2025/10/05 06:33:50.067,230.542,4.284
2025/10/05 06:33:51.465,230.981,4.284
2025/10/05 06:33:53.043,231.5,4.284
2025/10/05 06:33:54.443,232.022,4.284
2025/10/05 06:33:55.779,232.511,4.284
2025/10/05 06:33:57.136,233.025,4.284
2025/10/05 06:33:58.734,233.497,4.284
2025/10/05 06:34:00.142,233.964,4.284
2025/10/05 06:34:01.522,234.579,4.284
2025/10/05 06:34:02.899,234.958,4.284
2025/10/05 06:34:04.419,235.53,4.284
2025/10/05 06:34:05.813,235.972,4.284
2025/10/05 06:34:07.208,236.505,4.284
2025/10/05 06:34:08.597,236.991,4.284
2025/10/05 06:34:10.165,237.529,4.284
2025/10/05 06:34:11.534,237.985,4.284
2025/10/05 06:34:12.919,238.488,4.284
2025/10/05 06:34:14.305,238.993,4.284
2025/10/05 06:34:15.925,239.515,4.284
2025/10/05 06:34:17.358,239.995,4.284
2025/10/05 06:34:18.708,240.509,4.284
2025/10/05 06:34:20.066,240.992,4.284
2025/10/05 06:34:21.647,241.512,4.284
2025/10/05 06:34:23.053,241.962,4.284
2025/10/05 06:34:24.527,242.542,4.284
2025/10/05 06:34:25.874,243.041,4.284
2025/10/05 06:34:27.443,243.47,4.284
2025/10/05 06:34:28.835,243.975,4.284
2025/10/05 06:34:30.167,244.538,4.284
2025/10/05 06:34:31.515,244.986,4.284
2025/10/05 06:34:34.634,223.06,11.208
2025/10/05 06:34:36.085,223.922,11.208
2025/10/05 06:34:37.709,225.013,11.208
2025/10/05 06:34:39.137,226.004,11.208
2025/10/05 06:34:40.559,227.048,11.208
2025/10/05 06:34:42.178,227.996,11.208
2025/10/05 06:34:43.625,228.995,11.208
2025/10/05 06:34:45.024,230.02,11.208
2025/10/05 06:34:46.644,230.978,11.208
2025/10/05 06:34:48.058,232.006,11.208
2025/10/05 06:34:49.489,233.005,11.208
2025/10/05 06:34:50.896,234.016,11.208
2025/10/05 06:34:52.498,235.005,11.208
2025/10/05 06:34:53.906,235.955,11.208
2025/10/05 06:34:55.341,237.015,11.208
2025/10/05 06:34:56.761,238.004,11.208
2025/10/05 06:34:58.446,238.998,11.208
2025/10/05 06:34:59.883,239.984,11.208
2025/10/05 06:35:01.296,241.039,11.208
2025/10/05 06:35:02.677,242.033,11.208
2025/10/05 06:35:04.270,243.006,11.208
2025/10/05 06:35:05.693,243.981,11.208
2025/10/05 06:35:07.111,244.997,11.208
2025/10/05 06:35:08.693,246.093,11.208
2025/10/05 06:35:10.104,246.939,11.208
2025/10/05 06:35:11.533,248.01,11.208
2025/10/05 06:35:13.157,249.015,11.208
2025/10/05 06:35:14.562,250.015,11.208
2025/10/05 06:35:16.005,250.952,11.208
2025/10/05 06:35:19.078,226.982,6.775
2025/10/05 06:35:20.458,227.446,6.775
2025/10/05 06:35:21.830,228.034,6.775
2025/10/05 06:35:23.404,228.515,6.775
2025/10/05 06:35:24.753,229.02,6.775
2025/10/05 06:35:26.142,229.515,6.775
2025/10/05 06:35:27.524,229.981,6.775
2025/10/05 06:35:28.865,230.512,6.775
2025/10/05 06:35:30.427,231.0,6.775
2025/10/05 06:35:31.818,231.44,6.775
2025/10/05 06:35:33.234,232.008,6.775
2025/10/05 06:35:34.585,232.511,6.775
2025/10/05 06:35:35.942,232.992,6.775
2025/10/05 06:35:37.508,233.525,6.775
2025/10/05 06:35:38.889,233.948,6.775
2025/10/05 06:35:40.309,234.494,6.775
2025/10/05 06:35:41.675,235.093,6.775
2025/10/05 06:35:43.291,235.403,6.775
2025/10/05 06:35:44.628,236.04,6.775
2025/10/05 06:35:46.009,236.439,6.775
2025/10/05 06:35:47.382,236.993,6.775
2025/10/05 06:35:48.733,237.491,6.775
2025/10/05 06:35:50.291,238.029,6.775
2025/10/05 06:35:51.687,238.523,6.775
2025/10/05 06:35:53.037,239.001,6.775
2025/10/05 06:35:54.644,239.526,6.775
2025/10/05 06:35:56.036,239.976,6.775
2025/10/05 06:35:57.412,240.498,6.775
2025/10/05 06:35:58.786,240.987,6.775
2025/10/05 06:36:00.246,241.536,6.775
2025/10/05 06:36:01.649,241.957,6.775
2025/10/05 06:36:03.008,242.531,6.775
2025/10/05 06:36:04.402,243.014,6.775
2025/10/05 06:36:05.991,243.492,6.775
2025/10/05 06:36:07.427,244.008,6.775
2025/10/05 06:36:08.800,244.483,6.775
2025/10/05 06:36:10.167,244.992,6.775
2025/10/05 06:36:11.735,245.505,6.775
2025/10/05 06:36:13.117,246.041,6.775
2025/10/05 06:36:14.520,246.477,6.775
2025/10/05 06:36:16.264,246.925,6.775
2025/10/05 06:36:18.893,228.993,4.88
2025/10/05 06:36:20.417,229.427,4.88
2025/10/05 06:36:21.809,230.001,4.88
2025/10/05 06:36:23.188,230.506,4.88
2025/10/05 06:36:24.601,230.97,4.88
2025/10/05 06:36:26.189,231.544,4.88
2025/10/05 06:36:27.536,231.992,4.88
2025/10/05 06:36:28.936,232.429,4.88
2025/10/05 06:36:30.325,233.102,4.88
2025/10/05 06:36:31.920,233.53,4.88
2025/10/05 06:36:33.279,233.926,4.88
2025/10/05 06:36:34.644,234.489,4.88
2025/10/05 06:36:36.011,235.038,4.88
2025/10/05 06:36:37.582,235.477,4.88
2025/10/05 06:36:38.986,236.013,4.88
2025/10/05 06:36:40.364,236.494,4.88
2025/10/05 06:36:41.750,236.974,4.88
2025/10/05 06:36:43.270,237.529,4.88
2025/10/05 06:36:44.650,238.01,4.88
2025/10/05 06:36:46.014,238.51,4.88
2025/10/05 06:36:47.369,238.979,4.88
2025/10/05 06:36:48.928,239.476,4.88
2025/10/05 06:36:50.340,240.034,4.88
2025/10/05 06:36:51.749,240.517,4.88
2025/10/05 06:36:53.114,240.982,4.88
2025/10/05 06:36:54.601,241.558,4.88
2025/10/05 06:36:55.950,241.995,4.88
2025/10/05 06:36:57.347,242.506,4.88
2025/10/05 06:36:58.740,243.011,4.88
2025/10/05 06:37:00.318,243.478,4.88
2025/10/05 06:37:01.730,244.038,4.88
2025/10/05 06:37:03.071,244.563,4.88
2025/10/05 06:37:04.612,244.967,4.88
2025/10/05 06:37:07.241,228.951,4.284
2025/10/05 06:37:08.642,229.443,4.284
2025/10/05 06:37:10.027,230.014,4.284
2025/10/05 06:37:11.401,230.479,4.284
2025/10/05 06:37:12.997,230.976,4.284
2025/10/05 06:37:14.395,231.542,4.284
2025/10/05 06:37:15.765,231.989,4.284
2025/10/05 06:37:17.127,232.525,4.284
2025/10/05 06:37:18.621,232.992,4.284
2025/10/05 06:37:20.003,233.5,4.284
2025/10/05 06:37:21.389,234.005,4.284
2025/10/05 06:37:22.784,234.494,4.284
2025/10/05 06:37:24.345,235.052,4.284
2025/10/05 06:37:25.746,235.486,4.284
2025/10/05 06:37:27.092,235.999,4.284
2025/10/05 06:37:28.690,236.507,4.284
2025/10/05 06:37:30.073,237.004,4.284
2025/10/05 06:37:31.452,237.499,4.284
2025/10/05 06:37:32.860,238.018,4.284
2025/10/05 06:37:34.417,238.54,4.284
2025/10/05 06:37:35.835,238.944,4.284
2025/10/05 06:37:37.221,239.504,4.284
2025/10/05 06:37:38.597,240.031,4.284
2025/10/05 06:37:39.950,240.512,4.284
2025/10/05 06:37:41.542,241.025,4.284
2025/10/05 06:37:42.921,241.374,4.284
2025/10/05 06:37:44.309,242.055,4.284
2025/10/05 06:37:45.672,242.511,4.284
2025/10/05 06:37:47.220,242.978,4.284
2025/10/05 06:37:48.667,243.55,4.284
2025/10/05 06:37:50.038,244.014,4.284
2025/10/05 06:37:51.398,244.5,4.284
2025/10/05 06:37:52.967,244.972,4.284
2025/10/05 06:37:55.904,223.057,11.208
2025/10/05 06:37:57.416,223.939,11.208
2025/10/05 06:37:58.912,225.013,11.208
2025/10/05 06:38:00.502,226.032,11.208
2025/10/05 06:38:01.958,226.96,11.208
2025/10/05 06:38:03.369,228.062,11.208
2025/10/05 06:38:04.774,228.99,11.208
2025/10/05 06:38:06.373,230.006,11.208
2025/10/05 06:38:07.824,230.987,11.208
2025/10/05 06:38:09.233,231.989,11.208
2025/10/05 06:38:10.873,233.03,11.208
2025/10/05 06:38:12.322,234.0,11.208
2025/10/05 06:38:13.728,234.931,11.208
2025/10/05 06:38:15.166,236.076,11.208
2025/10/05 06:38:16.616,236.993,11.208
2025/10/05 06:38:18.070,238.032,11.208
2025/10/05 06:38:19.481,238.974,11.208
2025/10/05 06:38:21.076,240.028,11.208
2025/10/05 06:38:22.471,241.003,11.208
2025/10/05 06:38:23.994,242.006,11.208
2025/10/05 06:38:25.400,242.995,11.208
2025/10/05 06:38:27.051,244.008,11.208
2025/10/05 06:38:28.427,245.008,11.208
2025/10/05 06:38:29.850,246.01,11.208
2025/10/05 06:38:31.470,246.999,11.208
2025/10/05 06:38:32.875,247.999,11.208
2025/10/05 06:38:34.275,248.977,11.208
2025/10/05 06:38:35.691,250.004,11.208
2025/10/05 06:38:37.319,251.064,11.208
2025/10/05 06:38:40.444,226.982,6.781
2025/10/05 06:38:41.847,227.433,6.781
2025/10/05 06:38:43.251,228.045,6.781
2025/10/05 06:38:44.615,228.471,6.781
2025/10/05 06:38:45.983,229.02,6.781
2025/10/05 06:38:47.569,229.594,6.781
2025/10/05 06:38:48.963,229.979,6.781
2025/10/05 06:38:50.348,230.514,6.781
2025/10/05 06:38:51.743,230.965,6.781
2025/10/05 06:38:53.340,231.503,6.781
2025/10/05 06:38:54.725,232.011,6.781
2025/10/05 06:38:56.086,232.53,6.781
2025/10/05 06:38:57.454,233.0,6.781
2025/10/05 06:38:58.860,233.434,6.781
2025/10/05 06:39:00.222,234.074,6.781
2025/10/05 06:39:01.832,234.467,6.781
2025/10/05 06:39:03.229,235.016,6.781
2025/10/05 06:39:04.631,235.475,6.781
2025/10/05 06:39:05.992,236.013,6.781
2025/10/05 06:39:07.415,236.543,6.781
2025/10/05 06:39:08.818,236.9,6.781
2025/10/05 06:39:10.254,237.554,6.781
2025/10/05 06:39:11.641,238.012,6.781
2025/10/05 06:39:13.238,238.521,6.781
2025/10/05 06:39:14.647,239.004,6.781
2025/10/05 06:39:16.049,239.468,6.781
2025/10/05 06:39:17.490,239.99,6.781
2025/10/05 06:39:19.121,240.545,6.781
2025/10/05 06:39:20.528,241.02,6.781
2025/10/05 06:39:21.874,241.465,6.781
2025/10/05 06:39:23.260,242.025,6.781
2025/10/05 06:39:24.911,242.5,6.781
2025/10/05 06:39:26.313,242.973,6.781
2025/10/05 06:39:27.707,243.484,6.781
2025/10/05 06:39:29.070,244.008,6.781
2025/10/05 06:39:30.646,244.549,6.781
2025/10/05 06:39:31.988,244.992,6.781
2025/10/05 06:39:33.388,245.494,6.781
2025/10/05 06:39:34.773,246.002,6.781
2025/10/05 06:39:36.321,246.521,6.781
2025/10/05 06:39:37.704,246.972,6.781
2025/10/05 06:39:40.750,229.037,4.877
2025/10/05 06:39:42.137,229.449,4.877
2025/10/05 06:39:43.544,229.987,4.877
2025/10/05 06:39:44.887,230.435,4.877
2025/10/05 06:39:46.309,230.995,4.877
2025/10/05 06:39:47.688,231.489,4.877
2025/10/05 06:39:49.084,232.008,4.877
2025/10/05 06:39:50.449,232.522,4.877
2025/10/05 06:39:51.832,233.033,4.877
2025/10/05 06:39:53.402,233.453,4.877
2025/10/05 06:39:54.810,234.002,4.877
2025/10/05 06:39:56.167,234.524,4.877
2025/10/05 06:39:57.779,234.977,4.877
2025/10/05 06:39:59.178,235.45,4.877
2025/10/05 06:40:00.534,236.013,4.877
2025/10/05 06:40:01.932,236.51,4.877
2025/10/05 06:40:03.487,237.013,4.877
2025/10/05 06:40:04.901,237.485,4.877
2025/10/05 06:40:06.282,238.043,4.877
2025/10/05 06:40:07.672,238.49,4.877
2025/10/05 06:40:09.051,239.004,4.877
2025/10/05 06:40:10.460,239.441,4.877
2025/10/05 06:40:11.829,240.02,4.877
2025/10/05 06:40:13.205,240.454,4.877
2025/10/05 06:40:14.578,241.034,4.877
2025/10/05 06:40:16.167,241.539,4.877
2025/10/05 06:40:17.554,241.929,4.877
2025/10/05 06:40:18.957,242.572,4.877
2025/10/05 06:40:20.330,242.978,4.877
2025/10/05 06:40:21.893,243.514,4.877
2025/10/05 06:40:23.267,244.03,4.877
2025/10/05 06:40:24.667,244.472,4.877
2025/10/05 06:40:26.029,245.055,4.877
2025/10/05 06:40:28.883,229.056,4.287
2025/10/05 06:40:30.266,229.482,4.287
2025/10/05 06:40:31.670,230.009,4.287
2025/10/05 06:40:33.046,230.498,4.287
2025/10/05 06:40:34.434,231.02,4.287
2025/10/05 06:40:35.784,231.47,4.287
2025/10/05 06:40:37.187,232.008,4.287
2025/10/05 06:40:38.561,232.467,4.287
2025/10/05 06:40:40.152,233.011,4.287
2025/10/05 06:40:41.548,233.527,4.287
2025/10/05 06:40:42.948,233.983,4.287
2025/10/05 06:40:44.509,234.486,4.287
2025/10/05 06:40:45.940,235.032,4.287
2025/10/05 06:40:47.309,235.513,4.287
2025/10/05 06:40:48.674,236.01,4.287
2025/10/05 06:40:50.077,236.469,4.287
2025/10/05 06:40:51.498,237.065,4.287
2025/10/05 06:40:52.913,237.46,4.287
2025/10/05 06:40:54.288,238.021,4.287
2025/10/05 06:40:55.662,238.507,4.287
2025/10/05 06:40:57.217,239.015,4.287
2025/10/05 06:40:58.618,239.531,4.287
2025/10/05 06:40:59.992,239.949,4.287
2025/10/05 06:41:01.550,240.534,4.287
2025/10/05 06:41:03.005,240.992,4.287
2025/10/05 06:41:04.352,241.517,4.287
2025/10/05 06:41:05.715,242.003,4.287
2025/10/05 06:41:07.112,242.511,4.287
2025/10/05 06:41:08.633,243.017,4.287
2025/10/05 06:41:10.050,243.484,4.287
2025/10/05 06:41:11.438,244.025,4.287
2025/10/05 06:41:12.815,244.503,4.287
2025/10/05 06:41:14.417,244.972,4.287
2025/10/05 06:41:17.294,223.041,11.208
2025/10/05 06:41:18.687,223.961,11.208
2025/10/05 06:41:20.145,225.007,11.208
2025/10/05 06:41:21.582,226.024,11.208
2025/10/05 06:41:23.224,226.971,11.208
2025/10/05 06:41:24.665,227.971,11.208
2025/10/05 06:41:26.088,229.02,11.208
2025/10/05 06:41:27.467,230.02,11.208
2025/10/05 06:41:29.086,231.017,11.208
2025/10/05 06:41:30.518,231.997,11.208
2025/10/05 06:41:31.923,233.008,11.208
2025/10/05 06:41:33.550,234.005,11.208
2025/10/05 06:41:34.962,234.997,11.208
2025/10/05 06:41:36.364,235.963,11.208
2025/10/05 06:41:37.753,237.018,11.208
2025/10/05 06:41:39.406,238.07,11.208
2025/10/05 06:41:40.792,239.001,11.208
2025/10/05 06:41:42.225,239.998,11.208
2025/10/05 06:41:43.836,240.971,11.208
2025/10/05 06:41:45.303,242.028,11.208
2025/10/05 06:41:46.720,242.997,11.208
2025/10/05 06:41:48.332,244.022,11.208
2025/10/05 06:41:49.734,245.035,11.208
2025/10/05 06:41:51.158,246.021,11.208
2025/10/05 06:41:52.803,246.997,11.208
2025/10/05 06:41:54.245,247.972,11.208
2025/10/05 06:41:55.677,248.98,11.208
2025/10/05 06:41:57.057,249.999,11.208
2025/10/05 06:41:58.662,251.004,11.208
2025/10/05 06:42:01.485,227.04,6.781
2025/10/05 06:42:03.042,227.463,6.781
2025/10/05 06:42:04.471,228.062,6.781
2025/10/05 06:42:05.835,228.463,6.781
2025/10/05 06:42:07.198,229.034,6.781
2025/10/05 06:42:08.716,229.526,6.781
2025/10/05 06:42:10.072,229.992,6.781
2025/10/05 06:42:11.448,230.484,6.781
2025/10/05 06:42:12.802,230.94,6.781
2025/10/05 06:42:14.480,231.577,6.781
2025/10/05 06:42:15.835,232.003,6.781
2025/10/05 06:42:17.208,232.497,6.781
2025/10/05 06:42:18.786,233.027,6.781
2025/10/05 06:42:20.173,233.461,6.781
2025/10/05 06:42:21.555,234.033,6.781
2025/10/05 06:42:22.911,234.544,6.781
2025/10/05 06:42:24.315,234.953,6.781
2025/10/05 06:42:25.730,235.502,6.781
2025/10/05 06:42:27.074,236.013,6.781
2025/10/05 06:42:28.478,236.447,6.781
2025/10/05 06:42:29.860,237.065,6.781
2025/10/05 06:42:31.433,237.493,6.781
2025/10/05 06:42:32.812,237.974,6.781
2025/10/05 06:42:34.186,238.54,6.781
2025/10/05 06:42:35.767,239.018,6.781
2025/10/05 06:42:37.145,239.534,6.781
2025/10/05 06:42:38.560,239.968,6.781
2025/10/05 06:42:39.914,240.515,6.781
2025/10/05 06:42:41.268,241.02,6.781
2025/10/05 06:42:42.766,241.506,6.781
2025/10/05 06:42:44.148,241.992,6.781
2025/10/05 06:42:45.525,242.525,6.781
2025/10/05 06:42:46.895,242.987,6.781
2025/10/05 06:42:48.495,243.497,6.781
2025/10/05 06:42:49.879,244.014,6.781
2025/10/05 06:42:51.235,244.53,6.781
2025/10/05 06:42:52.792,244.989,6.781
2025/10/05 06:42:54.189,245.464,6.781
2025/10/05 06:42:55.568,245.991,6.781
2025/10/05 06:42:56.968,246.483,6.781
2025/10/05 06:42:58.323,247.024,6.781
2025/10/05 06:43:01.161,229.028,4.88
2025/10/05 06:43:02.562,229.484,4.88
2025/10/05 06:43:04.154,229.995,4.88
2025/10/05 06:43:05.542,230.506,4.88
2025/10/05 06:43:06.953,231.003,4.88
2025/10/05 06:43:08.312,231.498,4.88
2025/10/05 06:43:09.898,231.975,4.88
2025/10/05 06:43:11.275,232.585,4.88
2025/10/05 06:43:12.606,232.997,4.88
2025/10/05 06:43:13.985,233.505,4.88
2025/10/05 06:43:15.573,233.994,4.88
2025/10/05 06:43:17.004,234.541,4.88
2025/10/05 06:43:18.339,235.019,4.88
2025/10/05 06:43:19.695,235.497,4.88
2025/10/05 06:43:21.101,235.977,4.88
2025/10/05 06:43:22.519,236.502,4.88
2025/10/05 06:43:23.905,237.004,4.88
2025/10/05 06:43:25.247,237.491,4.88
2025/10/05 06:43:26.641,238.021,4.88
2025/10/05 06:43:28.232,238.463,4.88
2025/10/05 06:43:29.619,239.015,4.88
2025/10/05 06:43:30.987,239.501,4.88
2025/10/05 06:43:32.346,240.037,4.88
2025/10/05 06:43:33.908,240.482,4.88
2025/10/05 06:43:35.318,241.014,4.88
2025/10/05 06:43:36.651,241.503,4.88
2025/10/05 06:43:38.005,242.014,4.88
2025/10/05 06:43:39.605,242.44,4.88
2025/10/05 06:43:41.000,243.017,4.88
2025/10/05 06:43:42.408,243.511,4.88
2025/10/05 06:43:43.787,244.003,4.88
2025/10/05 06:43:45.381,244.547,4.88
2025/10/05 06:43:46.730,244.972,4.88
2025/10/05 06:43:49.305,229.05,4.284
2025/10/05 06:43:50.868,229.476,4.284
2025/10/05 06:43:52.270,230.003,4.284
2025/10/05 06:43:53.637,230.503,4.284
2025/10/05 06:43:55.009,230.962,4.284
2025/10/05 06:43:56.639,231.484,4.284
2025/10/05 06:43:58.017,232.047,4.284
2025/10/05 06:43:59.397,232.503,4.284
2025/10/05 06:44:00.773,233.022,4.284
2025/10/05 06:44:02.142,233.464,4.284
2025/10/05 06:44:03.552,234.038,4.284
2025/10/05 06:44:04.918,234.516,4.284
2025/10/05 06:44:06.291,234.994,4.284
2025/10/05 06:44:07.659,235.513,4.284
2025/10/05 06:44:09.239,235.988,4.284
2025/10/05 06:44:10.649,236.491,4.284
2025/10/05 06:44:12.019,237.026,4.284
2025/10/05 06:44:13.383,237.496,4.284
2025/10/05 06:44:14.929,238.018,4.284
2025/10/05 06:44:16.339,238.49,4.284
2025/10/05 06:44:17.713,239.037,4.284
2025/10/05 06:44:19.063,239.567,4.284
2025/10/05 06:44:20.633,239.943,4.284
2025/10/05 06:44:21.987,240.504,4.284
2025/10/05 06:44:23.399,241.001,4.284
2025/10/05 06:44:24.776,241.517,4.284
2025/10/05 06:44:26.149,242.009,4.284
2025/10/05 06:44:27.556,242.487,4.284
2025/10/05 06:44:28.919,243.058,4.284
2025/10/05 06:44:30.287,243.478,4.284
2025/10/05 06:44:31.669,244.022,4.284
2025/10/05 06:44:33.240,244.481,4.284
2025/10/05 06:44:34.640,244.994,4.284
2025/10/05 06:44:37.857,223.041,11.208
2025/10/05 06:44:39.287,223.925,11.208
2025/10/05 06:44:40.687,225.043,11.208
2025/10/05 06:44:42.114,226.018,11.208
2025/10/05 06:44:43.794,226.957,11.208
2025/10/05 06:44:45.248,228.026,11.208
2025/10/05 06:44:46.694,228.987,11.208
2025/10/05 06:44:48.338,230.001,11.208
2025/10/05 06:44:49.763,231.036,11.208
2025/10/05 06:44:51.184,231.97,11.208
2025/10/05 06:44:52.779,232.994,11.208
2025/10/05 06:44:54.219,234.016,11.208
2025/10/05 06:44:55.626,234.991,11.208
2025/10/05 06:44:57.252,236.024,11.208
2025/10/05 06:44:58.652,236.988,11.208
2025/10/05 06:45:00.067,237.985,11.208
2025/10/05 06:45:01.503,239.001,11.208
2025/10/05 06:45:03.193,240.023,11.208
2025/10/05 06:45:04.590,240.96,11.208
2025/10/05 06:45:05.998,242.003,11.208
2025/10/05 06:45:07.684,243.014,11.208
2025/10/05 06:45:09.093,244.085,11.208
2025/10/05 06:45:10.502,244.978,11.208
2025/10/05 06:45:11.912,246.01,11.208
2025/10/05 06:45:13.544,247.01,11.208
2025/10/05 06:45:14.976,247.969,11.208
2025/10/05 06:45:16.424,249.043,11.208
2025/10/05 06:45:17.801,249.952,11.208
2025/10/05 06:45:19.418,251.075,11.208
2025/10/05 06:45:22.483,227.021,6.778
2025/10/05 06:45:23.876,227.485,6.778
2025/10/05 06:45:25.242,228.001,6.778
2025/10/05 06:45:26.631,228.518,6.778
2025/10/05 06:45:28.218,229.001,6.778
2025/10/05 06:45:29.622,229.49,6.778
2025/10/05 06:45:31.012,230.006,6.778
2025/10/05 06:45:32.391,230.501,6.778
2025/10/05 06:45:33.951,231.025,6.778
2025/10/05 06:45:35.326,231.533,6.778
2025/10/05 06:45:36.688,232.019,6.778
2025/10/05 06:45:38.060,232.492,6.778
2025/10/05 06:45:39.630,233.008,6.778
2025/10/05 06:45:41.055,233.47,6.778
2025/10/05 06:45:42.414,234.024,6.778
2025/10/05 06:45:43.792,234.48,6.778
2025/10/05 06:45:45.170,235.008,6.778
2025/10/05 06:45:46.739,235.51,6.778
2025/10/05 06:45:48.132,235.983,6.778
2025/10/05 06:45:49.527,236.535,6.778
2025/10/05 06:45:50.890,236.971,6.778
2025/10/05 06:45:52.503,237.491,6.778
2025/10/05 06:45:53.896,238.012,6.778
2025/10/05 06:45:55.260,238.496,6.778
2025/10/05 06:45:56.610,238.985,6.778
2025/10/05 06:45:58.163,239.523,6.778
2025/10/05 06:45:59.580,239.968,6.778
2025/10/05 06:46:00.943,240.515,6.778
2025/10/05 06:46:02.313,241.02,6.778
2025/10/05 06:46:03.823,241.536,6.778
2025/10/05 06:46:05.188,241.992,6.778
2025/10/05 06:46:06.586,242.5,6.778
2025/10/05 06:46:07.954,242.965,6.778
2025/10/05 06:46:09.569,243.58,6.778
2025/10/05 06:46:10.922,244.022,6.778
2025/10/05 06:46:12.287,244.494,6.778
2025/10/05 06:46:13.685,245.011,6.778
2025/10/05 06:46:15.025,245.524,6.778
2025/10/05 06:46:16.605,245.994,6.778
2025/10/05 06:46:17.991,246.499,6.778
2025/10/05 06:46:19.366,247.013,6.778
2025/10/05 06:46:22.367,229.048,4.88
2025/10/05 06:46:23.725,229.479,4.88
2025/10/05 06:46:25.088,230.003,4.88
2025/10/05 06:46:26.668,230.531,4.88
2025/10/05 06:46:28.051,231.003,4.88
2025/10/05 06:46:29.435,231.476,4.88
2025/10/05 06:46:30.816,232.019,4.88
2025/10/05 06:46:32.185,232.503,4.88
2025/10/05 06:46:33.743,232.975,4.88
2025/10/05 06:46:35.129,233.522,4.88
2025/10/05 06:46:36.503,234.019,4.88
2025/10/05 06:46:37.871,234.431,4.88
2025/10/05 06:46:39.460,235.071,4.88
2025/10/05 06:46:40.861,235.488,4.88
2025/10/05 06:46:42.249,236.007,4.88
2025/10/05 06:46:43.633,236.477,4.88
2025/10/05 06:46:44.991,237.04,4.88
2025/10/05 06:46:46.527,237.491,4.88
2025/10/05 06:46:47.907,238.015,4.88
2025/10/05 06:46:49.271,238.512,4.88
2025/10/05 06:46:50.637,239.012,4.88
2025/10/05 06:46:52.000,239.485,4.88
2025/10/05 06:46:53.575,240.012,4.88
2025/10/05 06:46:54.952,240.539,4.88
2025/10/05 06:46:56.311,240.979,4.88
2025/10/05 06:46:57.913,241.473,4.88
2025/10/05 06:46:59.293,242.033,4.88
2025/10/05 06:47:00.657,242.536,4.88
2025/10/05 06:47:02.048,242.962,4.88
2025/10/05 06:47:03.407,243.495,4.88
2025/10/05 06:47:04.866,243.995,4.88
2025/10/05 06:47:06.263,244.538,4.88
2025/10/05 06:47:07.628,245.005,4.88
2025/10/05 06:47:10.536,229.037,4.281
2025/10/05 06:47:11.923,229.451,4.281
2025/10/05 06:47:13.301,230.017,4.281
2025/10/05 06:47:14.677,230.539,4.281
2025/10/05 06:47:16.273,230.973,4.281
2025/10/05 06:47:17.660,231.514,4.281
2025/10/05 06:47:19.045,231.986,4.281
2025/10/05 06:47:20.427,232.473,4.281
2025/10/05 06:47:21.880,232.994,4.281
2025/10/05 06:47:23.235,233.544,4.281
2025/10/05 06:47:24.616,233.991,4.281
2025/10/05 06:47:25.986,234.472,4.281
2025/10/05 06:47:27.578,235.016,4.281
2025/10/05 06:47:28.999,235.458,4.281
2025/10/05 06:47:30.364,236.018,4.281
2025/10/05 06:47:31.945,236.521,4.281
2025/10/05 06:47:33.314,237.004,4.281
2025/10/05 06:47:34.706,237.535,4.281
2025/10/05 06:47:36.062,237.985,4.281
2025/10/05 06:47:37.447,238.444,4.281
2025/10/05 06:47:38.902,239.097,4.281
2025/10/05 06:47:40.289,239.474,4.281
2025/10/05 06:47:41.672,239.941,4.281
2025/10/05 06:47:43.045,240.512,4.281
2025/10/05 06:47:44.637,241.003,4.281
2025/10/05 06:47:46.033,241.476,4.281
2025/10/05 06:47:47.397,241.987,4.281
2025/10/05 06:47:49.004,242.498,4.281
2025/10/05 06:47:50.403,242.951,4.281
2025/10/05 06:47:51.775,243.566,4.281
2025/10/05 06:47:53.150,244.011,4.281
2025/10/05 06:47:54.612,244.541,4.281
2025/10/05 06:47:55.998,244.939,4.281
2025/10/05 06:47:59.196,223.049,11.208
2025/10/05 06:48:00.593,223.939,11.208
2025/10/05 06:48:02.059,225.005,11.208
2025/10/05 06:48:03.466,225.985,11.208
2025/10/05 06:48:05.102,227.004,11.208
2025/10/05 06:48:06.514,228.009,11.208
2025/10/05 06:48:07.935,229.056,11.208
2025/10/05 06:48:09.561,229.987,11.208
2025/10/05 06:48:10.996,230.984,11.208
2025/10/05 06:48:12.425,232.011,11.208
2025/10/05 06:48:14.052,233.003,11.208
2025/10/05 06:48:15.498,234.052,11.208
2025/10/05 06:48:16.887,234.98,11.208
2025/10/05 06:48:18.312,235.999,11.208
2025/10/05 06:48:19.727,237.051,11.208
2025/10/05 06:48:21.157,237.96,11.208
2025/10/05 06:48:22.574,239.018,11.208
2025/10/05 06:48:24.174,240.004,11.208
2025/10/05 06:48:25.607,241.014,11.208
2025/10/05 06:48:26.984,242.039,11.208
2025/10/05 06:48:28.424,242.981,11.208
2025/10/05 06:48:30.042,244.03,11.208
2025/10/05 06:48:31.454,245.016,11.208
2025/10/05 06:48:32.862,246.013,11.208
2025/10/05 06:48:34.240,246.977,11.208
2025/10/05 06:48:35.719,248.002,11.208
2025/10/05 06:48:37.142,249.04,11.208
2025/10/05 06:48:38.555,249.974,11.208
2025/10/05 06:48:40.163,251.034,11.208
2025/10/05 06:48:43.011,227.032,6.784
2025/10/05 06:48:44.361,227.46,6.784
2025/10/05 06:48:45.905,228.001,6.784
2025/10/05 06:48:47.278,228.509,6.784
2025/10/05 06:48:48.668,229.009,6.784
2025/10/05 06:48:50.051,229.479,6.784
2025/10/05 06:48:51.645,230.031,6.784
2025/10/05 06:48:53.020,230.512,6.784
2025/10/05 06:48:54.401,230.984,6.784
2025/10/05 06:48:55.774,231.517,6.784
2025/10/05 06:48:57.387,231.984,6.784
2025/10/05 06:48:58.786,232.547,6.784
2025/10/05 06:49:00.151,232.992,6.784
2025/10/05 06:49:01.507,233.522,6.784
2025/10/05 06:49:03.058,233.986,6.784
2025/10/05 06:49:04.467,234.491,6.784
2025/10/05 06:49:05.821,235.021,6.784
2025/10/05 06:49:07.217,235.508,6.784
2025/10/05 06:49:08.788,235.996,6.784
2025/10/05 06:49:10.180,236.521,6.784
2025/10/05 06:49:11.541,237.01,6.784
2025/10/05 06:49:12.905,237.436,6.784
2025/10/05 06:49:14.278,238.054,6.784
2025/10/05 06:49:15.827,238.496,6.784
2025/10/05 06:49:17.211,239.004,6.784
2025/10/05 06:49:18.586,239.479,6.784
2025/10/05 06:49:19.962,240.053,6.784
2025/10/05 06:49:21.349,240.473,6.784
2025/10/05 06:49:22.933,241.034,6.784
2025/10/05 06:49:24.282,241.479,6.784
2025/10/05 06:49:25.655,241.948,6.784
2025/10/05 06:49:27.073,242.558,6.784
2025/10/05 06:49:28.634,243.011,6.784
2025/10/05 06:49:30.042,243.508,6.784
2025/10/05 06:49:31.419,244.0,6.784
2025/10/05 06:49:33.017,244.525,6.784
2025/10/05 06:49:34.421,244.975,6.784
2025/10/05 06:49:35.785,245.538,6.784
2025/10/05 06:49:37.172,245.972,6.784
2025/10/05 06:49:38.545,246.516,6.784
2025/10/05 06:49:40.128,247.018,6.784
2025/10/05 06:49:42.983,229.089,4.883
2025/10/05 06:49:44.586,229.479,4.883
2025/10/05 06:49:45.989,230.02,4.883
2025/10/05 06:49:47.373,230.528,4.883
2025/10/05 06:49:48.717,231.031,4.883
2025/10/05 06:49:50.295,231.484,4.883
2025/10/05 06:49:51.674,231.995,4.883
2025/10/05 06:49:53.045,232.547,4.883
2025/10/05 06:49:54.396,232.97,4.883
2025/10/05 06:49:55.964,233.497,4.883
2025/10/05 06:49:57.319,233.978,4.883
2025/10/05 06:49:58.692,234.552,4.883
2025/10/05 06:50:00.112,234.936,4.883
2025/10/05 06:50:01.692,235.565,4.883
2025/10/05 06:50:03.059,236.024,4.883
2025/10/05 06:50:04.420,236.499,4.883
2025/10/05 06:50:05.807,237.029,4.883
2025/10/05 06:50:07.384,237.499,4.883
2025/10/05 06:50:08.794,238.018,4.883
2025/10/05 06:50:10.181,238.468,4.883
2025/10/05 06:50:11.559,239.092,4.883
2025/10/05 06:50:12.919,239.441,4.883
2025/10/05 06:50:14.539,240.045,4.883
2025/10/05 06:50:15.885,240.449,4.883
2025/10/05 06:50:17.304,240.995,4.883
2025/10/05 06:50:18.681,241.501,4.883
2025/10/05 06:50:20.252,241.987,4.883
2025/10/05 06:50:21.648,242.533,4.883
2025/10/05 06:50:23.012,243.003,4.883
2025/10/05 06:50:24.362,243.495,4.883
2025/10/05 06:50:25.923,243.951,4.883
2025/10/05 06:50:27.318,244.555,4.883
2025/10/05 06:50:28.697,244.948,4.883
2025/10/05 06:50:31.314,229.045,4.284
2025/10/05 06:50:32.768,229.49,4.284
2025/10/05 06:50:34.143,229.984,4.284
2025/10/05 06:50:35.509,230.528,4.284
2025/10/05 06:50:37.087,231.003,4.284
2025/10/05 06:50:38.472,231.517,4.284
2025/10/05 06:50:39.855,231.986,4.284
2025/10/05 06:50:41.246,232.437,4.284
2025/10/05 06:50:42.874,233.088,4.284
2025/10/05 06:50:44.254,233.467,4.284
2025/10/05 06:50:45.626,234.038,4.284
2025/10/05 06:50:46.999,234.502,4.284
2025/10/05 06:50:48.371,234.991,4.284
2025/10/05 06:50:49.928,235.53,4.284
2025/10/05 06:50:51.308,236.01,4.284
2025/10/05 06:50:52.675,236.507,4.284
2025/10/05 06:50:54.061,236.974,4.284
2025/10/05 06:50:55.654,237.51,4.284
2025/10/05 06:50:57.032,237.974,4.284
2025/10/05 06:50:58.400,238.518,4.284
2025/10/05 06:50:59.761,239.001,4.284
2025/10/05 06:51:01.318,239.534,4.284
2025/10/05 06:51:02.710,239.963,4.284
2025/10/05 06:51:04.076,240.493,4.284
2025/10/05 06:51:05.453,241.025,4.284
2025/10/05 06:51:06.986,241.498,4.284
2025/10/05 06:51:08.368,241.992,4.284
2025/10/05 06:51:09.773,242.489,4.284
2025/10/05 06:51:11.182,243.014,4.284
2025/10/05 06:51:12.770,243.533,4.284
2025/10/05 06:51:14.223,243.978,4.284
2025/10/05 06:51:15.582,244.519,4.284
2025/10/05 06:51:17.175,245.011,4.284
2025/10/05 06:51:20.003,223.085,11.208
2025/10/05 06:51:21.670,224.002,11.208
2025/10/05 06:51:23.081,224.961,11.208
2025/10/05 06:51:24.498,225.985,11.208
2025/10/05 06:51:25.936,227.021,11.208
2025/10/05 06:51:27.574,228.037,11.208
2025/10/05 06:51:29.029,228.976,11.208
2025/10/05 06:51:30.460,229.992,11.208
2025/10/05 06:51:32.008,231.036,11.208
2025/10/05 06:51:33.452,232.039,11.208
2025/10/05 06:51:34.856,232.959,11.208
2025/10/05 06:51:36.515,234.038,11.208
2025/10/05 06:51:37.924,235.027,11.208
2025/10/05 06:51:39.354,235.994,11.208
2025/10/05 06:51:40.920,237.015,11.208
2025/10/05 06:51:42.360,238.034,11.208
2025/10/05 06:51:43.755,238.987,11.208
2025/10/05 06:51:45.191,239.993,11.208
2025/10/05 06:51:46.746,240.992,11.208
2025/10/05 06:51:48.160,242.094,11.208
2025/10/05 06:51:49.597,242.945,11.208
2025/10/05 06:51:51.205,244.025,11.208
2025/10/05 06:51:52.652,244.948,11.208
2025/10/05 06:51:54.073,246.03,11.208
2025/10/05 06:51:55.677,247.071,11.208
2025/10/05 06:51:57.096,247.928,11.208
2025/10/05 06:51:58.499,249.037,11.208
2025/10/05 06:52:00.140,249.96,11.208
2025/10/05 06:52:01.551,251.067,11.208
2025/10/05 06:52:04.716,227.062,6.786
2025/10/05 06:52:06.111,227.471,6.786
2025/10/05 06:52:07.496,228.018,6.786
2025/10/05 06:52:09.088,228.482,6.786
2025/10/05 06:52:10.469,229.02,6.786
2025/10/05 06:52:11.846,229.476,6.786
2025/10/05 06:52:13.219,230.028,6.786
2025/10/05 06:52:14.587,230.544,6.786
2025/10/05 06:52:16.041,230.998,6.786
2025/10/05 06:52:17.405,231.47,6.786
2025/10/05 06:52:18.778,232.08,6.786
2025/10/05 06:52:20.146,232.437,6.786
2025/10/05 06:52:21.728,233.003,6.786
2025/10/05 06:52:23.128,233.483,6.786
2025/10/05 06:52:24.477,234.052,6.786
2025/10/05 06:52:25.873,234.439,6.786
2025/10/05 06:52:27.500,235.01,6.786
2025/10/05 06:52:28.899,235.535,6.786
2025/10/05 06:52:30.281,235.974,6.786
2025/10/05 06:52:31.636,236.477,6.786
2025/10/05 06:52:33.185,237.024,6.786
2025/10/05 06:52:34.559,237.488,6.786
2025/10/05 06:52:35.943,238.034,6.786
2025/10/05 06:52:37.306,238.507,6.786
2025/10/05 06:52:38.893,238.957,6.786
2025/10/05 06:52:40.256,239.52,6.786
2025/10/05 06:52:41.634,239.982,6.786
2025/10/05 06:52:43.008,240.556,6.786
2025/10/05 06:52:44.367,240.957,6.786
2025/10/05 06:52:45.930,241.553,6.786
2025/10/05 06:52:47.325,241.987,6.786
2025/10/05 06:52:48.672,242.498,6.786
2025/10/05 06:52:50.033,243.014,6.786
2025/10/05 06:52:51.410,243.467,6.786
2025/10/05 06:52:52.997,244.003,6.786
2025/10/05 06:52:54.386,244.533,6.786
2025/10/05 06:52:55.738,244.983,6.786
2025/10/05 06:52:57.106,245.497,6.786
2025/10/05 06:52:58.675,246.0,6.786
2025/10/05 06:53:00.067,246.466,6.786
2025/10/05 06:53:01.465,247.018,6.786
2025/10/05 06:53:04.458,229.045,4.88
2025/10/05 06:53:05.843,229.446,4.88
2025/10/05 06:53:07.214,230.034,4.88
2025/10/05 06:53:08.600,230.498,4.88
2025/10/05 06:53:10.056,231.017,4.88
2025/10/05 06:53:11.452,231.511,4.88
2025/10/05 06:53:12.840,232.0,4.88
2025/10/05 06:53:14.239,232.495,4.88
2025/10/05 06:53:15.814,232.953,4.88
2025/10/05 06:53:17.219,233.541,4.88
2025/10/05 06:53:18.590,233.994,4.88
2025/10/05 06:53:20.180,234.511,4.88
2025/10/05 06:53:21.574,235.01,4.88
2025/10/05 06:53:22.924,235.513,4.88
2025/10/05 06:53:24.282,235.966,4.88
2025/10/05 06:53:25.701,236.499,4.88
2025/10/05 06:53:27.079,237.018,4.88
2025/10/05 06:53:28.490,237.529,4.88
2025/10/05 06:53:29.872,237.966,4.88
2025/10/05 06:53:31.259,238.548,4.88
2025/10/05 06:53:32.809,239.004,4.88
2025/10/05 06:53:34.207,239.531,4.88
2025/10/05 06:53:35.595,239.979,4.88
2025/10/05 06:53:37.190,240.534,4.88
2025/10/05 06:53:38.579,241.009,4.88
2025/10/05 06:53:39.947,241.446,4.88
2025/10/05 06:53:41.344,242.022,4.88
2025/10/05 06:53:42.708,242.586,4.88
2025/10/05 06:53:44.089,242.94,4.88
2025/10/05 06:53:45.473,243.517,4.88
2025/10/05 06:53:46.850,243.94,4.88
2025/10/05 06:53:48.215,244.536,4.88
2025/10/05 06:53:49.775,244.994,4.88
2025/10/05 06:53:52.327,229.017,4.281
2025/10/05 06:53:53.720,229.405,4.281
2025/10/05 06:53:55.301,230.064,4.281
2025/10/05 06:53:56.720,230.462,4.281
2025/10/05 06:53:58.084,231.017,4.281
2025/10/05 06:53:59.462,231.509,4.281
2025/10/05 06:54:00.826,232.011,4.281
2025/10/05 06:54:02.411,232.503,4.281
2025/10/05 06:54:03.813,233.0,4.281
2025/10/05 06:54:05.173,233.547,4.281
2025/10/05 06:54:06.538,233.991,4.281
2025/10/05 06:54:08.072,234.456,4.281
2025/10/05 06:54:09.446,235.027,4.281
2025/10/05 06:54:10.804,235.51,4.281
2025/10/05 06:54:12.176,235.999,4.281
2025/10/05 06:54:13.788,236.474,4.281
2025/10/05 06:54:15.160,237.04,4.281
2025/10/05 06:54:16.537,237.499,4.281
2025/10/05 06:54:18.111,238.004,4.281
2025/10/05 06:54:19.524,238.479,4.281
2025/10/05 06:54:20.900,239.037,4.281
2025/10/05 06:54:22.256,239.507,4.281
2025/10/05 06:54:23.623,239.976,4.281
2025/10/05 06:54:25.278,240.504,4.281
2025/10/05 06:54:26.668,241.017,4.281
2025/10/05 06:54:28.022,241.484,4.281
2025/10/05 06:54:29.387,242.011,4.281
2025/10/05 06:54:30.970,242.498,4.281
2025/10/05 06:54:32.362,242.97,4.281
2025/10/05 06:54:33.742,243.583,4.281
2025/10/05 06:54:35.082,244.008,4.281
2025/10/05 06:54:36.490,244.461,4.281
2025/10/05 06:54:38.047,244.97,4.281
2025/10/05 06:54:41.357,223.03,11.208
2025/10/05 06:54:42.797,223.961,11.208
2025/10/05 06:54:44.183,224.961,11.208
2025/10/05 06:54:45.605,226.007,11.208
2025/10/05 06:54:47.097,227.015,11.208
2025/10/05 06:54:48.533,228.001,11.208
2025/10/05 06:54:50.028,229.037,11.208
2025/10/05 06:54:51.614,230.009,11.208
2025/10/05 06:54:53.088,231.006,11.208
2025/10/05 06:54:54.504,231.989,11.208
2025/10/05 06:54:56.111,232.994,11.208
2025/10/05 06:54:57.545,234.013,11.208
2025/10/05 06:54:58.936,235.005,11.208
2025/10/05 06:55:00.340,236.01,11.208
2025/10/05 06:55:01.832,236.988,11.208
2025/10/05 06:55:03.250,238.007,11.208
2025/10/05 06:55:04.751,239.037,11.208
2025/10/05 06:55:06.346,239.993,11.208
2025/10/05 06:55:07.777,241.012,11.208
2025/10/05 06:55:09.182,241.992,11.208
2025/10/05 06:55:10.605,243.03,11.208
2025/10/05 06:55:12.222,244.005,11.208
2025/10/05 06:55:13.650,244.942,11.208
2025/10/05 06:55:15.088,246.027,11.208
2025/10/05 06:55:16.719,246.997,11.208
2025/10/05 06:55:18.195,248.005,11.208
2025/10/05 06:55:19.597,249.026,11.208
2025/10/05 06:55:21.224,250.034,11.208
2025/10/05 06:55:22.663,251.039,11.208
2025/10/05 06:55:25.812,227.012,6.778
2025/10/05 06:55:27.212,227.471,6.778
2025/10/05 06:55:28.563,228.009,6.778
2025/10/05 06:55:30.153,228.498,6.778
2025/10/05 06:55:31.516,228.902,6.778
2025/10/05 06:55:32.919,229.569,6.778
2025/10/05 06:55:34.308,230.025,6.778
2025/10/05 06:55:35.681,230.473,6.778
2025/10/05 06:55:37.131,230.97,6.778
2025/10/05 06:55:38.494,231.533,6.778
2025/10/05 06:55:39.888,231.989,6.778
2025/10/05 06:55:41.228,232.539,6.778
2025/10/05 06:55:42.791,233.019,6.778
2025/10/05 06:55:44.175,233.489,6.778
2025/10/05 06:55:45.533,234.044,6.778
2025/10/05 06:55:46.882,234.486,6.778
2025/10/05 06:55:48.525,234.991,6.778
2025/10/05 06:55:49.881,235.502,6.778
2025/10/05 06:55:51.271,236.046,6.778
2025/10/05 06:55:52.649,236.491,6.778
2025/10/05 06:55:54.140,236.971,6.778
2025/10/05 06:55:55.546,237.513,6.778
2025/10/05 06:55:56.926,237.947,6.778
2025/10/05 06:55:58.290,238.644,6.778
2025/10/05 06:55:59.917,238.96,6.778
2025/10/05 06:56:01.344,239.523,6.778
2025/10/05 06:56:02.718,239.924,6.778
2025/10/05 06:56:04.266,240.553,6.778
2025/10/05 06:56:05.627,241.031,6.778
2025/10/05 06:56:06.994,241.473,6.778
2025/10/05 06:56:08.381,242.033,6.778
2025/10/05 06:56:09.729,242.511,6.778
2025/10/05 06:56:11.142,242.943,6.778
2025/10/05 06:56:12.512,243.574,6.778
2025/10/05 06:56:13.888,243.956,6.778
2025/10/05 06:56:15.271,244.563,6.778
2025/10/05 06:56:16.843,244.986,6.778
2025/10/05 06:56:18.244,245.5,6.778
2025/10/05 06:56:19.618,246.021,6.778
2025/10/05 06:56:21.203,246.486,6.778
2025/10/05 06:56:22.598,247.054,6.778
2025/10/05 06:56:25.245,229.034,4.877
2025/10/05 06:56:26.818,229.493,4.877
2025/10/05 06:56:28.213,230.012,4.877
2025/10/05 06:56:29.592,230.503,4.877
2025/10/05 06:56:31.150,230.973,4.877
2025/10/05 06:56:32.539,231.531,4.877
2025/10/05 06:56:33.894,231.929,4.877
2025/10/05 06:56:35.296,232.541,4.877
2025/10/05 06:56:36.712,232.961,4.877
2025/10/05 06:56:38.131,233.549,4.877
2025/10/05 06:56:39.530,234.022,4.877
2025/10/05 06:56:40.920,234.475,4.877
2025/10/05 06:56:42.277,235.038,4.877
2025/10/05 06:56:43.871,235.477,4.877
2025/10/05 06:56:45.291,236.01,4.877
2025/10/05 06:56:46.671,236.587,4.877
2025/10/05 06:56:48.256,236.93,4.877
2025/10/05 06:56:49.657,237.529,4.877
2025/10/05 06:56:51.013,238.018,4.877
2025/10/05 06:56:52.374,238.49,4.877
2025/10/05 06:56:53.971,238.938,4.877
2025/10/05 06:56:55.391,239.559,4.877
2025/10/05 06:56:56.761,240.015,4.877
2025/10/05 06:56:58.146,240.495,4.877
2025/10/05 06:56:59.514,240.995,4.877
2025/10/05 06:57:00.944,241.52,4.877
2025/10/05 06:57:02.289,242.031,4.877
2025/10/05 06:57:03.666,242.514,4.877
2025/10/05 06:57:05.063,243.0,4.877
2025/10/05 06:57:06.650,243.464,4.877
2025/10/05 06:57:08.060,244.008,4.877
2025/10/05 06:57:09.416,244.514,4.877
2025/10/05 06:57:10.979,244.945,4.877
2025/10/05 06:57:13.591,229.009,4.281
2025/10/05 06:57:14.993,229.451,4.281
2025/10/05 06:57:16.579,230.028,4.281
2025/10/05 06:57:17.989,230.443,4.281
2025/10/05 06:57:19.376,231.042,4.281
2025/10/05 06:57:20.738,231.528,4.281
2025/10/05 06:57:22.313,232.019,4.281
2025/10/05 06:57:23.677,232.475,4.281
2025/10/05 06:57:25.077,232.997,4.281
2025/10/05 06:57:26.457,233.536,4.281
2025/10/05 06:57:27.880,233.961,4.281
2025/10/05 06:57:29.254,234.538,4.281
2025/10/05 06:57:30.618,235.019,4.281
2025/10/05 06:57:32.042,235.453,4.281
2025/10/05 06:57:33.629,235.974,4.281
2025/10/05 06:57:35.004,236.469,4.281
2025/10/05 06:57:36.396,236.993,4.281
2025/10/05 06:57:37.779,237.493,4.281
2025/10/05 06:57:39.346,237.985,4.281
2025/10/05 06:57:40.760,238.493,4.281
2025/10/05 06:57:42.143,239.048,4.281
2025/10/05 06:57:43.490,239.49,4.281
2025/10/05 06:57:44.900,239.968,4.281
2025/10/05 06:57:46.289,240.526,4.281
2025/10/05 06:57:47.659,241.036,4.281
2025/10/05 06:57:49.041,241.465,4.281
2025/10/05 06:57:50.624,241.989,4.281
2025/10/05 06:57:52.038,242.487,4.281
2025/10/05 06:57:53.403,243.047,4.281
2025/10/05 06:57:54.744,243.462,4.281
2025/10/05 06:57:56.323,244.052,4.281
2025/10/05 06:57:57.695,244.497,4.281
2025/10/05 06:57:59.060,245.022,4.281
2025/10/05 06:58:01.992,223.022,11.211
2025/10/05 06:58:03.393,224.016,11.211
2025/10/05 06:58:05.009,224.955,11.211
2025/10/05 06:58:06.449,226.007,11.211
2025/10/05 06:58:07.894,227.034,11.211
2025/10/05 06:58:09.305,227.968,11.211
2025/10/05 06:58:10.919,228.998,11.211
2025/10/05 06:58:12.351,230.031,11.211
2025/10/05 06:58:13.787,230.998,11.211
2025/10/05 06:58:15.397,232.019,11.211
2025/10/05 06:58:16.806,232.978,11.211
2025/10/05 06:58:18.215,234.063,11.211
2025/10/05 06:58:19.854,234.966,11.211
2025/10/05 06:58:21.289,236.024,11.211
2025/10/05 06:58:22.674,236.977,11.211
2025/10/05 06:58:24.334,238.032,11.211
2025/10/05 06:58:25.740,238.968,11.211
2025/10/05 06:58:27.153,240.061,11.211
2025/10/05 06:58:28.574,240.995,11.211
2025/10/05 06:58:30.215,241.992,11.211
2025/10/05 06:58:31.620,243.008,11.211
2025/10/05 06:58:33.046,243.986,11.211
2025/10/05 06:58:34.674,244.997,11.211
2025/10/05 06:58:36.089,246.013,11.211
2025/10/05 06:58:37.509,247.035,11.211
2025/10/05 06:58:39.126,247.985,11.211
2025/10/05 06:58:40.557,249.021,11.211
2025/10/05 06:58:41.958,250.01,11.211
2025/10/05 06:58:43.695,250.974,11.211
2025/10/05 06:58:46.550,227.056,6.781
2025/10/05 06:58:47.942,227.452,6.781
2025/10/05 06:58:49.333,228.007,6.781
2025/10/05 06:58:50.697,228.542,6.781
2025/10/05 06:58:52.048,228.965,6.781
2025/10/05 06:58:53.626,229.542,6.781
2025/10/05 06:58:55.009,229.973,6.781
2025/10/05 06:58:56.403,230.495,6.781
2025/10/05 06:58:57.769,230.978,6.781
2025/10/05 06:58:59.342,231.525,6.781
2025/10/05 06:59:00.728,232.017,6.781
2025/10/05 06:59:02.099,232.503,6.781
2025/10/05 06:59:03.462,232.994,6.781
2025/10/05 06:59:05.063,233.53,6.781
2025/10/05 06:59:06.459,233.969,6.781
2025/10/05 06:59:07.837,234.439,6.781
2025/10/05 06:59:09.236,235.021,6.781
2025/10/05 06:59:10.625,235.584,6.781
2025/10/05 06:59:12.168,235.947,6.781
2025/10/05 06:59:13.559,236.463,6.781
2025/10/05 06:59:14.927,237.032,6.781
2025/10/05 06:59:16.318,237.477,6.781
2025/10/05 06:59:17.938,237.985,6.781
2025/10/05 06:59:19.347,238.496,6.781
2025/10/05 06:59:20.707,239.026,6.781
2025/10/05 06:59:22.295,239.515,6.781
2025/10/05 06:59:23.694,240.012,6.781
2025/10/05 06:59:25.051,240.462,6.781
2025/10/05 06:59:26.437,241.009,6.781
2025/10/05 06:59:28.038,241.503,6.781
2025/10/05 06:59:29.469,241.976,6.781
2025/10/05 06:59:30.840,242.503,6.781
2025/10/05 06:59:32.219,243.044,6.781
2025/10/05 06:59:33.624,243.533,6.781
2025/10/05 06:59:35.161,244.008,6.781
2025/10/05 06:59:36.534,244.475,6.781
2025/10/05 06:59:37.931,245.024,6.781
2025/10/05 06:59:39.289,245.511,6.781
2025/10/05 06:59:40.971,245.936,6.781
2025/10/05 06:59:42.362,246.532,6.781
2025/10/05 06:59:43.715,247.027,6.781
2025/10/05 06:59:46.729,229.034,4.877
2025/10/05 06:59:48.108,229.482,4.877
2025/10/05 06:59:49.483,230.036,4.877
2025/10/05 06:59:50.853,230.451,4.877
2025/10/05 06:59:52.231,231.022,4.877
2025/10/05 06:59:53.849,231.47,4.877
2025/10/05 06:59:55.234,232.019,4.877
2025/10/05 06:59:56.606,232.5,4.877
2025/10/05 06:59:58.220,232.948,4.877
2025/10/05 06:59:59.595,233.557,4.877
2025/10/05 07:00:01.027,233.997,4.877
2025/10/05 07:00:02.363,234.544,4.877
2025/10/05 07:00:03.922,234.947,4.877
2025/10/05 07:00:05.309,235.524,4.877
2025/10/05 07:00:06.692,236.018,4.877
2025/10/05 07:00:08.040,236.516,4.877
2025/10/05 07:00:09.718,237.026,4.877
2025/10/05 07:00:11.076,237.46,4.877
2025/10/05 07:00:12.477,237.99,4.877
2025/10/05 07:00:13.861,238.543,4.877
2025/10/05 07:00:15.446,238.996,4.877
2025/10/05 07:00:16.862,239.476,4.877
2025/10/05 07:00:18.242,239.998,4.877
2025/10/05 07:00:19.624,240.515,4.877
2025/10/05 07:00:21.185,241.025,4.877
2025/10/05 07:00:22.596,241.451,4.877
2025/10/05 07:00:23.953,242.091,4.877
2025/10/05 07:00:25.338,242.437,4.877
2025/10/05 07:00:26.745,242.992,4.877
2025/10/05 07:00:28.133,243.511,4.877
2025/10/05 07:00:29.480,244.011,4.877
2025/10/05 07:00:31.137,244.516,4.877
2025/10/05 07:00:32.524,245.002,4.877
2025/10/05 07:00:35.073,229.045,4.287
2025/10/05 07:00:36.458,229.454,4.287
2025/10/05 07:00:37.840,230.017,4.287
2025/10/05 07:00:39.257,230.492,4.287
2025/10/05 07:00:40.643,231.009,4.287
2025/10/05 07:00:42.020,231.509,4.287
2025/10/05 07:00:43.373,232.017,4.287
2025/10/05 07:00:44.975,232.484,4.287
2025/10/05 07:00:46.331,233.036,4.287
2025/10/05 07:00:47.695,233.5,4.287
2025/10/05 07:00:49.090,233.997,4.287
2025/10/05 07:00:50.457,234.513,4.287
2025/10/05 07:00:52.039,235.016,4.287
2025/10/05 07:00:53.420,235.505,4.287
2025/10/05 07:00:54.783,235.974,4.287
2025/10/05 07:00:56.168,236.546,4.287
2025/10/05 07:00:57.750,237.037,4.287
2025/10/05 07:00:59.140,237.458,4.287
2025/10/05 07:01:00.477,238.026,4.287
2025/10/05 07:01:01.828,238.512,4.287
2025/10/05 07:01:03.397,238.963,4.287
2025/10/05 07:01:04.778,239.515,4.287
2025/10/05 07:01:06.144,240.015,4.287
2025/10/05 07:01:07.519,240.465,4.287
2025/10/05 07:01:08.944,241.012,4.287
2025/10/05 07:01:10.328,241.528,4.287
2025/10/05 07:01:11.677,242.009,4.287
2025/10/05 07:01:13.078,242.511,4.287
2025/10/05 07:01:14.435,243.033,4.287
2025/10/05 07:01:16.133,243.508,4.287
2025/10/05 07:01:17.515,243.981,4.287
2025/10/05 07:01:18.906,244.489,4.287
2025/10/05 07:01:20.278,245.027,4.287
2025/10/05 07:01:23.374,223.044,11.208
2025/10/05 07:01:24.789,223.914,11.208
2025/10/05 07:01:26.202,225.071,11.208
2025/10/05 07:01:27.771,225.974,11.208
2025/10/05 07:01:29.203,227.018,11.208
2025/10/05 07:01:30.598,228.009,11.208
2025/10/05 07:01:32.184,229.012,11.208
2025/10/05 07:01:33.601,229.976,11.208
2025/10/05 07:01:34.995,231.011,11.208
2025/10/05 07:01:36.407,232.022,11.208
2025/10/05 07:01:38.009,233.022,11.208
2025/10/05 07:01:39.426,233.975,11.208
2025/10/05 07:01:40.849,235.019,11.208
2025/10/05 07:01:42.461,235.994,11.208
2025/10/05 07:01:43.891,237.035,11.208
2025/10/05 07:01:45.346,237.963,11.208
2025/10/05 07:01:46.787,239.023,11.208
2025/10/05 07:01:48.251,240.006,11.208
2025/10/05 07:01:49.689,240.984,11.208
2025/10/05 07:01:51.141,242.022,11.208
2025/10/05 07:01:52.743,242.965,11.208
2025/10/05 07:01:54.189,244.019,11.208
2025/10/05 07:01:55.610,244.997,11.208
2025/10/05 07:01:57.180,246.0,11.208
2025/10/05 07:01:58.607,246.986,11.208
2025/10/05 07:01:59.994,248.01,11.208
2025/10/05 07:02:01.449,248.974,11.208
2025/10/05 07:02:03.044,250.001,11.208
2025/10/05 07:02:04.447,250.996,11.208
2025/10/05 07:02:07.451,226.996,6.784
2025/10/05 07:02:08.832,227.477,6.784
2025/10/05 07:02:10.249,228.015,6.784
2025/10/05 07:02:11.805,228.504,6.784
2025/10/05 07:02:13.170,229.012,6.784
2025/10/05 07:02:14.536,229.501,6.784
2025/10/05 07:02:16.083,229.987,6.784
2025/10/05 07:02:17.500,230.498,6.784
2025/10/05 07:02:18.887,231.022,6.784
2025/10/05 07:02:20.279,231.503,6.784
2025/10/05 07:02:21.656,232.052,6.784
2025/10/05 07:02:23.305,232.437,6.784
2025/10/05 07:02:24.711,233.03,6.784
2025/10/05 07:02:26.063,233.486,6.784
2025/10/05 07:02:27.464,234.019,6.784
2025/10/05 07:02:28.869,234.483,6.784
2025/10/05 07:02:30.286,235.054,6.784
2025/10/05 07:02:31.679,235.48,6.784
2025/10/05 07:02:33.038,235.936,6.784
2025/10/05 07:02:34.405,236.521,6.784
2025/10/05 07:02:35.972,236.996,6.784
2025/10/05 07:02:37.390,237.48,6.784
2025/10/05 07:02:38.748,237.988,6.784
2025/10/05 07:02:40.378,238.51,6.784
2025/10/05 07:02:41.753,238.996,6.784
2025/10/05 07:02:43.112,239.487,6.784
2025/10/05 07:02:44.524,240.012,6.784
2025/10/05 07:02:45.903,240.528,6.784
2025/10/05 07:02:47.273,240.982,6.784
2025/10/05 07:02:48.757,241.448,6.784
2025/10/05 07:02:50.116,242.072,6.784
2025/10/05 07:02:51.681,242.478,6.784
2025/10/05 07:02:53.073,243.052,6.784
2025/10/05 07:02:54.424,243.437,6.784
2025/10/05 07:02:55.844,244.058,6.784
2025/10/05 07:02:57.186,244.497,6.784
2025/10/05 07:02:58.758,245.013,6.784
2025/10/05 07:03:00.132,245.508,6.784
2025/10/05 07:03:01.523,245.991,6.784
2025/10/05 07:03:02.899,246.497,6.784
2025/10/05 07:03:04.254,247.008,6.784
2025/10/05 07:03:07.236,229.02,4.88
2025/10/05 07:03:08.630,229.468,4.88
2025/10/05 07:03:10.154,229.998,4.88
2025/10/05 07:03:11.514,230.506,4.88
2025/10/05 07:03:12.898,231.047,4.88
2025/10/05 07:03:14.276,231.503,4.88
2025/10/05 07:03:15.687,231.945,4.88
2025/10/05 07:03:17.282,232.536,4.88
2025/10/05 07:03:18.704,232.937,4.88
2025/10/05 07:03:20.071,233.47,4.88
2025/10/05 07:03:21.428,233.997,4.88
2025/10/05 07:03:23.014,234.549,4.88
2025/10/05 07:03:24.412,234.972,4.88
2025/10/05 07:03:25.785,235.48,4.88
2025/10/05 07:03:27.180,236.04,4.88
2025/10/05 07:03:28.738,236.466,4.88
2025/10/05 07:03:30.137,237.01,4.88
2025/10/05 07:03:31.505,237.521,4.88
2025/10/05 07:03:32.905,238.001,4.88
2025/10/05 07:03:34.274,238.49,4.88
2025/10/05 07:03:35.848,239.02,4.88
2025/10/05 07:03:37.204,239.542,4.88
2025/10/05 07:03:38.563,239.919,4.88
2025/10/05 07:03:40.164,240.501,4.88
2025/10/05 07:03:41.552,241.028,4.88
2025/10/05 07:03:42.981,241.517,4.88
2025/10/05 07:03:44.336,241.957,4.88
2025/10/05 07:03:45.934,242.525,4.88
2025/10/05 07:03:47.337,242.989,4.88
2025/10/05 07:03:48.706,243.525,4.88
2025/10/05 07:03:50.104,243.923,4.88
2025/10/05 07:03:51.722,244.56,4.88
2025/10/05 07:03:53.122,245.099,4.88
2025/10/05 07:03:55.708,229.045,4.281
2025/10/05 07:03:57.106,229.536,4.281
2025/10/05 07:03:58.775,229.979,4.281
2025/10/05 07:04:00.200,230.429,4.281
2025/10/05 07:04:01.604,231.003,4.281
2025/10/05 07:04:03.181,231.484,4.281
2025/10/05 07:04:04.564,231.986,4.281
2025/10/05 07:04:05.943,232.5,4.281
2025/10/05 07:04:07.338,233.041,4.281
2025/10/05 07:04:08.702,233.555,4.281
2025/10/05 07:04:10.138,233.983,4.281
2025/10/05 07:04:11.527,234.491,4.281
2025/10/05 07:04:12.956,234.958,4.281
2025/10/05 07:04:14.521,235.53,4.281
2025/10/05 07:04:15.904,235.983,4.281
2025/10/05 07:04:17.334,236.483,4.281
2025/10/05 07:04:18.707,237.018,4.281
2025/10/05 07:04:20.052,237.559,4.281
2025/10/05 07:04:21.617,237.952,4.281
2025/10/05 07:04:22.994,238.496,4.281
2025/10/05 07:04:24.402,239.023,4.281
2025/10/05 07:04:25.766,239.49,4.281
2025/10/05 07:04:27.304,239.968,4.281
2025/10/05 07:04:28.678,240.49,4.281
2025/10/05 07:04:30.046,241.003,4.281
2025/10/05 07:04:31.444,241.534,4.281
2025/10/05 07:04:32.990,242.028,4.281
2025/10/05 07:04:34.393,242.498,4.281
2025/10/05 07:04:35.733,242.989,4.281
2025/10/05 07:04:37.100,243.511,4.281
2025/10/05 07:04:38.647,244.019,4.281
2025/10/05 07:04:40.016,244.511,4.281
2025/10/05 07:04:41.396,245.002,4.281
2025/10/05 07:04:44.343,223.046,11.208
2025/10/05 07:04:45.779,223.947,11.208
2025/10/05 07:04:47.200,224.991,11.208
2025/10/05 07:04:48.816,226.029,11.208
2025/10/05 07:04:50.256,226.982,11.208
2025/10/05 07:04:51.651,228.042,11.208
2025/10/05 07:04:53.231,228.995,11.208
2025/10/05 07:04:54.649,230.006,11.208
2025/10/05 07:04:56.050,230.987,11.208
2025/10/05 07:04:57.513,231.995,11.208
2025/10/05 07:04:59.114,233.016,11.208
2025/10/05 07:05:00.554,234.005,11.208
2025/10/05 07:05:01.950,235.005,11.208
2025/10/05 07:05:03.640,236.04,11.208
2025/10/05 07:05:05.091,236.958,11.208
2025/10/05 07:05:06.523,238.045,11.208
2025/10/05 07:05:07.917,239.045,11.208
2025/10/05 07:05:09.468,239.946,11.208
2025/10/05 07:05:10.905,241.064,11.208
2025/10/05 07:05:12.315,241.973,11.208
2025/10/05 07:05:13.803,243.052,11.208
2025/10/05 07:05:15.212,243.97,11.208
2025/10/05 07:05:16.643,244.994,11.208
2025/10/05 07:05:18.349,246.005,11.208
2025/10/05 07:05:19.780,247.04,11.208
2025/10/05 07:05:21.171,248.024,11.208
2025/10/05 07:05:22.793,248.911,11.208
2025/10/05 07:05:24.284,250.045,11.208
2025/10/05 07:05:25.738,250.968,11.208
2025/10/05 07:05:28.701,227.026,6.781
2025/10/05 07:05:30.056,227.485,6.781
2025/10/05 07:05:31.427,228.018,6.781
2025/10/05 07:05:32.974,228.507,6.781
2025/10/05 07:05:34.353,229.031,6.781
2025/10/05 07:05:35.737,229.501,6.781
2025/10/05 07:05:37.131,229.976,6.781
2025/10/05 07:05:38.766,230.465,6.781
2025/10/05 07:05:40.146,231.003,6.781
2025/10/05 07:05:41.569,231.525,6.781
2025/10/05 07:05:42.910,232.044,6.781
2025/10/05 07:05:44.505,232.47,6.781
2025/10/05 07:05:45.900,233.03,6.781
2025/10/05 07:05:47.259,233.47,6.781
2025/10/05 07:05:48.655,233.991,6.781
2025/10/05 07:05:50.067,234.527,6.781
2025/10/05 07:05:51.460,235.008,6.781
2025/10/05 07:05:52.829,235.51,6.781
2025/10/05 07:05:54.202,235.983,6.781
2025/10/05 07:05:55.830,236.502,6.781
2025/10/05 07:05:57.193,237.026,6.781
2025/10/05 07:05:58.594,237.499,6.781
2025/10/05 07:05:59.966,237.979,6.781
2025/10/05 07:06:01.565,238.515,6.781
2025/10/05 07:06:02.956,239.007,6.781
2025/10/05 07:06:04.319,239.537,6.781
2025/10/05 07:06:05.742,239.984,6.781
2025/10/05 07:06:07.147,240.545,6.781
2025/10/05 07:06:08.494,241.012,6.781
2025/10/05 07:06:09.909,241.415,6.781
2025/10/05 07:06:11.268,242.044,6.781
2025/10/05 07:06:12.863,242.555,6.781
2025/10/05 07:06:14.240,242.907,6.781
2025/10/05 07:06:15.635,243.544,6.781
2025/10/05 07:06:17.178,243.984,6.781
2025/10/05 07:06:18.644,244.428,6.781
2025/10/05 07:06:20.028,245.074,6.781
2025/10/05 07:06:21.378,245.494,6.781
2025/10/05 07:06:22.784,246.005,6.781
2025/10/05 07:06:24.167,246.472,6.781
2025/10/05 07:06:25.566,247.043,6.781
2025/10/05 07:06:28.412,229.045,4.88
2025/10/05 07:06:29.810,229.462,4.88
2025/10/05 07:06:31.187,229.981,4.88
2025/10/05 07:06:32.558,230.547,4.88
2025/10/05 07:06:33.930,231.011,4.88
2025/10/05 07:06:35.359,231.517,4.88
2025/10/05 07:06:36.783,232.0,4.88
2025/10/05 07:06:38.150,232.484,4.88
2025/10/05 07:06:39.532,232.992,4.88
2025/10/05 07:06:41.075,233.563,4.88
2025/10/05 07:06:42.448,233.989,4.88
2025/10/05 07:06:43.801,234.494,4.88
2025/10/05 07:06:45.372,235.016,4.88
2025/10/05 07:06:46.752,235.499,4.88
2025/10/05 07:06:48.115,236.013,4.88
2025/10/05 07:06:49.482,236.491,4.88
2025/10/05 07:06:50.871,237.029,4.88
2025/10/05 07:06:52.460,237.441,4.88
2025/10/05 07:06:53.842,238.001,4.88
2025/10/05 07:06:55.205,238.496,4.88
2025/10/05 07:06:56.560,239.031,4.88
2025/10/05 07:06:58.169,239.485,4.88
2025/10/05 07:06:59.512,240.034,4.88
2025/10/05 07:07:00.888,240.501,4.88
2025/10/05 07:07:02.287,241.025,4.88
2025/10/05 07:07:03.834,241.503,4.88
2025/10/05 07:07:05.271,242.006,4.88
2025/10/05 07:07:06.635,242.5,4.88
2025/10/05 07:07:08.009,243.022,4.88
2025/10/05 07:07:09.667,243.5,4.88
2025/10/05 07:07:11.102,244.008,4.88
2025/10/05 07:07:12.463,244.533,4.88
2025/10/05 07:07:13.813,245.013,4.88
2025/10/05 07:07:16.772,229.009,4.287
2025/10/05 07:07:18.198,229.41,4.287
2025/10/05 07:07:19.575,230.045,4.287
2025/10/05 07:07:20.938,230.523,4.287
2025/10/05 07:07:22.523,230.956,4.287
2025/10/05 07:07:23.906,231.525,4.287
2025/10/05 07:07:25.300,231.997,4.287
2025/10/05 07:07:26.665,232.539,4.287
2025/10/05 07:07:28.226,232.992,4.287
2025/10/05 07:07:29.615,233.5,4.287
2025/10/05 07:07:30.964,234.019,4.287
2025/10/05 07:07:32.355,234.458,4.287
2025/10/05 07:07:33.718,235.043,4.287
2025/10/05 07:07:35.286,235.469,4.287
2025/10/05 07:07:36.665,236.04,4.287
2025/10/05 07:07:38.015,236.48,4.287
2025/10/05 07:07:39.409,236.974,4.287
2025/10/05 07:07:40.782,237.554,4.287
2025/10/05 07:07:42.483,237.96,4.287
2025/10/05 07:07:43.893,238.526,4.287
2025/10/05 07:07:45.246,239.029,4.287
2025/10/05 07:07:46.610,239.465,4.287
2025/10/05 07:07:47.983,240.05,4.287
2025/10/05 07:07:49.587,240.479,4.287
2025/10/05 07:07:50.989,240.976,4.287
2025/10/05 07:07:52.375,241.545,4.287
2025/10/05 07:07:53.740,241.998,4.287
2025/10/05 07:07:55.296,242.531,4.287
2025/10/05 07:07:56.723,242.912,4.287
2025/10/05 07:07:58.087,243.517,4.287
2025/10/05 07:07:59.573,244.008,4.287
2025/10/05 07:08:01.147,244.56,4.287
2025/10/05 07:08:02.558,244.97,4.287
2025/10/05 07:08:05.595,223.044,11.208
2025/10/05 07:08:07.018,223.931,11.208
2025/10/05 07:08:08.689,225.016,11.208
2025/10/05 07:08:10.097,226.015,11.208
2025/10/05 07:08:11.545,226.993,11.208
2025/10/05 07:08:12.945,228.012,11.208
2025/10/05 07:08:14.589,229.004,11.208
2025/10/05 07:08:16.043,230.014,11.208
2025/10/05 07:08:17.452,230.989,11.208
2025/10/05 07:08:19.117,232.022,11.208
2025/10/05 07:08:20.561,232.981,11.208
2025/10/05 07:08:21.980,234.016,11.208
2025/10/05 07:08:23.598,234.999,11.208
2025/10/05 07:08:25.017,236.002,11.208
2025/10/05 07:08:26.441,237.018,11.208
2025/10/05 07:08:28.065,238.056,11.208
2025/10/05 07:08:29.485,238.938,11.208
2025/10/05 07:08:30.962,240.037,11.208
2025/10/05 07:08:32.562,240.984,11.208
2025/10/05 07:08:33.986,241.984,11.208
2025/10/05 07:08:35.413,242.984,11.208
2025/10/05 07:08:36.816,244.022,11.208
2025/10/05 07:08:38.242,245.016,11.208
2025/10/05 07:08:39.639,246.002,11.208
2025/10/05 07:08:41.055,247.01,11.208
2025/10/05 07:08:42.670,248.005,11.208
2025/10/05 07:08:44.086,249.023,11.208
2025/10/05 07:08:45.500,249.996,11.208
2025/10/05 07:08:46.935,251.018,11.208
2025/10/05 07:08:50.039,226.999,6.781
2025/10/05 07:08:51.398,227.438,6.781
2025/10/05 07:08:52.799,228.023,6.781
2025/10/05 07:08:54.340,228.518,6.781
2025/10/05 07:08:55.723,228.971,6.781
2025/10/05 07:08:57.108,229.52,6.781
2025/10/05 07:08:58.474,229.976,6.781
2025/10/05 07:09:00.103,230.506,6.781
2025/10/05 07:09:01.500,231.028,6.781
2025/10/05 07:09:02.859,231.489,6.781
2025/10/05 07:09:04.437,232.044,6.781
2025/10/05 07:09:05.812,232.497,6.781
2025/10/05 07:09:07.190,232.975,6.781
2025/10/05 07:09:08.602,233.472,6.781
2025/10/05 07:09:09.993,234.055,6.781
2025/10/05 07:09:11.344,234.456,6.781
2025/10/05 07:09:12.703,235.019,6.781
2025/10/05 07:09:14.292,235.519,6.781
2025/10/05 07:09:15.669,235.999,6.781
2025/10/05 07:09:17.121,236.494,6.781
2025/10/05 07:09:18.516,236.944,6.781
2025/10/05 07:09:20.137,237.493,6.781
2025/10/05 07:09:21.520,238.015,6.781
2025/10/05 07:09:22.911,238.474,6.781
2025/10/05 07:09:24.509,239.084,6.781
2025/10/05 07:09:25.889,239.449,6.781
2025/10/05 07:09:27.259,240.07,6.781
2025/10/05 07:09:28.599,240.498,6.781
2025/10/05 07:09:29.969,240.979,6.781
2025/10/05 07:09:31.445,241.586,6.781
2025/10/05 07:09:32.777,241.97,6.781
2025/10/05 07:09:34.198,242.429,6.781
2025/10/05 07:09:35.612,243.019,6.781
2025/10/05 07:09:37.175,243.53,6.781
2025/10/05 07:09:38.549,244.047,6.781
2025/10/05 07:09:39.914,244.475,6.781
2025/10/05 07:09:41.551,245.06,6.781
2025/10/05 07:09:42.911,245.464,6.781
2025/10/05 07:09:44.299,246.008,6.781
2025/10/05 07:09:45.684,246.475,6.781
2025/10/05 07:09:47.112,247.027,6.781
2025/10/05 07:09:49.736,229.034,4.883
2025/10/05 07:09:51.135,229.487,4.883
2025/10/05 07:09:52.742,229.973,4.883
2025/10/05 07:09:54.133,230.509,4.883
2025/10/05 07:09:55.525,230.981,4.883
2025/10/05 07:09:56.904,231.588,4.883
2025/10/05 07:09:58.443,231.989,4.883
2025/10/05 07:09:59.816,232.495,4.883
2025/10/05 07:10:01.183,232.986,4.883
2025/10/05 07:10:02.562,233.522,4.883
2025/10/05 07:10:04.126,234.019,4.883
2025/10/05 07:10:05.549,234.486,4.883
2025/10/05 07:10:06.895,235.027,4.883
2025/10/05 07:10:08.290,235.464,4.883
2025/10/05 07:10:09.905,236.027,4.883
2025/10/05 07:10:11.299,236.483,4.883
2025/10/05 07:10:12.675,237.054,4.883
2025/10/05 07:10:14.043,237.427,4.883
2025/10/05 07:10:15.715,238.087,4.883
2025/10/05 07:10:17.048,238.477,4.883
2025/10/05 07:10:18.425,239.015,4.883
2025/10/05 07:10:19.815,239.501,4.883
2025/10/05 07:10:21.156,239.982,4.883
2025/10/05 07:10:22.744,240.523,4.883
2025/10/05 07:10:24.132,240.998,4.883
2025/10/05 07:10:25.508,241.481,4.883
2025/10/05 07:10:26.873,241.984,4.883
2025/10/05 07:10:28.411,242.564,4.883
2025/10/05 07:10:29.779,242.978,4.883
2025/10/05 07:10:31.136,243.497,4.883
2025/10/05 07:10:32.554,244.036,4.883
2025/10/05 07:10:34.143,244.489,4.883
2025/10/05 07:10:35.547,244.967,4.883
2025/10/05 07:10:38.069,229.031,4.281
2025/10/05 07:10:39.636,229.451,4.281
2025/10/05 07:10:41.035,229.987,4.281
2025/10/05 07:10:42.426,230.531,4.281
2025/10/05 07:10:43.803,231.006,4.281
2025/10/05 07:10:45.407,231.492,4.281
2025/10/05 07:10:46.774,231.992,4.281
2025/10/05 07:10:48.147,232.547,4.281
2025/10/05 07:10:49.540,232.989,4.281
2025/10/05 07:10:51.084,233.516,4.281
2025/10/05 07:10:52.487,233.975,4.281
2025/10/05 07:10:53.840,234.568,4.281
2025/10/05 07:10:55.215,234.966,4.281
2025/10/05 07:10:56.758,235.475,4.281
2025/10/05 07:10:58.151,236.002,4.281
2025/10/05 07:10:59.557,236.491,4.281
2025/10/05 07:11:00.940,237.057,4.281
2025/10/05 07:11:02.471,237.515,4.281
2025/10/05 07:11:03.888,237.999,4.281
2025/10/05 07:11:05.270,238.501,4.281
2025/10/05 07:11:06.628,239.037,4.281
2025/10/05 07:11:08.201,239.465,4.281
2025/10/05 07:11:09.593,240.023,4.281
2025/10/05 07:11:10.965,240.479,4.281
2025/10/05 07:11:12.316,241.001,4.281
2025/10/05 07:11:13.903,241.503,4.281
2025/10/05 07:11:15.300,242.006,4.281
2025/10/05 07:11:16.695,242.489,4.281
2025/10/05 07:11:18.107,243.0,4.281
2025/10/05 07:11:19.472,243.528,4.281
2025/10/05 07:11:21.073,244.052,4.281
2025/10/05 07:11:22.424,244.464,4.281
2025/10/05 07:11:23.835,245.013,4.281
2025/10/05 07:11:26.881,223.063,11.203
2025/10/05 07:11:28.300,223.953,11.203
2025/10/05 07:11:29.925,225.016,11.203
2025/10/05 07:11:31.367,225.98,11.203
2025/10/05 07:11:32.778,227.029,11.203
2025/10/05 07:11:34.265,228.009,11.203
2025/10/05 07:11:35.897,228.965,11.203
2025/10/05 07:11:37.313,229.998,11.203
2025/10/05 07:11:38.729,231.009,11.203
2025/10/05 07:11:40.194,231.984,11.203
2025/10/05 07:11:41.589,233.003,11.203
2025/10/05 07:11:43.038,233.983,11.203
2025/10/05 07:11:44.452,235.024,11.203
2025/10/05 07:11:46.079,236.016,11.203
2025/10/05 07:11:47.470,237.021,11.203
2025/10/05 07:11:48.915,237.966,11.203
2025/10/05 07:11:50.478,239.004,11.203
2025/10/05 07:11:51.906,240.023,11.203
2025/10/05 07:11:53.315,241.045,11.203
2025/10/05 07:11:54.919,241.979,11.203
2025/10/05 07:11:56.334,243.041,11.203
2025/10/05 07:11:57.725,243.97,11.203
2025/10/05 07:11:59.399,245.019,11.203
2025/10/05 07:12:00.803,246.002,11.203
2025/10/05 07:12:02.225,247.002,11.203
2025/10/05 07:12:03.625,248.054,11.203
2025/10/05 07:12:05.249,249.01,11.203
2025/10/05 07:12:06.650,249.996,11.203
2025/10/05 07:12:08.106,251.007,11.203
2025/10/05 07:12:11.273,227.01,6.778
2025/10/05 07:12:12.645,227.471,6.778
2025/10/05 07:12:14.187,228.026,6.778
2025/10/05 07:12:15.575,228.518,6.778
2025/10/05 07:12:16.938,228.976,6.778
2025/10/05 07:12:18.522,229.517,6.778
2025/10/05 07:12:19.947,229.973,6.778
2025/10/05 07:12:21.311,230.517,6.778
2025/10/05 07:12:22.682,230.978,6.778
2025/10/05 07:12:24.068,231.498,6.778
2025/10/05 07:12:25.693,231.981,6.778
2025/10/05 07:12:27.117,232.497,6.778
2025/10/05 07:12:28.508,233.036,6.778
2025/10/05 07:12:29.871,233.522,6.778
2025/10/05 07:12:31.455,233.967,6.778
2025/10/05 07:12:32.837,234.524,6.778
2025/10/05 07:12:34.217,235.005,6.778
2025/10/05 07:12:35.576,235.513,6.778
2025/10/05 07:12:37.167,235.994,6.778
2025/10/05 07:12:38.533,236.507,6.778
2025/10/05 07:12:39.920,236.999,6.778
2025/10/05 07:12:41.519,237.504,6.778
2025/10/05 07:12:42.921,238.018,6.778
2025/10/05 07:12:44.318,238.488,6.778
2025/10/05 07:12:45.680,239.051,6.778
2025/10/05 07:12:47.035,239.479,6.778
2025/10/05 07:12:48.515,239.963,6.778
2025/10/05 07:12:49.865,240.597,6.778
2025/10/05 07:12:51.250,240.951,6.778
2025/10/05 07:12:52.644,241.547,6.778
2025/10/05 07:12:54.198,241.97,6.778
2025/10/05 07:12:55.597,242.539,6.778
2025/10/05 07:12:56.934,243.008,6.778
2025/10/05 07:12:58.301,243.484,6.778
2025/10/05 07:12:59.882,244.022,6.778
2025/10/05 07:13:01.281,244.5,6.778
2025/10/05 07:13:02.638,245.002,6.778
2025/10/05 07:13:03.987,245.533,6.778
2025/10/05 07:13:05.593,245.994,6.778
2025/10/05 07:13:06.972,246.455,6.778
2025/10/05 07:13:08.348,247.04,6.778
2025/10/05 07:13:11.375,229.05,4.88
2025/10/05 07:13:12.721,229.44,4.88
2025/10/05 07:13:14.084,230.042,4.88
2025/10/05 07:13:15.503,230.479,4.88
2025/10/05 07:13:16.846,231.014,4.88
2025/10/05 07:13:18.408,231.525,4.88
2025/10/05 07:13:19.772,232.041,4.88
2025/10/05 07:13:21.138,232.467,4.88
2025/10/05 07:13:22.548,233.0,4.88
2025/10/05 07:13:23.926,233.492,4.88
2025/10/05 07:13:25.487,234.052,4.88
2025/10/05 07:13:26.865,234.516,4.88
2025/10/05 07:13:28.240,234.986,4.88
2025/10/05 07:13:29.622,235.53,4.88
2025/10/05 07:13:31.210,235.972,4.88
2025/10/05 07:13:32.602,236.535,4.88
2025/10/05 07:13:33.971,236.933,4.88
2025/10/05 07:13:35.566,237.546,4.88
2025/10/05 07:13:36.960,238.007,4.88
2025/10/05 07:13:38.347,238.471,4.88
2025/10/05 07:13:39.725,238.971,4.88
2025/10/05 07:13:41.085,239.518,4.88
2025/10/05 07:13:42.533,240.026,4.88
2025/10/05 07:13:43.895,240.493,4.88
2025/10/05 07:13:45.271,241.025,4.88
2025/10/05 07:13:46.657,241.484,4.88
2025/10/05 07:13:48.211,241.992,4.88
2025/10/05 07:13:49.599,242.5,4.88
2025/10/05 07:13:50.938,243.044,4.88
2025/10/05 07:13:52.297,243.473,4.88
2025/10/05 07:13:53.852,244.008,4.88
2025/10/05 07:13:55.216,244.522,4.88
2025/10/05 07:13:56.582,245.013,4.88
2025/10/05 07:13:59.104,229.034,4.287
2025/10/05 07:14:00.549,229.432,4.287
2025/10/05 07:14:01.972,230.023,4.287
2025/10/05 07:14:03.303,230.564,4.287
2025/10/05 07:14:04.681,230.965,4.287
2025/10/05 07:14:06.259,231.528,4.287
2025/10/05 07:14:07.630,231.986,4.287
2025/10/05 07:14:09.004,232.522,4.287
2025/10/05 07:14:10.565,232.989,4.287
2025/10/05 07:14:11.960,233.39,4.287
2025/10/05 07:14:13.351,234.03,4.287
2025/10/05 07:14:14.724,234.522,4.287
2025/10/05 07:14:16.100,234.986,4.287
2025/10/05 07:14:17.703,235.508,4.287
2025/10/05 07:14:19.052,236.049,4.287
2025/10/05 07:14:20.423,236.461,4.287
2025/10/05 07:14:21.794,237.026,4.287
2025/10/05 07:14:23.191,237.51,4.287
2025/10/05 07:14:24.590,237.988,4.287
2025/10/05 07:14:25.974,238.477,4.287
2025/10/05 07:14:27.342,239.009,4.287
2025/10/05 07:14:28.716,239.52,4.287
2025/10/05 07:14:30.288,240.009,4.287
2025/10/05 07:14:31.666,240.504,4.287
2025/10/05 07:14:33.029,241.009,4.287
2025/10/05 07:14:34.627,241.547,4.287
2025/10/05 07:14:36.018,241.973,4.287
2025/10/05 07:14:37.382,242.506,4.287
2025/10/05 07:14:38.780,243.008,4.287
2025/10/05 07:14:40.214,243.5,4.287
2025/10/05 07:14:41.598,244.0,4.287
2025/10/05 07:14:43.038,244.439,4.287
2025/10/05 07:14:44.410,245.022,4.287
2025/10/05 07:14:47.516,223.055,11.208
2025/10/05 07:14:48.934,223.925,11.208
2025/10/05 07:14:50.526,225.029,11.208
2025/10/05 07:14:51.979,225.993,11.208
2025/10/05 07:14:53.479,227.021,11.208
2025/10/05 07:14:55.072,227.998,11.208
2025/10/05 07:14:56.541,229.009,11.208
2025/10/05 07:14:57.958,229.995,11.208
2025/10/05 07:14:59.527,231.017,11.208
2025/10/05 07:15:00.952,232.006,11.208
2025/10/05 07:15:02.366,232.978,11.208
2025/10/05 07:15:03.993,234.033,11.208
2025/10/05 07:15:05.422,234.986,11.208
2025/10/05 07:15:06.833,235.991,11.208
2025/10/05 07:15:08.437,237.021,11.208
2025/10/05 07:15:09.854,238.012,11.208
2025/10/05 07:15:11.280,239.018,11.208
2025/10/05 07:15:12.689,239.998,11.208
2025/10/05 07:15:14.357,240.971,11.208
2025/10/05 07:15:15.808,242.058,11.208
2025/10/05 07:15:17.396,242.987,11.208
2025/10/05 07:15:18.799,243.992,11.208
2025/10/05 07:15:20.205,245.008,11.208
2025/10/05 07:15:21.631,245.975,11.208
2025/10/05 07:15:23.293,247.024,11.208
2025/10/05 07:15:24.691,248.021,11.208
2025/10/05 07:15:26.094,249.007,11.208
2025/10/05 07:15:27.500,249.979,11.208
2025/10/05 07:15:29.151,251.037,11.208
2025/10/05 07:15:32.251,227.037,6.781
2025/10/05 07:15:33.630,227.457,6.781
2025/10/05 07:15:35.028,228.001,6.781
2025/10/05 07:15:36.403,228.504,6.781
2025/10/05 07:15:37.777,229.023,6.781
2025/10/05 07:15:39.376,229.506,6.781
2025/10/05 07:15:40.731,230.001,6.781
2025/10/05 07:15:42.124,230.49,6.781
2025/10/05 07:15:43.682,231.042,6.781
2025/10/05 07:15:45.080,231.465,6.781
2025/10/05 07:15:46.459,232.028,6.781
2025/10/05 07:15:47.793,232.5,6.781
2025/10/05 07:15:49.155,232.953,6.781
2025/10/05 07:15:50.788,233.489,6.781
2025/10/05 07:15:52.183,234.03,6.781
2025/10/05 07:15:53.560,234.5,6.781
2025/10/05 07:15:54.911,235.032,6.781
2025/10/05 07:15:56.320,235.502,6.781
2025/10/05 07:15:57.715,236.029,6.781
2025/10/05 07:15:59.060,236.48,6.781
2025/10/05 07:16:00.445,237.015,6.781
2025/10/05 07:16:01.809,237.502,6.781
2025/10/05 07:16:03.294,238.029,6.781
2025/10/05 07:16:04.667,238.504,6.781
2025/10/05 07:16:06.089,238.941,6.781
2025/10/05 07:16:07.499,239.507,6.781
2025/10/05 07:16:09.087,240.009,6.781
2025/10/05 07:16:10.478,240.487,6.781
2025/10/05 07:16:11.841,241.058,6.781
2025/10/05 07:16:13.206,241.487,6.781
2025/10/05 07:16:14.859,242.014,6.781
2025/10/05 07:16:16.259,242.517,6.781
2025/10/05 07:16:17.625,243.008,6.781
2025/10/05 07:16:18.997,243.5,6.781
2025/10/05 07:16:20.559,244.008,6.781
2025/10/05 07:16:21.962,244.511,6.781
2025/10/05 07:16:23.333,245.005,6.781
2025/10/05 07:16:24.705,245.497,6.781
2025/10/05 07:16:26.420,246.005,6.781
2025/10/05 07:16:27.765,246.497,6.781
2025/10/05 07:16:29.117,246.997,6.781
2025/10/05 07:16:32.110,229.042,4.883
2025/10/05 07:16:33.499,229.484,4.883
2025/10/05 07:16:34.865,230.006,4.883
2025/10/05 07:16:36.246,230.509,4.883
2025/10/05 07:16:37.850,230.984,4.883
2025/10/05 07:16:39.228,231.503,4.883
2025/10/05 07:16:40.641,231.997,4.883
2025/10/05 07:16:42.005,232.511,4.883
2025/10/05 07:16:43.540,232.983,4.883
2025/10/05 07:16:44.914,233.494,4.883
2025/10/05 07:16:46.254,234.033,4.883
2025/10/05 07:16:47.625,234.5,4.883
2025/10/05 07:16:48.966,235.101,4.883
2025/10/05 07:16:50.370,235.475,4.883
2025/10/05 07:16:51.764,235.922,4.883
2025/10/05 07:16:53.128,236.488,4.883
2025/10/05 07:16:54.526,237.015,4.883
2025/10/05 07:16:56.071,237.477,4.883
2025/10/05 07:16:57.466,237.999,4.883
2025/10/05 07:16:58.847,238.496,4.883
2025/10/05 07:17:00.202,239.053,4.883
2025/10/05 07:17:01.757,239.471,4.883
2025/10/05 07:17:03.166,240.015,4.883
2025/10/05 07:17:04.534,240.539,4.883
2025/10/05 07:17:05.914,240.987,4.883
2025/10/05 07:17:07.522,241.473,4.883
2025/10/05 07:17:08.916,242.031,4.883
2025/10/05 07:17:10.254,242.517,4.883
2025/10/05 07:17:11.647,242.978,4.883
2025/10/05 07:17:13.160,243.522,4.883
2025/10/05 07:17:14.636,244.014,4.883
2025/10/05 07:17:16.035,244.5,4.883
2025/10/05 07:17:17.420,244.964,4.883
2025/10/05 07:17:20.300,229.048,4.276
2025/10/05 07:17:21.702,229.44,4.276
2025/10/05 07:17:23.094,230.017,4.276
2025/10/05 07:17:24.659,230.503,4.276
2025/10/05 07:17:26.037,230.989,4.276
2025/10/05 07:17:27.438,231.492,4.276
2025/10/05 07:17:28.831,232.006,4.276
2025/10/05 07:17:30.177,232.56,4.276
2025/10/05 07:17:31.630,232.926,4.276
2025/10/05 07:17:33.009,233.522,4.276
2025/10/05 07:17:34.377,233.986,4.276
2025/10/05 07:17:35.770,234.505,4.276
2025/10/05 07:17:37.388,235.019,4.276
2025/10/05 07:17:38.803,235.502,4.276
2025/10/05 07:17:40.169,236.002,4.276
2025/10/05 07:17:41.770,236.521,4.276
2025/10/05 07:17:43.164,236.963,4.276
2025/10/05 07:17:44.532,237.559,4.276
2025/10/05 07:17:45.893,237.96,4.276
2025/10/05 07:17:47.489,238.496,4.276
2025/10/05 07:17:48.863,239.037,4.276
2025/10/05 07:17:50.242,239.49,4.276
2025/10/05 07:17:51.641,240.031,4.276
2025/10/05 07:17:52.997,240.526,4.276
2025/10/05 07:17:54.561,240.995,4.276
2025/10/05 07:17:55.964,241.476,4.276
2025/10/05 07:17:57.332,242.047,4.276
2025/10/05 07:17:58.688,242.478,4.276
2025/10/05 07:18:00.268,243.03,4.276
2025/10/05 07:18:01.651,243.453,4.276
2025/10/05 07:18:03.061,244.016,4.276
2025/10/05 07:18:04.676,244.497,4.276
2025/10/05 07:18:06.066,244.981,4.276
2025/10/05 07:18:08.988,223.035,11.208
2025/10/05 07:18:10.590,223.939,11.208
2025/10/05 07:18:12.016,224.996,11.208
2025/10/05 07:18:13.413,226.024,11.208
2025/10/05 07:18:14.800,226.963,11.208
2025/10/05 07:18:16.383,227.982,11.208
2025/10/05 07:18:17.810,229.031,11.208
2025/10/05 07:18:19.220,230.017,11.208
2025/10/05 07:18:20.820,231.006,11.208
2025/10/05 07:18:22.229,231.973,11.208
2025/10/05 07:18:23.640,232.992,11.208
2025/10/05 07:18:25.049,234.06,11.208
2025/10/05 07:18:26.478,234.994,11.208
2025/10/05 07:18:27.886,236.007,11.208
2025/10/05 07:18:29.321,237.015,11.208
2025/10/05 07:18:30.921,237.985,11.208
2025/10/05 07:18:32.402,239.018,11.208
2025/10/05 07:18:33.809,239.954,11.208
2025/10/05 07:18:35.230,241.02,11.208
2025/10/05 07:18:36.872,241.979,11.208
2025/10/05 07:18:38.303,243.008,11.208
2025/10/05 07:18:39.745,244.003,11.208
2025/10/05 07:18:41.389,245.03,11.208
2025/10/05 07:18:42.835,245.978,11.208
2025/10/05 07:18:44.256,247.027,11.208
2025/10/05 07:18:45.662,247.988,11.208
2025/10/05 07:18:47.266,249.095,11.208
2025/10/05 07:18:48.676,249.955,11.208
2025/10/05 07:18:50.108,250.987,11.208
2025/10/05 07:18:53.105,227.048,6.778
2025/10/05 07:18:54.493,227.463,6.778
2025/10/05 07:18:55.847,228.012,6.778
2025/10/05 07:18:57.431,228.564,6.778
2025/10/05 07:18:58.808,228.973,6.778
2025/10/05 07:19:00.172,229.515,6.778
2025/10/05 07:19:01.786,229.99,6.778
2025/10/05 07:19:03.193,230.503,6.778
2025/10/05 07:19:04.569,231.042,6.778
2025/10/05 07:19:05.933,231.421,6.778
2025/10/05 07:19:07.517,232.052,6.778
2025/10/05 07:19:08.893,232.492,6.778
2025/10/05 07:19:10.278,232.997,6.778
2025/10/05 07:19:11.671,233.516,6.778
2025/10/05 07:19:13.035,234.024,6.778
2025/10/05 07:19:14.600,234.491,6.778
2025/10/05 07:19:15.982,234.983,6.778
2025/10/05 07:19:17.352,235.51,6.778
2025/10/05 07:19:18.708,236.021,6.778
2025/10/05 07:19:20.074,236.488,6.778
2025/10/05 07:19:21.664,236.999,6.778
2025/10/05 07:19:23.031,237.485,6.778
2025/10/05 07:19:24.405,238.029,6.778
2025/10/05 07:19:25.768,238.49,6.778
2025/10/05 07:19:27.305,239.051,6.778
2025/10/05 07:19:28.718,239.452,6.778
2025/10/05 07:19:30.110,240.015,6.778
2025/10/05 07:19:31.729,240.526,6.778
2025/10/05 07:19:33.088,241.034,6.778
2025/10/05 07:19:34.464,241.457,6.778
2025/10/05 07:19:35.856,242.033,6.778
2025/10/05 07:19:37.230,242.5,6.778
2025/10/05 07:19:38.893,243.008,6.778
2025/10/05 07:19:40.294,243.489,6.778
2025/10/05 07:19:41.683,244.038,6.778
2025/10/05 07:19:43.354,244.426,6.778
2025/10/05 07:19:44.756,245.035,6.778
2025/10/05 07:19:46.120,245.502,6.778
2025/10/05 07:19:47.480,245.997,6.778
2025/10/05 07:19:49.055,246.477,6.778
2025/10/05 07:19:50.447,247.043,6.778
2025/10/05 07:19:53.239,229.144,4.877
2025/10/05 07:19:54.721,229.495,4.877
2025/10/05 07:19:56.115,230.091,4.877
2025/10/05 07:19:57.484,230.495,4.877
2025/10/05 07:19:59.125,230.995,4.877
2025/10/05 07:20:00.516,231.506,4.877
2025/10/05 07:20:01.919,231.953,4.877
2025/10/05 07:20:03.279,232.536,4.877
2025/10/05 07:20:04.844,233.066,4.877
2025/10/05 07:20:06.214,233.486,4.877
2025/10/05 07:20:07.596,233.937,4.877
2025/10/05 07:20:08.982,234.544,4.877
2025/10/05 07:20:10.407,234.999,4.877
2025/10/05 07:20:11.800,235.527,4.877
2025/10/05 07:20:13.173,235.977,4.877
2025/10/05 07:20:14.563,236.507,4.877
2025/10/05 07:20:16.147,237.015,4.877
2025/10/05 07:20:17.511,237.526,4.877
2025/10/05 07:20:18.882,237.969,4.877
2025/10/05 07:20:20.274,238.523,4.877
2025/10/05 07:20:21.869,238.966,4.877
2025/10/05 07:20:23.246,239.515,4.877
2025/10/05 07:20:24.595,240.039,4.877
2025/10/05 07:20:25.989,240.465,4.877
2025/10/05 07:20:27.535,241.014,4.877
2025/10/05 07:20:28.932,241.512,4.877
2025/10/05 07:20:30.333,242.009,4.877
2025/10/05 07:20:31.739,242.492,4.877
2025/10/05 07:20:33.129,243.014,4.877
2025/10/05 07:20:34.788,243.539,4.877
2025/10/05 07:20:36.155,243.978,4.877
2025/10/05 07:20:37.540,244.514,4.877
2025/10/05 07:20:38.942,244.997,4.877
2025/10/05 07:20:41.800,229.056,4.281
2025/10/05 07:20:43.185,229.465,4.281
2025/10/05 07:20:44.565,229.976,4.281
2025/10/05 07:20:45.953,230.547,4.281
2025/10/05 07:20:47.304,230.998,4.281
2025/10/05 07:20:48.879,231.52,4.281
2025/10/05 07:20:50.258,232.008,4.281
2025/10/05 07:20:51.622,232.522,4.281
2025/10/05 07:20:52.992,232.972,4.281
2025/10/05 07:20:54.579,233.492,4.281
2025/10/05 07:20:55.954,234.005,4.281
2025/10/05 07:20:57.331,234.456,4.281
2025/10/05 07:20:58.725,235.065,4.281
2025/10/05 07:21:00.079,235.486,4.281
2025/10/05 07:21:01.652,235.966,4.281
2025/10/05 07:21:03.043,236.521,4.281
2025/10/05 07:21:04.391,237.015,4.281
2025/10/05 07:21:05.767,237.537,4.281
2025/10/05 07:21:07.129,237.916,4.281
2025/10/05 07:21:08.694,238.507,4.281
2025/10/05 07:21:10.070,239.086,4.281
2025/10/05 07:21:11.462,239.438,4.281
2025/10/05 07:21:12.843,240.001,4.281
2025/10/05 07:21:14.442,240.498,4.281
2025/10/05 07:21:15.824,241.034,4.281
2025/10/05 07:21:17.174,241.52,4.281
2025/10/05 07:21:18.532,241.965,4.281
2025/10/05 07:21:19.923,242.555,4.281
2025/10/05 07:21:21.503,242.997,4.281
2025/10/05 07:21:22.878,243.481,4.281
2025/10/05 07:21:24.272,244.036,4.281
2025/10/05 07:21:25.821,244.505,4.281
2025/10/05 07:21:27.224,245.002,4.281
2025/10/05 07:21:30.443,223.016,11.206
2025/10/05 07:21:31.880,223.958,11.206
2025/10/05 07:21:33.302,225.013,11.206
2025/10/05 07:21:34.913,226.002,11.206
2025/10/05 07:21:36.351,226.977,11.206
2025/10/05 07:21:37.777,228.02,11.206
2025/10/05 07:21:39.418,229.012,11.206
2025/10/05 07:21:40.842,229.995,11.206
2025/10/05 07:21:42.231,231.033,11.206
2025/10/05 07:21:43.617,232.017,11.206
2025/10/05 07:21:45.291,232.978,11.206
2025/10/05 07:21:46.686,234.005,11.206
2025/10/05 07:21:48.109,235.024,11.206
2025/10/05 07:21:49.515,236.007,11.206
2025/10/05 07:21:51.090,237.013,11.206
2025/10/05 07:21:52.529,237.979,11.206
2025/10/05 07:21:53.977,239.029,11.206
2025/10/05 07:21:55.414,239.998,11.206
2025/10/05 07:21:56.854,241.003,11.206
2025/10/05 07:21:58.270,242.014,11.206
2025/10/05 07:21:59.679,243.014,11.206
2025/10/05 07:22:01.314,244.022,11.206
2025/10/05 07:22:02.718,244.992,11.206
2025/10/05 07:22:04.180,246.013,11.206
2025/10/05 07:22:05.770,247.005,11.206
2025/10/05 07:22:07.218,247.977,11.206
2025/10/05 07:22:08.647,249.029,11.206
2025/10/05 07:22:10.254,249.999,11.206
2025/10/05 07:22:11.682,250.963,11.206
2025/10/05 07:22:14.841,226.999,6.781
2025/10/05 07:22:16.225,227.441,6.781
2025/10/05 07:22:17.601,228.009,6.781
2025/10/05 07:22:18.963,228.559,6.781
2025/10/05 07:22:20.336,228.954,6.781
2025/10/05 07:22:21.920,229.52,6.781
2025/10/05 07:22:23.309,230.023,6.781
2025/10/05 07:22:24.675,230.49,6.781
2025/10/05 07:22:26.025,231.02,6.781
2025/10/05 07:22:27.628,231.495,6.781
2025/10/05 07:22:28.995,232.0,6.781
2025/10/05 07:22:30.397,232.497,6.781
2025/10/05 07:22:31.773,233.022,6.781
2025/10/05 07:22:33.152,233.492,6.781
2025/10/05 07:22:34.750,233.989,6.781
2025/10/05 07:22:36.105,234.519,6.781
2025/10/05 07:22:37.486,234.956,6.781
2025/10/05 07:22:38.886,235.516,6.781
2025/10/05 07:22:40.443,236.027,6.781
2025/10/05 07:22:41.817,236.472,6.781
2025/10/05 07:22:43.217,237.035,6.781
2025/10/05 07:22:44.847,237.48,6.781
2025/10/05 07:22:46.252,238.018,6.781
2025/10/05 07:22:47.615,238.499,6.781
2025/10/05 07:22:48.978,238.99,6.781
2025/10/05 07:22:50.378,239.496,6.781
2025/10/05 07:22:51.789,240.045,6.781
2025/10/05 07:22:53.191,240.526,6.781
2025/10/05 07:22:54.614,240.951,6.781
2025/10/05 07:22:55.977,241.523,6.781
2025/10/05 07:22:57.526,242.003,6.781
2025/10/05 07:22:58.918,242.528,6.781
2025/10/05 07:23:00.301,242.962,6.781
2025/10/05 07:23:01.902,243.528,6.781
2025/10/05 07:23:03.285,243.995,6.781
2025/10/05 07:23:04.660,244.53,6.781
2025/10/05 07:23:06.007,244.967,6.781
2025/10/05 07:23:07.375,245.535,6.781
2025/10/05 07:23:08.804,245.983,6.781
2025/10/05 07:23:10.196,246.513,6.781
2025/10/05 07:23:11.589,247.016,6.781
2025/10/05 07:23:14.478,229.05,4.877
2025/10/05 07:23:15.852,229.487,4.877
2025/10/05 07:23:17.223,229.987,4.877
2025/10/05 07:23:18.597,230.495,4.877
2025/10/05 07:23:20.177,231.02,4.877
2025/10/05 07:23:21.565,231.506,4.877
2025/10/05 07:23:22.946,232.033,4.877
2025/10/05 07:23:24.312,232.495,4.877
2025/10/05 07:23:25.857,232.981,4.877
2025/10/05 07:23:27.231,233.549,4.877
2025/10/05 07:23:28.615,233.986,4.877
2025/10/05 07:23:30.005,234.494,4.877
2025/10/05 07:23:31.595,235.043,4.877
2025/10/05 07:23:32.970,235.477,4.877
2025/10/05 07:23:34.350,235.994,4.877
2025/10/05 07:23:35.957,236.527,4.877
2025/10/05 07:23:37.339,236.991,4.877
2025/10/05 07:23:38.706,237.521,4.877
2025/10/05 07:23:40.092,237.996,4.877
2025/10/05 07:23:41.512,238.507,4.877
2025/10/05 07:23:42.905,238.974,4.877
2025/10/05 07:23:44.273,239.54,4.877
2025/10/05 07:23:45.689,239.987,4.877
2025/10/05 07:23:47.268,240.484,4.877
2025/10/05 07:23:48.667,241.025,4.877
2025/10/05 07:23:50.052,241.501,4.877
2025/10/05 07:23:51.419,242.022,4.877
2025/10/05 07:23:53.003,242.495,4.877
2025/10/05 07:23:54.390,243.014,4.877
2025/10/05 07:23:55.748,243.517,4.877
2025/10/05 07:23:57.114,243.981,4.877
2025/10/05 07:23:58.712,244.483,4.877
2025/10/05 07:24:00.094,245.011,4.877
2025/10/05 07:24:02.603,229.037,4.284
2025/10/05 07:24:03.991,229.454,4.284
2025/10/05 07:24:05.365,229.998,4.284
2025/10/05 07:24:06.848,230.523,4.284
2025/10/05 07:24:08.209,230.935,4.284
2025/10/05 07:24:09.610,231.542,4.284
2025/10/05 07:24:10.988,231.995,4.284
2025/10/05 07:24:12.535,232.552,4.284
2025/10/05 07:24:13.932,232.953,4.284
2025/10/05 07:24:15.313,233.505,4.284
2025/10/05 07:24:16.712,233.98,4.284
2025/10/05 07:24:18.321,234.478,4.284
2025/10/05 07:24:19.721,235.046,4.284
2025/10/05 07:24:21.079,235.527,4.284
2025/10/05 07:24:22.448,235.983,4.284
2025/10/05 07:24:24.035,236.51,4.284
2025/10/05 07:24:25.407,237.018,4.284
2025/10/05 07:24:26.775,237.491,4.284
2025/10/05 07:24:28.159,237.996,4.284
2025/10/05 07:24:29.713,238.523,4.284
2025/10/05 07:24:31.076,239.086,4.284
2025/10/05 07:24:32.439,239.507,4.284
2025/10/05 07:24:33.855,239.965,4.284
2025/10/05 07:24:35.258,240.495,4.284
2025/10/05 07:24:36.852,241.014,4.284
2025/10/05 07:24:38.183,241.457,4.284
2025/10/05 07:24:39.586,242.009,4.284
2025/10/05 07:24:40.966,242.517,4.284
2025/10/05 07:24:42.548,243.014,4.284
2025/10/05 07:24:43.965,243.486,4.284
2025/10/05 07:24:45.331,244.003,4.284
2025/10/05 07:24:46.948,244.508,4.284
2025/10/05 07:24:48.349,244.997,4.284
2025/10/05 07:24:51.516,223.041,11.208
2025/10/05 07:24:52.918,223.939,11.208
2025/10/05 07:24:54.355,225.018,11.208
2025/10/05 07:24:55.966,226.018,11.208
2025/10/05 07:24:57.405,226.99,11.208
2025/10/05 07:24:58.810,228.018,11.208
2025/10/05 07:25:00.250,228.984,11.208
2025/10/05 07:25:01.842,230.02,11.208
2025/10/05 07:25:03.259,230.998,11.208
2025/10/05 07:25:04.861,232.019,11.208
2025/10/05 07:25:06.291,232.992,11.208
2025/10/05 07:25:07.691,234.013,11.208
2025/10/05 07:25:09.091,235.01,11.208
2025/10/05 07:25:10.611,236.007,11.208
2025/10/05 07:25:12.042,237.007,11.208
2025/10/05 07:25:13.454,237.996,11.208
2025/10/05 07:25:14.845,239.007,11.208
2025/10/05 07:25:16.457,240.004,11.208
2025/10/05 07:25:17.877,241.001,11.208
2025/10/05 07:25:19.331,242.028,11.208
2025/10/05 07:25:20.851,242.997,11.208
2025/10/05 07:25:22.280,244.008,11.208
2025/10/05 07:25:23.728,244.989,11.208
2025/10/05 07:25:25.312,246.046,11.208
2025/10/05 07:25:26.736,246.966,11.208
2025/10/05 07:25:28.165,248.024,11.208
2025/10/05 07:25:29.763,249.002,11.208
2025/10/05 07:25:31.186,249.996,11.208
2025/10/05 07:25:32.603,251.001,11.208
2025/10/05 07:25:35.666,227.029,6.781
2025/10/05 07:25:37.048,227.463,6.781
2025/10/05 07:25:38.438,228.015,6.781
2025/10/05 07:25:39.998,228.564,6.781
2025/10/05 07:25:41.356,228.971,6.781
2025/10/05 07:25:42.765,229.482,6.781
2025/10/05 07:25:44.142,229.981,6.781
2025/10/05 07:25:45.739,230.49,6.781
2025/10/05 07:25:47.115,231.022,6.781
2025/10/05 07:25:48.466,231.522,6.781
2025/10/05 07:25:49.850,231.984,6.781
2025/10/05 07:25:51.217,232.506,6.781
2025/10/05 07:25:52.642,233.027,6.781
2025/10/05 07:25:54.013,233.525,6.781
2025/10/05 07:25:55.387,233.972,6.781
2025/10/05 07:25:56.767,234.527,6.781
2025/10/05 07:25:58.327,234.991,6.781
2025/10/05 07:25:59.740,235.497,6.781
2025/10/05 07:26:01.098,235.999,6.781
2025/10/05 07:26:02.476,236.505,6.781
2025/10/05 07:26:03.834,237.054,6.781
2025/10/05 07:26:05.402,237.411,6.781
2025/10/05 07:26:06.780,238.021,6.781
2025/10/05 07:26:08.156,238.512,6.781
2025/10/05 07:26:09.714,238.993,6.781
2025/10/05 07:26:11.124,239.501,6.781
2025/10/05 07:26:12.521,240.02,6.781
2025/10/05 07:26:13.880,240.509,6.781
2025/10/05 07:26:15.271,241.003,6.781
2025/10/05 07:26:16.688,241.52,6.781
2025/10/05 07:26:18.050,241.987,6.781
2025/10/05 07:26:19.414,242.495,6.781
2025/10/05 07:26:20.800,243.044,6.781
2025/10/05 07:26:22.393,243.473,6.781
2025/10/05 07:26:23.804,244.014,6.781
2025/10/05 07:26:25.142,244.552,6.781
2025/10/05 07:26:26.485,244.994,6.781
2025/10/05 07:26:28.043,245.497,6.781
2025/10/05 07:26:29.445,246.021,6.781
2025/10/05 07:26:30.803,246.488,6.781
2025/10/05 07:26:32.180,247.008,6.781
2025/10/05 07:26:35.107,229.07,4.88
2025/10/05 07:26:36.477,229.46,4.88
2025/10/05 07:26:37.876,230.023,4.88
2025/10/05 07:26:39.239,230.514,4.88
2025/10/05 07:26:40.817,230.978,4.88
2025/10/05 07:26:42.239,231.531,4.88
2025/10/05 07:26:43.599,231.973,4.88
2025/10/05 07:26:44.973,232.525,4.88
2025/10/05 07:26:46.564,233.019,4.88
2025/10/05 07:26:47.957,233.464,4.88
2025/10/05 07:26:49.355,234.038,4.88
2025/10/05 07:26:50.930,234.483,4.88
2025/10/05 07:26:52.340,235.038,4.88
2025/10/05 07:26:53.695,235.497,4.88
2025/10/05 07:26:55.057,235.999,4.88
2025/10/05 07:26:56.407,236.507,4.88
2025/10/05 07:26:57.915,236.971,4.88
2025/10/05 07:26:59.290,237.513,4.88
2025/10/05 07:27:00.645,237.999,4.88
2025/10/05 07:27:02.327,238.515,4.88
2025/10/05 07:27:03.708,239.026,4.88
2025/10/05 07:27:05.094,239.531,4.88
2025/10/05 07:27:06.471,240.017,4.88
2025/10/05 07:27:08.029,240.484,4.88
2025/10/05 07:27:09.428,241.003,4.88
2025/10/05 07:27:10.795,241.523,4.88
2025/10/05 07:27:12.171,242.011,4.88
2025/10/05 07:27:13.589,242.492,4.88
2025/10/05 07:27:14.957,242.992,4.88
2025/10/05 07:27:16.435,243.486,4.88
2025/10/05 07:27:17.823,244.03,4.88
2025/10/05 07:27:19.390,244.514,4.88
2025/10/05 07:27:20.920,244.948,4.88
2025/10/05 07:27:23.428,229.001,4.284
2025/10/05 07:27:24.926,229.528,4.284
2025/10/05 07:27:26.295,229.959,4.284
2025/10/05 07:27:27.673,230.514,4.284
2025/10/05 07:27:29.064,230.97,4.284
2025/10/05 07:27:30.643,231.506,4.284
2025/10/05 07:27:32.026,232.014,4.284
2025/10/05 07:27:33.415,232.467,4.284
2025/10/05 07:27:34.998,232.983,4.284
2025/10/05 07:27:36.390,233.538,4.284
2025/10/05 07:27:37.774,234.033,4.284
2025/10/05 07:27:39.146,234.5,4.284
2025/10/05 07:27:40.518,235.03,4.284
2025/10/05 07:27:41.926,235.472,4.284
2025/10/05 07:27:43.319,236.01,4.284
2025/10/05 07:27:44.708,236.505,4.284
2025/10/05 07:27:46.093,236.911,4.284
2025/10/05 07:27:47.681,237.54,4.284
2025/10/05 07:27:49.064,237.996,4.284
2025/10/05 07:27:50.416,238.466,4.284
2025/10/05 07:27:52.025,239.031,4.284
2025/10/05 07:27:53.405,239.537,4.284
2025/10/05 07:27:54.763,240.001,4.284
2025/10/05 07:27:56.127,240.501,4.284
2025/10/05 07:27:57.486,240.99,4.284
2025/10/05 07:27:59.072,241.503,4.284
2025/10/05 07:28:00.458,241.998,4.284
2025/10/05 07:28:01.836,242.503,4.284
2025/10/05 07:28:03.209,243.047,4.284
2025/10/05 07:28:04.793,243.53,4.284
2025/10/05 07:28:06.182,243.984,4.284
2025/10/05 07:28:07.570,244.505,4.284
2025/10/05 07:28:08.972,245.013,4.284
2025/10/05 07:28:12.017,223.024,11.208
2025/10/05 07:28:13.405,223.922,11.208
2025/10/05 07:28:15.049,225.016,11.208
2025/10/05 07:28:16.450,225.999,11.208
2025/10/05 07:28:17.881,227.012,11.208
2025/10/05 07:28:19.283,228.009,11.208
2025/10/05 07:28:20.878,229.02,11.208
2025/10/05 07:28:22.360,229.984,11.208
2025/10/05 07:28:23.778,231.028,11.208
2025/10/05 07:28:25.373,231.995,11.208
2025/10/05 07:28:26.796,232.978,11.208
2025/10/05 07:28:28.227,234.03,11.208
2025/10/05 07:28:29.810,235.013,11.208
2025/10/05 07:28:31.252,235.991,11.208
2025/10/05 07:28:32.677,237.01,11.208
2025/10/05 07:28:34.091,238.021,11.208
2025/10/05 07:28:35.757,239.018,11.208
2025/10/05 07:28:37.173,240.039,11.208
2025/10/05 07:28:38.625,240.949,11.208
2025/10/05 07:28:40.232,242.017,11.208
2025/10/05 07:28:41.673,243.006,11.208
2025/10/05 07:28:43.092,243.997,11.208
2025/10/05 07:28:44.509,245.008,11.208
2025/10/05 07:28:46.104,246.019,11.208
2025/10/05 07:28:47.520,246.983,11.208
2025/10/05 07:28:48.937,248.059,11.208
2025/10/05 07:28:50.583,248.96,11.208
2025/10/05 07:28:52.043,250.037,11.208
2025/10/05 07:28:53.476,250.99,11.208
2025/10/05 07:28:56.707,227.045,6.781
2025/10/05 07:28:58.082,227.457,6.781
2025/10/05 07:28:59.455,228.015,6.781
2025/10/05 07:29:01.076,228.507,6.781
2025/10/05 07:29:02.441,229.017,6.781
2025/10/05 07:29:03.816,229.49,6.781
2025/10/05 07:29:05.202,230.014,6.781
2025/10/05 07:29:06.557,230.501,6.781
2025/10/05 07:29:08.139,230.992,6.781
2025/10/05 07:29:09.503,231.528,6.781
2025/10/05 07:29:10.897,231.962,6.781
2025/10/05 07:29:12.270,232.517,6.781
2025/10/05 07:29:13.665,233.011,6.781
2025/10/05 07:29:15.048,233.481,6.781
2025/10/05 07:29:16.434,234.008,6.781
2025/10/05 07:29:18.034,234.557,6.781
2025/10/05 07:29:19.402,234.966,6.781
2025/10/05 07:29:20.793,235.513,6.781
2025/10/05 07:29:22.181,236.013,6.781
2025/10/05 07:29:23.519,236.502,6.781
2025/10/05 07:29:24.992,237.007,6.781
2025/10/05 07:29:26.352,237.513,6.781
2025/10/05 07:29:27.737,237.979,6.781
2025/10/05 07:29:29.116,238.523,6.781
2025/10/05 07:29:30.730,239.012,6.781
2025/10/05 07:29:32.114,239.487,6.781
2025/10/05 07:29:33.470,240.004,6.781
2025/10/05 07:29:35.135,240.49,6.781
2025/10/05 07:29:36.518,241.023,6.781
2025/10/05 07:29:37.904,241.492,6.781
2025/10/05 07:29:39.282,242.006,6.781
2025/10/05 07:29:40.860,242.511,6.781
2025/10/05 07:29:42.247,242.987,6.781
2025/10/05 07:29:43.639,243.544,6.781
2025/10/05 07:29:45.038,243.978,6.781
2025/10/05 07:29:46.605,244.538,6.781
2025/10/05 07:29:47.986,244.989,6.781
2025/10/05 07:29:49.365,245.497,6.781
2025/10/05 07:29:50.724,246.005,6.781
2025/10/05 07:29:52.319,246.519,6.781
2025/10/05 07:29:53.734,246.983,6.781
2025/10/05 07:29:56.344,229.05,4.88
2025/10/05 07:29:57.739,229.473,4.88
2025/10/05 07:29:59.111,230.003,4.88
2025/10/05 07:30:00.483,230.498,4.88
2025/10/05 07:30:01.860,231.009,4.88
2025/10/05 07:30:03.412,231.511,4.88
2025/10/05 07:30:04.840,232.006,4.88
2025/10/05 07:30:06.210,232.503,4.88
2025/10/05 07:30:07.556,232.978,4.88
2025/10/05 07:30:09.117,233.5,4.88
2025/10/05 07:30:10.536,234.008,4.88
2025/10/05 07:30:11.890,234.533,4.88
2025/10/05 07:30:13.253,234.983,4.88
2025/10/05 07:30:14.694,235.53,4.88
2025/10/05 07:30:16.099,235.991,4.88
2025/10/05 07:30:17.474,236.48,4.88
2025/10/05 07:30:18.845,236.993,4.88
2025/10/05 07:30:20.444,237.507,4.88
2025/10/05 07:30:21.844,238.029,4.88
2025/10/05 07:30:23.230,238.446,4.88
2025/10/05 07:30:24.602,238.998,4.88
2025/10/05 07:30:26.166,239.548,4.88
2025/10/05 07:30:27.553,240.001,4.88
2025/10/05 07:30:28.931,240.498,4.88
2025/10/05 07:30:30.305,240.995,4.88
2025/10/05 07:30:31.871,241.531,4.88
2025/10/05 07:30:33.250,241.954,4.88
2025/10/05 07:30:34.635,242.558,4.88
2025/10/05 07:30:36.004,242.984,4.88
2025/10/05 07:30:37.368,243.484,4.88
2025/10/05 07:30:38.930,243.995,4.88
2025/10/05 07:30:40.303,244.588,4.88
2025/10/05 07:30:41.662,244.937,4.88
2025/10/05 07:30:44.171,229.039,4.29
2025/10/05 07:30:45.734,229.443,4.29
2025/10/05 07:30:47.129,229.992,4.29
2025/10/05 07:30:48.524,230.558,4.29
2025/10/05 07:30:50.090,230.992,4.29
2025/10/05 07:30:51.489,231.536,4.29
2025/10/05 07:30:52.847,232.033,4.29
2025/10/05 07:30:54.196,232.47,4.29
2025/10/05 07:30:55.565,233.036,4.29
2025/10/05 07:30:57.020,233.514,4.29
2025/10/05 07:30:58.410,234.0,4.29
2025/10/05 07:30:59.774,234.478,4.29
2025/10/05 07:31:01.151,235.035,4.29
2025/10/05 07:31:02.730,235.549,4.29
2025/10/05 07:31:04.103,236.038,4.29
2025/10/05 07:31:05.497,236.447,4.29
2025/10/05 07:31:06.870,237.002,4.29
2025/10/05 07:31:08.455,237.529,4.29
2025/10/05 07:31:09.874,237.977,4.29
2025/10/05 07:31:11.264,238.413,4.29
2025/10/05 07:31:12.634,238.976,4.29
2025/10/05 07:31:14.194,239.559,4.29
2025/10/05 07:31:15.589,239.984,4.29
2025/10/05 07:31:16.962,240.462,4.29
2025/10/05 07:31:18.330,240.973,4.29
2025/10/05 07:31:19.927,241.556,4.29
2025/10/05 07:31:21.268,242.031,4.29
2025/10/05 07:31:22.663,242.429,4.29
2025/10/05 07:31:24.039,243.008,4.29
2025/10/05 07:31:25.404,243.55,4.29
2025/10/05 07:31:26.975,243.989,4.29
2025/10/05 07:31:28.352,244.536,4.29
2025/10/05 07:31:29.758,244.97,4.29
2025/10/05 07:31:32.830,223.0,11.206
2025/10/05 07:31:34.252,223.944,11.206
2025/10/05 07:31:35.877,224.999,11.206
2025/10/05 07:31:37.286,226.002,11.206
2025/10/05 07:31:38.752,227.004,11.206
2025/10/05 07:31:40.157,228.009,11.206
2025/10/05 07:31:41.772,228.993,11.206
2025/10/05 07:31:43.212,230.012,11.206
2025/10/05 07:31:44.639,231.017,11.206
2025/10/05 07:31:46.263,231.997,11.206
2025/10/05 07:31:47.720,233.016,11.206
2025/10/05 07:31:49.121,233.989,11.206
2025/10/05 07:31:50.568,235.046,11.206
2025/10/05 07:31:52.255,235.95,11.206
2025/10/05 07:31:53.694,237.035,11.206
2025/10/05 07:31:55.171,237.952,11.206
2025/10/05 07:31:56.766,239.106,11.206
2025/10/05 07:31:58.184,239.941,11.206
2025/10/05 07:31:59.641,241.031,11.206
2025/10/05 07:32:01.229,241.976,11.206
2025/10/05 07:32:02.680,242.954,11.206
2025/10/05 07:32:04.085,244.052,11.206
2025/10/05 07:32:05.701,245.063,11.206
2025/10/05 07:32:07.124,245.964,11.206
2025/10/05 07:32:08.524,247.027,11.206
2025/10/05 07:32:10.155,247.985,11.206
2025/10/05 07:32:11.620,249.015,11.206
2025/10/05 07:32:13.022,249.996,11.206
2025/10/05 07:32:14.412,250.99,11.206
2025/10/05 07:32:17.416,226.996,6.784
2025/10/05 07:32:18.801,227.471,6.784
2025/10/05 07:32:20.381,227.985,6.784
2025/10/05 07:32:21.765,228.526,6.784
2025/10/05 07:32:23.146,229.028,6.784
2025/10/05 07:32:24.497,229.498,6.784
2025/10/05 07:32:26.055,230.02,6.784
2025/10/05 07:32:27.438,230.528,6.784
2025/10/05 07:32:28.818,230.992,6.784
2025/10/05 07:32:30.177,231.533,6.784
2025/10/05 07:32:31.772,231.981,6.784
2025/10/05 07:32:33.133,232.522,6.784
2025/10/05 07:32:34.521,233.014,6.784
2025/10/05 07:32:35.880,233.5,6.784
2025/10/05 07:32:37.250,234.011,6.784
2025/10/05 07:32:38.835,234.475,6.784
2025/10/05 07:32:40.197,235.027,6.784
2025/10/05 07:32:41.571,235.513,6.784
2025/10/05 07:32:43.183,236.005,6.784
2025/10/05 07:32:44.574,236.455,6.784
2025/10/05 07:32:45.969,236.988,6.784
2025/10/05 07:32:47.323,237.515,6.784
2025/10/05 07:32:48.748,238.026,6.784
2025/10/05 07:32:50.120,238.523,6.784
2025/10/05 07:32:51.477,239.007,6.784
2025/10/05 07:32:52.865,239.485,6.784
2025/10/05 07:32:54.258,239.987,6.784
2025/10/05 07:32:55.855,240.512,6.784
2025/10/05 07:32:57.210,240.96,6.784
2025/10/05 07:32:58.601,241.517,6.784
2025/10/05 07:32:59.995,241.995,6.784
2025/10/05 07:33:01.539,242.476,6.784
2025/10/05 07:33:02.965,243.014,6.784
2025/10/05 07:33:04.337,243.511,6.784
2025/10/05 07:33:05.894,244.025,6.784
2025/10/05 07:33:07.271,244.563,6.784
2025/10/05 07:33:08.637,244.893,6.784
2025/10/05 07:33:10.015,245.524,6.784
2025/10/05 07:33:11.386,246.013,6.784
2025/10/05 07:33:12.801,246.491,6.784
2025/10/05 07:33:14.194,247.029,6.784
2025/10/05 07:33:16.867,229.039,4.883
2025/10/05 07:33:18.244,229.468,4.883
2025/10/05 07:33:19.820,229.995,4.883
2025/10/05 07:33:21.212,230.501,4.883
2025/10/05 07:33:22.554,231.064,4.883
2025/10/05 07:33:24.180,231.487,4.883
2025/10/05 07:33:25.573,231.989,4.883
2025/10/05 07:33:26.946,232.495,4.883
2025/10/05 07:33:28.310,233.03,4.883
2025/10/05 07:33:29.918,233.412,4.883
2025/10/05 07:33:31.283,234.013,4.883
2025/10/05 07:33:32.668,234.524,4.883
2025/10/05 07:33:34.060,234.991,4.883
2025/10/05 07:33:35.425,235.519,4.883
2025/10/05 07:33:36.830,236.005,4.883
2025/10/05 07:33:38.220,236.502,4.883
2025/10/05 07:33:39.575,236.991,4.883
2025/10/05 07:33:40.945,237.504,4.883
2025/10/05 07:33:42.529,238.043,4.883
2025/10/05 07:33:43.905,238.452,4.883
2025/10/05 07:33:45.294,239.029,4.883
2025/10/05 07:33:46.652,239.43,4.883
2025/10/05 07:33:48.039,240.012,4.883
2025/10/05 07:33:49.634,240.517,4.883
2025/10/05 07:33:51.015,240.976,4.883
2025/10/05 07:33:52.383,241.52,4.883
2025/10/05 07:33:54.070,242.006,4.883
2025/10/05 07:33:55.648,242.476,4.883
2025/10/05 07:33:57.023,242.989,4.883
2025/10/05 07:33:58.611,243.596,4.883
2025/10/05 07:33:59.962,243.995,4.883
2025/10/05 07:34:01.332,244.439,4.883
2025/10/05 07:34:02.713,245.027,4.883
2025/10/05 07:34:05.581,229.048,4.287
2025/10/05 07:34:06.995,229.454,4.287
2025/10/05 07:34:08.375,230.025,4.287
2025/10/05 07:34:09.924,230.473,4.287
2025/10/05 07:34:11.319,231.011,4.287
2025/10/05 07:34:12.686,231.533,4.287
2025/10/05 07:34:14.084,231.964,4.287
2025/10/05 07:34:15.463,232.506,4.287
2025/10/05 07:34:17.050,233.019,4.287
2025/10/05 07:34:18.436,233.456,4.287
2025/10/05 07:34:19.823,234.068,4.287
2025/10/05 07:34:21.204,234.497,4.287
2025/10/05 07:34:22.770,235.002,4.287
2025/10/05 07:34:24.190,235.538,4.287
2025/10/05 07:34:25.569,235.985,4.287
2025/10/05 07:34:27.133,236.491,4.287
2025/10/05 07:34:28.533,236.988,4.287
2025/10/05 07:34:29.902,237.557,4.287
2025/10/05 07:34:31.310,237.9,4.287
2025/10/05 07:34:32.692,238.548,4.287
2025/10/05 07:34:34.259,239.031,4.287
2025/10/05 07:34:35.641,239.471,4.287
2025/10/05 07:34:37.018,240.042,4.287
2025/10/05 07:34:38.399,240.495,4.287
2025/10/05 07:34:40.016,241.031,4.287
2025/10/05 07:34:41.394,241.495,4.287
2025/10/05 07:34:42.766,242.028,4.287
2025/10/05 07:34:44.149,242.487,4.287
2025/10/05 07:34:45.504,242.981,4.287
2025/10/05 07:34:47.081,243.44,4.287
2025/10/05 07:34:48.472,244.003,4.287
2025/10/05 07:34:49.854,244.522,4.287
2025/10/05 07:34:51.203,245.033,4.287
2025/10/05 07:34:54.362,223.03,11.208
2025/10/05 07:34:55.947,223.947,11.208
2025/10/05 07:34:57.366,224.988,11.208
2025/10/05 07:34:58.761,226.004,11.208
2025/10/05 07:35:00.155,227.001,11.208
2025/10/05 07:35:01.788,228.004,11.208
2025/10/05 07:35:03.193,228.998,11.208
2025/10/05 07:35:04.615,230.006,11.208
2025/10/05 07:35:06.240,231.036,11.208
2025/10/05 07:35:07.684,231.97,11.208
2025/10/05 07:35:09.127,233.016,11.208
2025/10/05 07:35:10.529,234.013,11.208
2025/10/05 07:35:12.104,235.016,11.208
2025/10/05 07:35:13.535,235.955,11.208
2025/10/05 07:35:14.958,236.982,11.208
2025/10/05 07:35:16.560,237.988,11.208
2025/10/05 07:35:18.002,238.987,11.208
2025/10/05 07:35:19.425,240.015,11.208
2025/10/05 07:35:20.834,240.965,11.208
2025/10/05 07:35:22.501,242.055,11.208
2025/10/05 07:35:23.888,243.041,11.208
2025/10/05 07:35:25.310,243.997,11.208
2025/10/05 07:35:26.734,244.981,11.208
2025/10/05 07:35:28.221,246.013,11.208
2025/10/05 07:35:29.651,247.021,11.208
2025/10/05 07:35:31.053,247.983,11.208
2025/10/05 07:35:32.682,248.996,11.208
2025/10/05 07:35:34.061,250.026,11.208
2025/10/05 07:35:35.501,251.015,11.208
2025/10/05 07:35:38.568,227.029,6.784
2025/10/05 07:35:39.935,227.444,6.784
2025/10/05 07:35:41.312,227.99,6.784
2025/10/05 07:35:42.943,228.52,6.784
2025/10/05 07:35:44.347,228.998,6.784
2025/10/05 07:35:45.738,229.512,6.784
2025/10/05 07:35:47.097,230.001,6.784
2025/10/05 07:35:48.664,230.52,6.784
2025/10/05 07:35:50.060,230.984,6.784
2025/10/05 07:35:51.432,231.525,6.784
2025/10/05 07:35:52.964,231.992,6.784
2025/10/05 07:35:54.345,232.544,6.784
2025/10/05 07:35:55.704,232.994,6.784
2025/10/05 07:35:57.067,233.486,6.784
2025/10/05 07:35:58.466,234.019,6.784
2025/10/05 07:36:00.022,234.508,6.784
2025/10/05 07:36:01.424,234.999,6.784
2025/10/05 07:36:02.774,235.483,6.784
2025/10/05 07:36:04.141,236.016,6.784
2025/10/05 07:36:05.503,236.538,6.784
2025/10/05 07:36:07.047,236.969,6.784
2025/10/05 07:36:08.430,237.518,6.784
2025/10/05 07:36:09.804,237.979,6.784
2025/10/05 07:36:11.157,238.551,6.784
2025/10/05 07:36:12.874,238.96,6.784
2025/10/05 07:36:14.256,239.52,6.784
2025/10/05 07:36:15.635,240.042,6.784
2025/10/05 07:36:16.999,240.495,6.784
2025/10/05 07:36:18.584,240.965,6.784
2025/10/05 07:36:19.947,241.547,6.784
2025/10/05 07:36:21.298,242.014,6.784
2025/10/05 07:36:22.721,242.506,6.784
2025/10/05 07:36:24.301,243.006,6.784
2025/10/05 07:36:25.706,243.497,6.784
2025/10/05 07:36:27.085,243.97,6.784
2025/10/05 07:36:28.456,244.536,6.784
2025/10/05 07:36:30.023,245.005,6.784
2025/10/05 07:36:31.428,245.491,6.784
2025/10/05 07:36:32.789,246.002,6.784
2025/10/05 07:36:34.152,246.53,6.784
2025/10/05 07:36:35.555,246.999,6.784
2025/10/05 07:36:38.364,229.042,4.875
2025/10/05 07:36:39.741,229.484,4.875
2025/10/05 07:36:41.136,230.001,4.875
2025/10/05 07:36:42.712,230.514,4.875
2025/10/05 07:36:44.085,231.011,4.875
2025/10/05 07:36:45.438,231.492,4.875
2025/10/05 07:36:47.000,231.989,4.875
2025/10/05 07:36:48.389,232.508,4.875
2025/10/05 07:36:49.752,233.014,4.875
2025/10/05 07:36:51.119,233.544,4.875
2025/10/05 07:36:53.535,233.983,4.875
2025/10/05 07:36:55.065,234.489,4.875
2025/10/05 07:36:56.445,235.008,4.875
2025/10/05 07:36:57.868,235.508,4.875
2025/10/05 07:36:59.231,236.005,4.875
2025/10/05 07:37:00.850,236.524,4.875
2025/10/05 07:37:02.233,236.988,4.875
2025/10/05 07:37:03.606,237.54,4.875
2025/10/05 07:37:04.962,237.949,4.875
2025/10/05 07:37:06.571,238.515,4.875
2025/10/05 07:37:07.957,239.029,4.875
2025/10/05 07:37:09.348,239.438,4.875
2025/10/05 07:37:10.717,240.028,4.875
2025/10/05 07:37:12.308,240.537,4.875
2025/10/05 07:37:13.697,241.006,4.875
2025/10/05 07:37:15.077,241.479,4.875
2025/10/05 07:37:16.464,241.998,4.875
2025/10/05 07:37:17.917,242.536,4.875
2025/10/05 07:37:19.289,243.036,4.875
2025/10/05 07:37:20.654,243.456,4.875
2025/10/05 07:37:22.053,244.003,4.875
2025/10/05 07:37:23.604,244.486,4.875
2025/10/05 07:37:25.035,245.03,4.875
2025/10/05 07:37:27.574,229.045,4.284
2025/10/05 07:37:29.265,229.471,4.284
2025/10/05 07:37:30.664,230.014,4.284
2025/10/05 07:37:32.066,230.512,4.284
2025/10/05 07:37:33.398,231.014,4.284
2025/10/05 07:37:34.772,231.506,4.284
2025/10/05 07:37:36.186,231.981,4.284
2025/10/05 07:37:37.549,232.489,4.284
2025/10/05 07:37:38.965,233.058,4.284
2025/10/05 07:37:40.329,233.503,4.284
2025/10/05 07:37:41.894,233.989,4.284
2025/10/05 07:37:43.302,234.5,4.284
2025/10/05 07:37:44.665,235.019,4.284
2025/10/05 07:37:46.277,235.527,4.284
2025/10/05 07:37:47.656,236.016,4.284
2025/10/05 07:37:49.036,236.543,4.284
2025/10/05 07:37:50.438,236.988,4.284
2025/10/05 07:37:51.858,237.469,4.284
2025/10/05 07:37:53.241,238.023,4.284
2025/10/05 07:37:54.605,238.512,4.284
2025/10/05 07:37:56.013,238.974,4.284
2025/10/05 07:37:57.773,239.526,4.284
2025/10/05 07:37:59.170,239.995,4.284
2025/10/05 07:38:00.526,240.501,4.284
2025/10/05 07:38:02.103,240.982,4.284
2025/10/05 07:38:03.472,241.52,4.284
2025/10/05 07:38:04.837,241.998,4.284
2025/10/05 07:38:06.234,242.492,4.284
2025/10/05 07:38:07.833,242.992,4.284
2025/10/05 07:38:09.200,243.5,4.284
2025/10/05 07:38:10.579,244.052,4.284
2025/10/05 07:38:11.930,244.475,4.284
2025/10/05 07:38:13.468,245.0,4.284
2025/10/05 07:38:16.368,222.991,11.206
2025/10/05 07:38:17.788,223.942,11.206
2025/10/05 07:38:19.218,225.016,11.206
2025/10/05 07:38:20.631,225.993,11.206
2025/10/05 07:38:22.077,227.032,11.206
2025/10/05 07:38:23.708,227.99,11.206
2025/10/05 07:38:25.124,229.015,11.206
2025/10/05 07:38:26.521,230.014,11.206
2025/10/05 07:38:28.145,230.978,11.206
2025/10/05 07:38:29.564,232.019,11.206
2025/10/05 07:38:30.978,233.003,11.206
2025/10/05 07:38:32.399,233.978,11.206
2025/10/05 07:38:33.995,235.013,11.206
2025/10/05 07:38:35.441,236.018,11.206
2025/10/05 07:38:37.040,236.971,11.206
2025/10/05 07:38:38.553,238.018,11.206
2025/10/05 07:38:40.004,238.982,11.206
2025/10/05 07:38:41.671,240.02,11.206
2025/10/05 07:38:43.098,241.042,11.206
2025/10/05 07:38:44.511,241.998,11.206
2025/10/05 07:38:46.118,242.997,11.206
2025/10/05 07:38:47.546,244.016,11.206
2025/10/05 07:38:48.957,245.024,11.206
2025/10/05 07:38:50.394,245.972,11.206
2025/10/05 07:38:51.996,247.029,11.206
2025/10/05 07:38:53.431,247.988,11.206
2025/10/05 07:38:55.025,249.004,11.206
2025/10/05 07:38:56.426,250.01,11.206
2025/10/05 07:38:57.845,250.998,11.206
2025/10/05 07:39:00.965,227.037,6.786
2025/10/05 07:39:02.372,227.477,6.786
2025/10/05 07:39:03.747,227.993,6.786
2025/10/05 07:39:05.333,228.52,6.786
2025/10/05 07:39:06.700,228.99,6.786
2025/10/05 07:39:08.058,229.512,6.786
2025/10/05 07:39:09.472,229.984,6.786
2025/10/05 07:39:10.911,230.531,6.786
2025/10/05 07:39:12.288,231.033,6.786
2025/10/05 07:39:13.664,231.487,6.786
2025/10/05 07:39:15.063,231.989,6.786
2025/10/05 07:39:16.424,232.519,6.786
2025/10/05 07:39:18.017,232.989,6.786
2025/10/05 07:39:19.415,233.549,6.786
2025/10/05 07:39:21.052,233.958,6.786
2025/10/05 07:39:22.443,234.505,6.786
2025/10/05 07:39:23.826,235.043,6.786
2025/10/05 07:39:25.212,235.494,6.786
2025/10/05 07:39:26.602,236.005,6.786
2025/10/05 07:39:28.136,236.557,6.786
2025/10/05 07:39:29.520,236.963,6.786
2025/10/05 07:39:30.894,237.526,6.786
2025/10/05 07:39:32.237,237.999,6.786
2025/10/05 07:39:33.627,238.499,6.786
2025/10/05 07:39:35.188,239.015,6.786
2025/10/05 07:39:36.558,239.509,6.786
2025/10/05 07:39:37.939,240.026,6.786
2025/10/05 07:39:39.525,240.468,6.786
2025/10/05 07:39:40.920,241.003,6.786
2025/10/05 07:39:42.284,241.487,6.786
2025/10/05 07:39:43.660,241.995,6.786
2025/10/05 07:39:45.210,242.544,6.786
2025/10/05 07:39:46.591,242.989,6.786
2025/10/05 07:39:47.969,243.519,6.786
2025/10/05 07:39:49.321,244.019,6.786
2025/10/05 07:39:50.931,244.478,6.786
2025/10/05 07:39:52.319,244.994,6.786
2025/10/05 07:39:53.685,245.582,6.786
2025/10/05 07:39:55.260,245.912,6.786
2025/10/05 07:39:56.645,246.56,6.786
2025/10/05 07:39:58.013,246.922,6.786
2025/10/05 07:40:00.791,229.042,4.883
2025/10/05 07:40:02.449,229.493,4.883
2025/10/05 07:40:03.829,229.981,4.883
2025/10/05 07:40:05.219,230.525,4.883
2025/10/05 07:40:06.596,230.94,4.883
2025/10/05 07:40:08.211,231.536,4.883
2025/10/05 07:40:09.561,231.984,4.883
2025/10/05 07:40:10.952,232.506,4.883
2025/10/05 07:40:12.327,233.0,4.883
2025/10/05 07:40:13.913,233.511,4.883
2025/10/05 07:40:15.321,234.002,4.883
2025/10/05 07:40:16.692,234.494,4.883
2025/10/05 07:40:18.058,235.01,4.883
2025/10/05 07:40:19.727,235.516,4.883
2025/10/05 07:40:21.119,235.996,4.883
2025/10/05 07:40:22.477,236.521,4.883
2025/10/05 07:40:23.833,237.004,4.883
2025/10/05 07:40:25.373,237.502,4.883
2025/10/05 07:40:26.767,237.969,4.883
2025/10/05 07:40:28.137,238.518,4.883
2025/10/05 07:40:29.513,238.998,4.883
2025/10/05 07:40:31.105,239.493,4.883
2025/10/05 07:40:32.474,239.993,4.883
2025/10/05 07:40:33.854,240.531,4.883
2025/10/05 07:40:35.258,241.006,4.883
2025/10/05 07:40:36.614,241.495,4.883
2025/10/05 07:40:38.190,242.022,4.883
2025/10/05 07:40:39.562,242.473,4.883
2025/10/05 07:40:40.956,242.989,4.883
2025/10/05 07:40:42.297,243.533,4.883
2025/10/05 07:40:43.874,243.937,4.883
2025/10/05 07:40:45.274,244.527,4.883
2025/10/05 07:40:46.781,244.912,4.883
2025/10/05 07:40:49.872,229.031,4.292
2025/10/05 07:40:51.277,229.457,4.292
2025/10/05 07:40:52.641,229.965,4.292
2025/10/05 07:40:54.185,230.523,4.292
2025/10/05 07:40:55.559,230.989,4.292
2025/10/05 07:40:56.955,231.481,4.292
2025/10/05 07:40:58.327,232.0,4.292
2025/10/05 07:40:59.894,232.497,4.292
2025/10/05 07:41:01.284,233.016,4.292
2025/10/05 07:41:02.668,233.538,4.292
2025/10/05 07:41:04.036,233.958,4.292
2025/10/05 07:41:05.625,234.494,4.292
2025/10/05 07:41:07.028,235.03,4.292
2025/10/05 07:41:08.391,235.505,4.292
2025/10/05 07:41:09.744,236.062,4.292
2025/10/05 07:41:11.339,236.466,4.292
2025/10/05 07:41:12.729,236.961,4.292
2025/10/05 07:41:14.090,237.524,4.292
2025/10/05 07:41:15.477,237.969,4.292
2025/10/05 07:41:16.851,238.471,4.292
2025/10/05 07:41:18.284,239.004,4.292
2025/10/05 07:41:19.640,239.537,4.292
2025/10/05 07:41:21.012,239.957,4.292
2025/10/05 07:41:22.415,240.46,4.292
2025/10/05 07:41:23.970,241.086,4.292
2025/10/05 07:41:25.369,241.503,4.292
2025/10/05 07:41:26.733,241.989,4.292
2025/10/05 07:41:28.298,242.484,4.292
2025/10/05 07:41:29.687,243.03,4.292
2025/10/05 07:41:31.067,243.495,4.292
2025/10/05 07:41:32.436,244.03,4.292
2025/10/05 07:41:33.802,244.497,4.292
2025/10/05 07:41:35.294,245.0,4.292
2025/10/05 07:41:38.570,223.038,11.208
2025/10/05 07:41:40.005,223.947,11.208
2025/10/05 07:41:41.418,224.983,11.208
2025/10/05 07:41:42.819,226.002,11.208
2025/10/05 07:41:44.486,227.034,11.208
2025/10/05 07:41:45.890,228.015,11.208
2025/10/05 07:41:47.344,228.998,11.208
2025/10/05 07:41:48.957,230.014,11.208
2025/10/05 07:41:50.385,230.981,11.208
2025/10/05 07:41:51.784,232.019,11.208
2025/10/05 07:41:53.395,233.003,11.208
2025/10/05 07:41:54.826,233.978,11.208
2025/10/05 07:41:56.229,234.975,11.208
2025/10/05 07:41:57.645,236.024,11.208
2025/10/05 07:41:59.232,237.01,11.208
2025/10/05 07:42:00.715,238.018,11.208
2025/10/05 07:42:02.138,238.993,11.208
2025/10/05 07:42:03.770,240.02,11.208
2025/10/05 07:42:05.194,241.012,11.208
2025/10/05 07:42:06.650,241.998,11.208
2025/10/05 07:42:08.029,243.003,11.208
2025/10/05 07:42:09.683,244.016,11.208
2025/10/05 07:42:11.086,245.013,11.208
2025/10/05 07:42:12.497,246.01,11.208
2025/10/05 07:42:13.896,246.991,11.208
2025/10/05 07:42:15.520,248.013,11.208
2025/10/05 07:42:16.941,249.013,11.208
2025/10/05 07:42:18.364,249.999,11.208
2025/10/05 07:42:20.013,250.968,11.208
2025/10/05 07:42:22.877,227.043,6.784
2025/10/05 07:42:24.457,227.479,6.784
2025/10/05 07:42:25.848,227.982,6.784
2025/10/05 07:42:27.208,228.52,6.784
2025/10/05 07:42:28.584,228.995,6.784
2025/10/05 07:42:30.132,229.509,6.784
2025/10/05 07:42:31.517,230.012,6.784
2025/10/05 07:42:32.886,230.487,6.784
2025/10/05 07:42:34.263,231.014,6.784
2025/10/05 07:42:35.637,231.489,6.784
2025/10/05 07:42:37.053,232.008,6.784
2025/10/05 07:42:38.420,232.506,6.784
2025/10/05 07:42:39.806,232.975,6.784
2025/10/05 07:42:41.204,233.544,6.784
2025/10/05 07:42:42.820,233.994,6.784
2025/10/05 07:42:44.218,234.516,6.784
2025/10/05 07:42:45.573,235.024,6.784
2025/10/05 07:42:46.958,235.486,6.784
2025/10/05 07:42:48.591,235.994,6.784
2025/10/05 07:42:49.948,236.491,6.784
2025/10/05 07:42:51.363,236.996,6.784
2025/10/05 07:42:52.767,237.513,6.784
2025/10/05 07:42:54.293,238.034,6.784
2025/10/05 07:42:55.679,238.463,6.784
2025/10/05 07:42:57.047,239.007,6.784
2025/10/05 07:42:58.430,239.501,6.784
2025/10/05 07:42:59.994,240.012,6.784
2025/10/05 07:43:01.394,240.49,6.784
2025/10/05 07:43:02.806,241.014,6.784
2025/10/05 07:43:04.404,241.531,6.784
2025/10/05 07:43:05.813,242.017,6.784
2025/10/05 07:43:07.154,242.467,6.784
2025/10/05 07:43:08.531,243.019,6.784
2025/10/05 07:43:09.942,243.511,6.784
2025/10/05 07:43:11.358,244.011,6.784
2025/10/05 07:43:12.732,244.516,6.784
2025/10/05 07:43:14.129,245.005,6.784
2025/10/05 07:43:15.506,245.5,6.784
2025/10/05 07:43:17.074,246.0,6.784
2025/10/05 07:43:18.448,246.499,6.784
2025/10/05 07:43:19.845,247.029,6.784
2025/10/05 07:43:22.946,229.05,4.883
2025/10/05 07:43:24.339,229.462,4.883
2025/10/05 07:43:25.724,229.992,4.883
2025/10/05 07:43:27.087,230.599,4.883
2025/10/05 07:43:28.668,230.88,4.883
2025/10/05 07:43:30.077,231.539,4.883
2025/10/05 07:43:31.454,232.008,4.883
2025/10/05 07:43:32.795,232.503,4.883
2025/10/05 07:43:34.347,232.983,4.883
2025/10/05 07:43:35.703,233.514,4.883
2025/10/05 07:43:37.076,233.978,4.883
2025/10/05 07:43:38.468,234.516,4.883
2025/10/05 07:43:40.076,234.994,4.883
2025/10/05 07:43:41.469,235.521,4.883
2025/10/05 07:43:42.837,235.983,4.883
2025/10/05 07:43:44.230,236.491,4.883
2025/10/05 07:43:45.810,237.013,4.883
2025/10/05 07:43:47.223,237.502,4.883
2025/10/05 07:43:48.588,238.007,4.883
2025/10/05 07:43:49.954,238.496,4.883
2025/10/05 07:43:51.494,239.009,4.883
2025/10/05 07:43:52.879,239.509,4.883
2025/10/05 07:43:54.247,240.015,4.883
2025/10/05 07:43:55.643,240.468,4.883
2025/10/05 07:43:57.042,240.987,4.883
2025/10/05 07:43:58.417,241.553,4.883
2025/10/05 07:43:59.776,241.976,4.883
2025/10/05 07:44:01.162,242.498,4.883
2025/10/05 07:44:02.569,243.014,4.883
2025/10/05 07:44:04.071,243.53,4.883
2025/10/05 07:44:05.686,244.025,4.883
2025/10/05 07:44:07.089,244.467,4.883
2025/10/05 07:44:08.695,245.002,4.883
2025/10/05 07:44:11.198,229.045,4.284
2025/10/05 07:44:12.591,229.443,4.284
2025/10/05 07:44:13.957,230.042,4.284
2025/10/05 07:44:15.388,230.558,4.284
2025/10/05 07:44:16.771,230.981,4.284
2025/10/05 07:44:18.135,231.509,4.284
2025/10/05 07:44:19.522,231.975,4.284
2025/10/05 07:44:21.075,232.517,4.284
2025/10/05 07:44:22.463,232.986,4.284
2025/10/05 07:44:23.811,233.508,4.284
2025/10/05 07:44:25.169,234.011,4.284
2025/10/05 07:44:26.765,234.516,4.284
2025/10/05 07:44:28.123,235.008,4.284
2025/10/05 07:44:29.486,235.499,4.284
2025/10/05 07:44:30.875,236.016,4.284
2025/10/05 07:44:32.581,236.469,4.284
2025/10/05 07:44:33.976,237.015,4.284
2025/10/05 07:44:35.364,237.513,4.284
2025/10/05 07:44:36.723,238.081,4.284
2025/10/05 07:44:38.136,238.444,4.284
2025/10/05 07:44:39.529,239.064,4.284
2025/10/05 07:44:40.888,239.457,4.284
2025/10/05 07:44:42.259,240.026,4.284
2025/10/05 07:44:43.832,240.479,4.284
2025/10/05 07:44:45.209,241.056,4.284
2025/10/05 07:44:46.584,241.501,4.284
2025/10/05 07:44:47.937,241.959,4.284
2025/10/05 07:44:49.531,242.503,4.284
2025/10/05 07:44:50.912,242.976,4.284
2025/10/05 07:44:52.286,243.506,4.284
2025/10/05 07:44:53.648,243.997,4.284
2025/10/05 07:44:55.256,244.483,4.284
2025/10/05 07:44:56.653,245.024,4.284
2025/10/05 07:44:59.562,223.013,11.208
2025/10/05 07:45:01.154,223.922,11.208
2025/10/05 07:45:02.631,225.013,11.208
2025/10/05 07:45:04.233,225.985,11.208
2025/10/05 07:45:05.677,226.988,11.208
2025/10/05 07:45:07.161,228.001,11.208
2025/10/05 07:45:08.548,229.034,11.208
2025/10/05 07:45:10.176,229.979,11.208
2025/10/05 07:45:11.628,231.025,11.208
2025/10/05 07:45:13.214,232.017,11.208
2025/10/05 07:45:14.653,232.959,11.208
2025/10/05 07:45:16.104,234.019,11.208
2025/10/05 07:45:17.534,234.983,11.208
2025/10/05 07:45:19.155,236.016,11.208
2025/10/05 07:45:20.592,237.01,11.208
2025/10/05 07:45:22.211,237.993,11.208
2025/10/05 07:45:23.597,238.993,11.208
2025/10/05 07:45:25.166,239.96,11.208
2025/10/05 07:45:26.562,241.034,11.208
2025/10/05 07:45:28.159,242.033,11.208
2025/10/05 07:45:29.605,243.033,11.208
2025/10/05 07:45:31.213,243.956,11.208
2025/10/05 07:45:32.672,244.961,11.208
2025/10/05 07:45:34.105,246.016,11.208
2025/10/05 07:45:35.522,247.043,11.208
2025/10/05 07:45:37.116,247.994,11.208
2025/10/05 07:45:38.539,249.01,11.208
2025/10/05 07:45:40.261,250.007,11.208
2025/10/05 07:45:41.671,251.034,11.208
2025/10/05 07:45:44.905,227.051,6.786
2025/10/05 07:45:46.279,227.477,6.786
2025/10/05 07:45:47.665,227.993,6.786
2025/10/05 07:45:49.074,228.507,6.786
2025/10/05 07:45:50.799,229.001,6.786
2025/10/05 07:45:52.201,229.526,6.786
2025/10/05 07:45:53.597,229.973,6.786
2025/10/05 07:45:54.997,230.52,6.786
2025/10/05 07:45:56.572,230.995,6.786
2025/10/05 07:45:58.011,231.522,6.786
2025/10/05 07:45:59.392,231.981,6.786
2025/10/05 07:46:00.747,232.563,6.786
2025/10/05 07:46:02.330,233.005,6.786
2025/10/05 07:46:03.671,233.555,6.786
2025/10/05 07:46:05.066,233.931,6.786
2025/10/05 07:46:06.441,234.491,6.786
2025/10/05 07:46:07.796,235.008,6.786
2025/10/05 07:46:09.203,235.562,6.786
2025/10/05 07:46:10.587,235.963,6.786
2025/10/05 07:46:11.957,236.494,6.786
2025/10/05 07:46:13.320,236.985,6.786
2025/10/05 07:46:14.885,237.518,6.786
2025/10/05 07:46:16.300,238.01,6.786
2025/10/05 07:46:17.661,238.463,6.786
2025/10/05 07:46:19.018,239.04,6.786
2025/10/05 07:46:20.404,239.463,6.786
2025/10/05 07:46:21.979,240.023,6.786
2025/10/05 07:46:23.374,240.515,6.786
2025/10/05 07:46:24.731,241.023,6.786
2025/10/05 07:46:26.127,241.517,6.786
2025/10/05 07:46:27.740,241.973,6.786
2025/10/05 07:46:29.120,242.467,6.786
2025/10/05 07:46:30.489,242.989,6.786
2025/10/05 07:46:31.908,243.503,6.786
2025/10/05 07:46:33.440,244.027,6.786
2025/10/05 07:46:34.795,244.483,6.786
2025/10/05 07:46:36.178,245.027,6.786
2025/10/05 07:46:37.577,245.538,6.786
2025/10/05 07:46:39.155,245.939,6.786
2025/10/05 07:46:40.551,246.516,6.786
2025/10/05 07:46:41.906,247.005,6.786
2025/10/05 07:46:45.023,229.031,4.88
2025/10/05 07:46:46.461,229.435,4.88
2025/10/05 07:46:47.835,230.012,4.88
2025/10/05 07:46:49.425,230.52,4.88
2025/10/05 07:46:50.808,231.017,4.88
2025/10/05 07:46:52.163,231.5,4.88
2025/10/05 07:46:53.513,231.978,4.88
2025/10/05 07:46:55.079,232.409,4.88
2025/10/05 07:46:56.522,232.983,4.88
2025/10/05 07:46:57.908,233.497,4.88
2025/10/05 07:46:59.538,234.052,4.88
2025/10/05 07:47:00.906,234.522,4.88
2025/10/05 07:47:02.271,235.013,4.88
2025/10/05 07:47:03.673,235.48,4.88
2025/10/05 07:47:05.045,236.013,4.88
2025/10/05 07:47:06.434,236.474,4.88
2025/10/05 07:47:07.818,237.057,4.88
2025/10/05 07:47:09.217,237.485,4.88
2025/10/05 07:47:10.620,237.999,4.88
2025/10/05 07:47:12.193,238.499,4.88
2025/10/05 07:47:13.593,238.998,4.88
2025/10/05 07:47:14.990,239.523,4.88
2025/10/05 07:47:16.338,239.963,4.88
2025/10/05 07:47:17.946,240.531,4.88
2025/10/05 07:47:19.325,240.995,4.88
2025/10/05 07:47:20.720,241.514,4.88
2025/10/05 07:47:22.083,242.022,4.88
2025/10/05 07:47:23.674,242.517,4.88
2025/10/05 07:47:25.055,242.967,4.88
2025/10/05 07:47:26.423,243.533,4.88
2025/10/05 07:47:27.798,243.984,4.88
2025/10/05 07:47:29.373,244.497,4.88
2025/10/05 07:47:30.767,245.002,4.88
2025/10/05 07:47:33.254,229.07,4.284
2025/10/05 07:47:34.657,229.471,4.284
2025/10/05 07:47:36.023,230.012,4.284
2025/10/05 07:47:37.452,230.473,4.284
2025/10/05 07:47:38.813,231.039,4.284
2025/10/05 07:47:40.178,231.514,4.284
2025/10/05 07:47:41.541,231.997,4.284
2025/10/05 07:47:43.132,232.467,4.284
2025/10/05 07:47:44.528,233.005,4.284
2025/10/05 07:47:45.901,233.5,4.284
2025/10/05 07:47:47.248,233.953,4.284
2025/10/05 07:47:48.831,234.544,4.284
2025/10/05 07:47:50.215,235.013,4.284
2025/10/05 07:47:51.602,235.508,4.284
2025/10/05 07:47:52.960,236.002,4.284
2025/10/05 07:47:54.535,236.568,4.284
2025/10/05 07:47:55.908,236.917,4.284
2025/10/05 07:47:57.306,237.518,4.284
2025/10/05 07:47:58.662,238.021,4.284
2025/10/05 07:48:00.058,238.474,4.284
2025/10/05 07:48:01.466,238.99,4.284
2025/10/05 07:48:02.860,239.485,4.284
2025/10/05 07:48:04.223,240.028,4.284
2025/10/05 07:48:05.591,240.509,4.284
2025/10/05 07:48:07.189,240.954,4.284
2025/10/05 07:48:08.568,241.501,4.284
2025/10/05 07:48:09.959,241.954,4.284
2025/10/05 07:48:11.323,242.522,4.284
2025/10/05 07:48:12.945,243.017,4.284
2025/10/05 07:48:14.308,243.503,4.284
2025/10/05 07:48:15.721,244.005,4.284
2025/10/05 07:48:17.082,244.522,4.284
2025/10/05 07:48:18.653,244.964,4.284
2025/10/05 07:48:21.527,223.024,11.206
2025/10/05 07:48:23.198,223.936,11.206
2025/10/05 07:48:24.627,225.027,11.206
2025/10/05 07:48:26.035,226.026,11.206
2025/10/05 07:48:27.635,227.04,11.206
2025/10/05 07:48:29.064,227.963,11.206
2025/10/05 07:48:30.467,229.026,11.206
2025/10/05 07:48:32.172,230.05,11.206
2025/10/05 07:48:33.573,230.995,11.206
2025/10/05 07:48:34.990,231.992,11.206
2025/10/05 07:48:36.567,233.014,11.206
2025/10/05 07:48:38.040,234.002,11.206
2025/10/05 07:48:39.449,235.013,11.206
2025/10/05 07:48:40.860,235.955,11.206
2025/10/05 07:48:42.486,237.145,11.206
2025/10/05 07:48:43.895,237.817,11.206
2025/10/05 07:48:45.333,238.993,11.206
2025/10/05 07:48:46.983,240.048,11.206
2025/10/05 07:48:48.382,240.938,11.206
2025/10/05 07:48:49.795,242.009,11.206
2025/10/05 07:48:51.420,243.069,11.206
2025/10/05 07:48:52.866,243.967,11.206
2025/10/05 07:48:54.258,245.035,11.206
2025/10/05 07:48:55.645,246.024,11.206
2025/10/05 07:48:57.307,246.92,11.206
2025/10/05 07:48:58.728,248.021,11.206
2025/10/05 07:49:00.380,249.021,11.206
2025/10/05 07:49:01.791,249.968,11.206
2025/10/05 07:49:03.245,251.001,11.206
2025/10/05 07:49:06.306,227.054,6.778
2025/10/05 07:49:07.708,227.457,6.778
2025/10/05 07:49:09.096,228.015,6.778
2025/10/05 07:49:10.698,228.518,6.778
2025/10/05 07:49:12.068,228.982,6.778
2025/10/05 07:49:13.431,229.528,6.778
2025/10/05 07:49:14.779,230.05,6.778
2025/10/05 07:49:16.320,230.479,6.778
2025/10/05 07:49:17.703,230.992,6.778
2025/10/05 07:49:19.103,231.484,6.778
2025/10/05 07:49:20.481,231.975,6.778
2025/10/05 07:49:21.837,232.519,6.778
2025/10/05 07:49:23.259,232.992,6.778
2025/10/05 07:49:24.609,233.525,6.778
2025/10/05 07:49:25.985,233.997,6.778
2025/10/05 07:49:27.376,234.486,6.778
2025/10/05 07:49:28.927,235.013,6.778
2025/10/05 07:49:30.349,235.513,6.778
2025/10/05 07:49:31.713,235.98,6.778
2025/10/05 07:49:33.349,236.444,6.778
2025/10/05 07:49:34.749,237.013,6.778
2025/10/05 07:49:36.103,237.504,6.778
2025/10/05 07:49:37.473,238.043,6.778
2025/10/05 07:49:38.860,238.441,6.778
2025/10/05 07:49:40.340,238.935,6.778
2025/10/05 07:49:41.704,239.493,6.778
2025/10/05 07:49:43.095,240.086,6.778
2025/10/05 07:49:44.483,240.462,6.778
2025/10/05 07:49:46.048,241.02,6.778
2025/10/05 07:49:47.460,241.495,6.778
2025/10/05 07:49:48.803,242.044,6.778
2025/10/05 07:49:50.347,242.41,6.778
2025/10/05 07:49:51.741,243.055,6.778
2025/10/05 07:49:53.119,243.495,6.778
2025/10/05 07:49:54.513,243.995,6.778
2025/10/05 07:49:55.886,244.489,6.778
2025/10/05 07:49:57.271,245.005,6.778
2025/10/05 07:49:58.637,245.513,6.778
2025/10/05 07:50:00.005,246.008,6.778
2025/10/05 07:50:01.403,246.502,6.778
2025/10/05 07:50:03.014,247.024,6.778
2025/10/05 07:50:05.705,229.028,4.88
2025/10/05 07:50:07.069,229.454,4.88
2025/10/05 07:50:08.548,230.014,4.88
2025/10/05 07:50:09.947,230.512,4.88
2025/10/05 07:50:11.301,231.014,4.88
2025/10/05 07:50:12.678,231.495,4.88
2025/10/05 07:50:14.223,231.992,4.88
2025/10/05 07:50:15.636,232.517,4.88
2025/10/05 07:50:16.998,233.025,4.88
2025/10/05 07:50:18.549,233.503,4.88
2025/10/05 07:50:19.931,233.964,4.88
2025/10/05 07:50:21.320,234.511,4.88
2025/10/05 07:50:22.714,235.008,4.88
2025/10/05 07:50:24.069,235.51,4.88
2025/10/05 07:50:25.555,236.013,4.88
2025/10/05 07:50:26.926,236.485,4.88
2025/10/05 07:50:28.308,236.982,4.88
2025/10/05 07:50:29.710,237.502,4.88
2025/10/05 07:50:31.284,238.007,4.88
2025/10/05 07:50:32.673,238.493,4.88
2025/10/05 07:50:34.040,238.996,4.88
2025/10/05 07:50:35.647,239.526,4.88
2025/10/05 07:50:37.032,239.968,4.88
2025/10/05 07:50:38.413,240.528,4.88
2025/10/05 07:50:39.767,240.984,4.88
2025/10/05 07:50:41.177,241.506,4.88
2025/10/05 07:50:42.558,242.02,4.88
2025/10/05 07:50:44.998,242.503,4.88
2025/10/05 07:50:46.381,242.992,4.88
2025/10/05 07:50:47.799,243.552,4.88
2025/10/05 07:50:49.401,243.97,4.88
2025/10/05 07:50:50.824,244.492,4.88
2025/10/05 07:50:52.200,244.981,4.88
2025/10/05 07:50:54.702,229.037,4.284
2025/10/05 07:50:56.307,229.479,4.284
2025/10/05 07:50:57.663,229.981,4.284
2025/10/05 07:50:59.089,230.498,4.284
2025/10/05 07:51:00.680,231.022,4.284
2025/10/05 07:51:02.107,231.487,4.284
2025/10/05 07:51:03.468,232.025,4.284
2025/10/05 07:51:04.866,232.489,4.284
2025/10/05 07:51:06.434,233.055,4.284
2025/10/05 07:51:07.825,233.489,4.284
2025/10/05 07:51:09.189,233.969,4.284
2025/10/05 07:51:10.562,234.511,4.284
2025/10/05 07:51:13.008,234.98,4.284
2025/10/05 07:51:14.572,235.541,4.284
2025/10/05 07:51:15.987,235.991,4.284
2025/10/05 07:51:17.373,236.472,4.284
2025/10/05 07:51:18.759,237.018,4.284
2025/10/05 07:51:20.151,237.499,4.284
2025/10/05 07:51:21.565,237.982,4.284
2025/10/05 07:51:22.974,238.532,4.284
2025/10/05 07:51:24.327,239.007,4.284
2025/10/05 07:51:25.706,239.438,4.284
2025/10/05 07:51:27.335,239.987,4.284
2025/10/05 07:51:28.706,240.509,4.284
2025/10/05 07:51:30.094,241.025,4.284
2025/10/05 07:51:31.655,241.476,4.284
2025/10/05 07:51:33.058,242.014,4.284
2025/10/05 07:51:34.431,242.539,4.284
2025/10/05 07:51:35.809,242.989,4.284
2025/10/05 07:51:37.230,243.544,4.284
2025/10/05 07:51:38.615,243.931,4.284
2025/10/05 07:51:40.006,244.519,4.284
2025/10/05 07:51:41.383,245.008,4.284
2025/10/05 07:51:44.450,223.041,11.206
2025/10/05 07:51:45.839,223.95,11.206
2025/10/05 07:51:47.472,225.046,11.206
2025/10/05 07:51:48.864,225.991,11.206
2025/10/05 07:51:50.306,226.985,11.206
2025/10/05 07:51:51.720,227.993,11.206
2025/10/05 07:51:53.336,228.998,11.206
2025/10/05 07:51:54.783,230.001,11.206
2025/10/05 07:51:56.199,231.086,11.206
2025/10/05 07:51:57.829,231.956,11.206
2025/10/05 07:51:59.261,233.016,11.206
2025/10/05 07:52:00.643,234.052,11.206
2025/10/05 07:52:02.032,234.953,11.206
2025/10/05 07:52:03.661,236.002,11.206
2025/10/05 07:52:05.057,237.01,11.206
2025/10/05 07:52:06.480,237.993,11.206
2025/10/05 07:52:07.916,239.007,11.206
2025/10/05 07:52:09.365,239.998,11.206
2025/10/05 07:52:10.807,241.045,11.206
2025/10/05 07:52:12.223,241.992,11.206
2025/10/05 07:52:13.891,243.008,11.206
2025/10/05 07:52:15.305,243.964,11.206
2025/10/05 07:52:16.718,244.986,11.206
2025/10/05 07:52:18.135,245.997,11.206
2025/10/05 07:52:19.760,246.991,11.206
2025/10/05 07:52:21.242,247.98,11.206
2025/10/05 07:52:22.717,248.98,11.206
2025/10/05 07:52:24.324,249.999,11.206
2025/10/05 07:52:25.748,251.037,11.206
2025/10/05 07:52:28.806,227.045,6.778
2025/10/05 07:52:30.214,227.482,6.778
2025/10/05 07:52:31.578,228.015,6.778
2025/10/05 07:52:32.943,228.515,6.778
2025/10/05 07:52:34.363,228.984,6.778
2025/10/05 07:52:35.744,229.536,6.778
2025/10/05 07:52:37.112,230.001,6.778
2025/10/05 07:52:38.513,230.517,6.778
2025/10/05 07:52:40.075,231.0,6.778
2025/10/05 07:52:41.483,231.492,6.778
2025/10/05 07:52:42.839,231.984,6.778
2025/10/05 07:52:44.193,232.536,6.778
2025/10/05 07:52:45.754,233.0,6.778
2025/10/05 07:52:47.154,233.478,6.778
2025/10/05 07:52:48.546,234.008,6.778
2025/10/05 07:52:49.929,234.527,6.778
2025/10/05 07:52:51.468,234.999,6.778
2025/10/05 07:52:52.872,235.475,6.778
2025/10/05 07:52:54.241,235.991,6.778
2025/10/05 07:52:55.627,236.518,6.778
2025/10/05 07:52:57.226,236.985,6.778
2025/10/05 07:52:58.624,237.496,6.778
2025/10/05 07:53:00.001,238.015,6.778
2025/10/05 07:53:01.630,238.515,6.778
2025/10/05 07:53:03.036,239.02,6.778
2025/10/05 07:53:04.481,239.504,6.778
2025/10/05 07:53:05.856,240.006,6.778
2025/10/05 07:53:07.301,240.482,6.778
2025/10/05 07:53:08.691,241.014,6.778
2025/10/05 07:53:10.043,241.462,6.778
2025/10/05 07:53:11.414,242.014,6.778
2025/10/05 07:53:13.068,242.481,6.778
2025/10/05 07:53:14.423,243.014,6.778
2025/10/05 07:53:15.797,243.511,6.778
2025/10/05 07:53:17.200,244.027,6.778
2025/10/05 07:53:18.768,244.516,6.778
2025/10/05 07:53:20.144,244.967,6.778
2025/10/05 07:53:21.524,245.519,6.778
2025/10/05 07:53:22.881,246.03,6.778
2025/10/05 07:53:24.578,246.384,6.778
2025/10/05 07:53:25.982,247.024,6.778
2025/10/05 07:53:28.617,229.02,4.883
2025/10/05 07:53:30.006,229.498,4.883
2025/10/05 07:53:31.416,229.981,4.883
2025/10/05 07:53:32.825,230.514,4.883
2025/10/05 07:53:34.182,231.009,4.883
2025/10/05 07:53:35.766,231.5,4.883
2025/10/05 07:53:37.150,231.997,4.883
2025/10/05 07:53:38.523,232.541,4.883
2025/10/05 07:53:39.881,233.011,4.883
2025/10/05 07:53:41.483,233.508,4.883
2025/10/05 07:53:42.885,233.969,4.883
2025/10/05 07:53:44.263,234.502,4.883
2025/10/05 07:53:45.631,235.013,4.883
2025/10/05 07:53:46.994,235.51,4.883
2025/10/05 07:53:48.551,236.018,4.883
2025/10/05 07:53:49.963,236.485,4.883
2025/10/05 07:53:51.349,237.013,4.883
2025/10/05 07:53:52.706,237.452,4.883
2025/10/05 07:53:54.265,238.012,4.883
2025/10/05 07:53:55.660,238.521,4.883
2025/10/05 07:53:57.051,239.034,4.883
2025/10/05 07:53:58.393,239.454,4.883
2025/10/05 07:53:59.967,240.009,4.883
2025/10/05 07:54:01.374,240.504,4.883
2025/10/05 07:54:02.781,240.946,4.883
2025/10/05 07:54:04.161,241.55,4.883
2025/10/05 07:54:05.847,242.011,4.883
2025/10/05 07:54:07.227,242.487,4.883
2025/10/05 07:54:08.609,243.003,4.883
2025/10/05 07:54:09.996,243.5,4.883
2025/10/05 07:54:11.540,244.003,4.883
2025/10/05 07:54:12.954,244.541,4.883
2025/10/05 07:54:14.337,244.934,4.883
2025/10/05 07:54:16.838,229.045,4.284
2025/10/05 07:54:18.404,229.451,4.284
2025/10/05 07:54:19.792,230.053,4.284
2025/10/05 07:54:21.168,230.484,4.284
2025/10/05 07:54:22.749,230.998,4.284
2025/10/05 07:54:24.160,231.511,4.284
2025/10/05 07:54:25.543,231.984,4.284
2025/10/05 07:54:26.916,232.528,4.284
2025/10/05 07:54:28.518,232.975,4.284
2025/10/05 07:54:29.897,233.489,4.284
2025/10/05 07:54:31.289,234.008,4.284
2025/10/05 07:54:32.645,234.502,4.284
2025/10/05 07:54:33.997,235.032,4.284
2025/10/05 07:54:35.572,235.494,4.284
2025/10/05 07:54:36.941,235.994,4.284
2025/10/05 07:54:38.328,236.491,4.284
2025/10/05 07:54:39.692,237.048,4.284
2025/10/05 07:54:41.275,237.466,4.284
2025/10/05 07:54:42.675,238.04,4.284
2025/10/05 07:54:44.054,238.499,4.284
2025/10/05 07:54:45.426,239.018,4.284
2025/10/05 07:54:46.776,239.487,4.284
2025/10/05 07:54:48.172,239.935,4.284
2025/10/05 07:54:49.554,240.495,4.284
2025/10/05 07:54:50.908,241.031,4.284
2025/10/05 07:54:52.513,241.487,4.284
2025/10/05 07:54:53.910,242.011,4.284
2025/10/05 07:54:55.290,242.511,4.284
2025/10/05 07:54:56.677,242.976,4.284
2025/10/05 07:54:58.068,243.517,4.284
2025/10/05 07:54:59.622,244.025,4.284
2025/10/05 07:55:01.008,244.497,4.284
2025/10/05 07:55:02.406,245.024,4.284
2025/10/05 07:55:05.463,223.063,11.208
2025/10/05 07:55:06.904,223.942,11.208
2025/10/05 07:55:08.497,225.043,11.208
2025/10/05 07:55:09.893,225.993,11.208
2025/10/05 07:55:11.305,226.996,11.208
2025/10/05 07:55:12.737,227.985,11.208
2025/10/05 07:55:14.343,229.034,11.208
2025/10/05 07:55:15.777,229.981,11.208
2025/10/05 07:55:17.173,231.044,11.208
2025/10/05 07:55:18.809,231.94,11.208
2025/10/05 07:55:20.256,233.005,11.208
2025/10/05 07:55:21.650,234.0,11.208
2025/10/05 07:55:23.047,235.002,11.208
2025/10/05 07:55:24.480,236.018,11.208
2025/10/05 07:55:25.891,237.026,11.208
2025/10/05 07:55:27.269,238.026,11.208
2025/10/05 07:55:28.656,239.023,11.208
2025/10/05 07:55:30.240,240.015,11.208
2025/10/05 07:55:31.671,241.039,11.208
2025/10/05 07:55:33.079,241.948,11.208
2025/10/05 07:55:34.662,243.008,11.208
2025/10/05 07:55:36.090,243.986,11.208
2025/10/05 07:55:37.522,245.033,11.208
2025/10/05 07:55:39.156,246.008,11.208
2025/10/05 07:55:40.594,246.997,11.208
2025/10/05 07:55:42.010,247.996,11.208
2025/10/05 07:55:43.617,249.004,11.208
2025/10/05 07:55:45.046,250.042,11.208
2025/10/05 07:55:46.481,251.007,11.208
2025/10/05 07:55:49.522,227.056,6.781
2025/10/05 07:55:50.900,227.46,6.781
2025/10/05 07:55:52.271,228.004,6.781
2025/10/05 07:55:53.851,228.49,6.781
2025/10/05 07:55:55.225,229.015,6.781
2025/10/05 07:55:56.607,229.482,6.781
2025/10/05 07:55:57.968,230.009,6.781
2025/10/05 07:55:59.407,230.495,6.781
2025/10/05 07:56:00.801,230.984,6.781
2025/10/05 07:56:02.172,231.511,6.781
2025/10/05 07:56:03.583,232.014,6.781
2025/10/05 07:56:05.161,232.484,6.781
2025/10/05 07:56:06.575,232.937,6.781
2025/10/05 07:56:07.962,233.626,6.781
2025/10/05 07:56:09.560,233.942,6.781
2025/10/05 07:56:10.934,234.516,6.781
2025/10/05 07:56:12.326,235.021,6.781
2025/10/05 07:56:14.787,235.51,6.781
2025/10/05 07:56:16.146,236.046,6.781
2025/10/05 07:56:17.726,236.447,6.781
2025/10/05 07:56:19.078,237.004,6.781
2025/10/05 07:56:20.434,237.499,6.781
2025/10/05 07:56:21.807,238.032,6.781
2025/10/05 07:56:23.399,238.493,6.781
2025/10/05 07:56:24.763,239.004,6.781
2025/10/05 07:56:26.124,239.463,6.781
2025/10/05 07:56:27.518,240.006,6.781
2025/10/05 07:56:29.184,240.534,6.781
2025/10/05 07:56:30.597,240.921,6.781
2025/10/05 07:56:31.985,241.547,6.781
2025/10/05 07:56:33.531,241.959,6.781
2025/10/05 07:56:34.923,242.553,6.781
2025/10/05 07:56:36.280,243.116,6.781
2025/10/05 07:56:37.684,243.431,6.781
2025/10/05 07:56:39.047,244.091,6.781
2025/10/05 07:56:40.458,244.47,6.781
2025/10/05 07:56:41.840,245.027,6.781
2025/10/05 07:56:43.213,245.489,6.781
2025/10/05 07:56:44.587,246.013,6.781
2025/10/05 07:56:46.187,246.491,6.781
2025/10/05 07:56:47.583,246.994,6.781
2025/10/05 07:56:50.245,229.042,4.88
2025/10/05 07:56:51.839,229.454,4.88
2025/10/05 07:56:53.230,229.99,4.88
2025/10/05 07:56:54.601,230.528,4.88
2025/10/05 07:56:55.966,231.003,4.88
2025/10/05 07:56:57.366,231.558,4.88
2025/10/05 07:56:58.756,231.91,4.88
2025/10/05 07:57:00.154,232.519,4.88
2025/10/05 07:57:01.521,233.041,4.88
2025/10/05 07:57:02.894,233.47,4.88
2025/10/05 07:57:04.457,234.005,4.88
2025/10/05 07:57:05.863,234.524,4.88
2025/10/05 07:57:07.206,235.03,4.88
2025/10/05 07:57:08.833,235.464,4.88
2025/10/05 07:57:10.215,236.002,4.88
2025/10/05 07:57:11.588,236.546,4.88
2025/10/05 07:57:12.965,237.054,4.88
2025/10/05 07:57:14.317,237.471,4.88
2025/10/05 07:57:15.916,237.927,4.88
2025/10/05 07:57:17.303,238.545,4.88
2025/10/05 07:57:18.679,239.023,4.88
2025/10/05 07:57:20.023,239.531,4.88
2025/10/05 07:57:21.421,239.984,4.88
2025/10/05 07:57:22.813,240.504,4.88
2025/10/05 07:57:24.194,240.979,4.88
2025/10/05 07:57:25.589,241.506,4.88
2025/10/05 07:57:27.166,242.025,4.88
2025/10/05 07:57:28.563,242.509,4.88
2025/10/05 07:57:29.944,243.025,4.88
2025/10/05 07:57:31.346,243.481,4.88
2025/10/05 07:57:32.717,244.036,4.88
2025/10/05 07:57:34.280,244.478,4.88
2025/10/05 07:57:35.662,245.016,4.88
2025/10/05 07:57:38.212,229.05,4.287
2025/10/05 07:57:39.789,229.487,4.287
2025/10/05 07:57:41.188,229.929,4.287
2025/10/05 07:57:42.553,230.569,4.287
2025/10/05 07:57:43.924,231.011,4.287
2025/10/05 07:57:45.316,231.495,4.287
2025/10/05 07:57:46.759,232.0,4.287
2025/10/05 07:57:48.170,232.53,4.287
2025/10/05 07:57:49.560,233.005,4.287
2025/10/05 07:57:50.938,233.492,4.287
2025/10/05 07:57:52.473,233.997,4.287
2025/10/05 07:57:53.875,234.467,4.287
2025/10/05 07:57:55.242,235.065,4.287
2025/10/05 07:57:56.815,235.519,4.287
2025/10/05 07:57:58.210,235.969,4.287
2025/10/05 07:57:59.589,236.529,4.287
2025/10/05 07:58:01.001,236.961,4.287
2025/10/05 07:58:02.588,237.504,4.287
2025/10/05 07:58:03.952,238.029,4.287
2025/10/05 07:58:05.322,238.485,4.287
2025/10/05 07:58:06.716,239.007,4.287
2025/10/05 07:58:08.071,239.496,4.287
2025/10/05 07:58:09.671,240.037,4.287
2025/10/05 07:58:11.044,240.471,4.287
2025/10/05 07:58:12.425,241.014,4.287
2025/10/05 07:58:13.800,241.487,4.287
2025/10/05 07:58:15.373,242.011,4.287
2025/10/05 07:58:16.766,242.514,4.287
2025/10/05 07:58:18.149,243.03,4.287
2025/10/05 07:58:19.506,243.481,4.287
2025/10/05 07:58:20.879,244.016,4.287
2025/10/05 07:58:22.462,244.519,4.287
2025/10/05 07:58:23.836,244.964,4.287
2025/10/05 07:58:26.957,222.994,11.208
2025/10/05 07:58:28.395,223.89,11.208
2025/10/05 07:58:29.816,224.983,11.208
2025/10/05 07:58:31.438,226.002,11.208
2025/10/05 07:58:32.850,226.979,11.208
2025/10/05 07:58:34.251,228.02,11.208
2025/10/05 07:58:35.835,229.009,11.208
2025/10/05 07:58:37.273,230.003,11.208
2025/10/05 07:58:38.723,231.066,11.208
2025/10/05 07:58:40.113,231.945,11.208
2025/10/05 07:58:41.732,233.044,11.208
2025/10/05 07:58:43.165,233.969,11.208
2025/10/05 07:58:44.588,235.038,11.208
2025/10/05 07:58:46.191,236.005,11.208
2025/10/05 07:58:47.623,236.966,11.208
2025/10/05 07:58:49.043,238.012,11.208
2025/10/05 07:58:50.595,238.993,11.208
2025/10/05 07:58:52.035,239.99,11.208
2025/10/05 07:58:53.422,241.025,11.208
2025/10/05 07:58:54.832,241.979,11.208
2025/10/05 07:58:56.465,243.028,11.208
2025/10/05 07:58:57.995,243.986,11.208
2025/10/05 07:58:59.400,244.994,11.208
2025/10/05 07:59:00.996,246.024,11.208
2025/10/05 07:59:02.413,247.021,11.208
2025/10/05 07:59:03.836,247.955,11.208
2025/10/05 07:59:05.294,248.969,11.208
2025/10/05 07:59:06.985,249.982,11.208
2025/10/05 07:59:08.474,251.053,11.208
2025/10/05 07:59:11.513,227.045,6.786
2025/10/05 07:59:12.918,227.488,6.786
2025/10/05 07:59:14.306,227.996,6.786
2025/10/05 07:59:15.910,228.485,6.786
2025/10/05 07:59:17.308,229.015,6.786
2025/10/05 07:59:18.686,229.536,6.786
2025/10/05 07:59:20.056,229.979,6.786
2025/10/05 07:59:21.474,230.553,6.786
2025/10/05 07:59:22.844,230.965,6.786
2025/10/05 07:59:24.250,231.544,6.786
2025/10/05 07:59:25.646,231.989,6.786
2025/10/05 07:59:27.213,232.53,6.786
2025/10/05 07:59:28.585,232.972,6.786
2025/10/05 07:59:29.941,233.472,6.786
2025/10/05 07:59:31.317,234.046,6.786
2025/10/05 07:59:32.700,234.494,6.786
2025/10/05 07:59:34.267,234.98,6.786
2025/10/05 07:59:35.655,235.51,6.786
2025/10/05 07:59:36.995,236.01,6.786
2025/10/05 07:59:38.383,236.499,6.786
2025/10/05 07:59:39.916,236.977,6.786
2025/10/05 07:59:41.329,237.491,6.786
2025/10/05 07:59:42.703,238.001,6.786
2025/10/05 07:59:44.082,238.493,6.786
2025/10/05 07:59:45.506,239.031,6.786
2025/10/05 07:59:46.867,239.52,6.786
2025/10/05 07:59:48.251,239.995,6.786
2025/10/05 07:59:49.629,240.498,6.786
2025/10/05 07:59:51.376,240.982,6.786
2025/10/05 07:59:52.758,241.514,6.786
2025/10/05 07:59:54.125,242.017,6.786
2025/10/05 07:59:55.684,242.495,6.786
2025/10/05 07:59:57.070,242.989,6.786
2025/10/05 07:59:58.430,243.514,6.786
2025/10/05 07:59:59.804,243.992,6.786
2025/10/05 08:00:01.183,244.514,6.786
2025/10/05 08:00:02.738,244.97,6.786
2025/10/05 08:00:04.119,245.516,6.786
2025/10/05 08:00:05.505,245.975,6.786
2025/10/05 08:00:06.872,246.532,6.786
2025/10/05 08:00:08.465,247.038,6.786
2025/10/05 08:00:11.111,229.056,4.88
2025/10/05 08:00:12.486,229.501,4.88
2025/10/05 08:00:14.046,230.023,4.88
2025/10/05 08:00:15.443,230.484,4.88
2025/10/05 08:00:16.807,231.014,4.88
2025/10/05 08:00:18.172,231.503,4.88
2025/10/05 08:00:19.729,232.025,4.88
2025/10/05 08:00:21.102,232.497,4.88
2025/10/05 08:00:22.475,233.011,4.88
2025/10/05 08:00:23.831,233.497,4.88
2025/10/05 08:00:25.428,233.991,4.88
2025/10/05 08:00:26.801,234.505,4.88
2025/10/05 08:00:28.190,234.991,4.88
2025/10/05 08:00:29.594,235.491,4.88
2025/10/05 08:00:31.150,235.969,4.88
2025/10/05 08:00:32.529,236.56,4.88
2025/10/05 08:00:33.882,236.971,4.88
2025/10/05 08:00:35.247,237.482,4.88
2025/10/05 08:00:36.768,238.015,4.88
2025/10/05 08:00:38.137,238.512,4.88
2025/10/05 08:00:39.531,238.979,4.88
2025/10/05 08:00:40.927,239.454,4.88
2025/10/05 08:00:42.525,240.048,4.88
2025/10/05 08:00:43.917,240.517,4.88
2025/10/05 08:00:45.308,240.971,4.88
2025/10/05 08:00:46.933,241.517,4.88
2025/10/05 08:00:48.310,241.979,4.88
2025/10/05 08:00:49.690,242.492,4.88
2025/10/05 08:00:51.062,243.019,4.88
2025/10/05 08:00:52.465,243.566,4.88
2025/10/05 08:00:53.845,243.97,4.88
2025/10/05 08:00:55.227,244.483,4.88
2025/10/05 08:00:56.630,245.019,4.88
2025/10/05 08:00:59.494,229.042,4.279
2025/10/05 08:01:00.849,229.451,4.279
2025/10/05 08:01:02.250,229.948,4.279
2025/10/05 08:01:03.851,230.564,4.279
2025/10/05 08:01:05.255,231.017,4.279
2025/10/05 08:01:06.621,231.44,4.279
2025/10/05 08:01:07.984,232.066,4.279
2025/10/05 08:01:09.342,232.511,4.279
2025/10/05 08:01:10.987,233.027,4.279
2025/10/05 08:01:12.367,233.5,4.279
2025/10/05 08:01:13.755,234.005,4.279
2025/10/05 08:01:15.119,234.472,4.279
2025/10/05 08:01:16.694,235.019,4.279
2025/10/05 08:01:18.086,235.502,4.279
2025/10/05 08:01:19.453,235.966,4.279
2025/10/05 08:01:20.834,236.505,4.279
2025/10/05 08:01:22.179,237.059,4.279
2025/10/05 08:01:23.742,237.458,4.279
2025/10/05 08:01:25.118,238.01,4.279
2025/10/05 08:01:26.498,238.507,4.279
2025/10/05 08:01:27.849,239.015,4.279
2025/10/05 08:01:29.427,239.465,4.279
2025/10/05 08:01:30.814,240.056,4.279
2025/10/05 08:01:32.170,240.501,4.279
2025/10/05 08:01:33.548,240.987,4.279
2025/10/05 08:01:35.135,241.531,4.279
2025/10/05 08:01:36.525,241.959,4.279
2025/10/05 08:01:37.916,242.544,4.279
2025/10/05 08:01:39.295,242.97,4.279
2025/10/05 08:01:40.809,243.547,4.279
2025/10/05 08:01:42.177,243.997,4.279
2025/10/05 08:01:43.545,244.505,4.279
2025/10/05 08:01:44.946,245.038,4.279
2025/10/05 08:01:48.176,223.06,11.208
2025/10/05 08:01:49.588,223.939,11.208
2025/10/05 08:01:51.207,224.98,11.208
2025/10/05 08:01:52.641,226.059,11.208
2025/10/05 08:01:54.036,227.021,11.208
2025/10/05 08:01:55.627,227.987,11.208
2025/10/05 08:01:57.046,228.979,11.208
2025/10/05 08:01:58.447,229.951,11.208
2025/10/05 08:01:59.899,231.011,11.208
2025/10/05 08:02:01.595,232.022,11.208
2025/10/05 08:02:03.036,233.0,11.208
2025/10/05 08:02:04.637,234.005,11.208
2025/10/05 08:02:06.059,235.01,11.208
2025/10/05 08:02:07.482,236.013,11.208
2025/10/05 08:02:08.902,236.993,11.208
2025/10/05 08:02:10.520,238.029,11.208
2025/10/05 08:02:11.941,239.001,11.208
2025/10/05 08:02:13.402,239.987,11.208
2025/10/05 08:02:15.094,240.998,11.208
2025/10/05 08:02:16.523,242.02,11.208
2025/10/05 08:02:17.936,242.997,11.208
2025/10/05 08:02:19.337,244.019,11.208
2025/10/05 08:02:21.023,244.997,11.208
2025/10/05 08:02:22.457,245.983,11.208
2025/10/05 08:02:23.901,247.018,11.208
2025/10/05 08:02:25.535,248.01,11.208
2025/10/05 08:02:26.980,248.96,11.208
2025/10/05 08:02:28.400,249.974,11.208
2025/10/05 08:02:30.044,251.048,11.208
2025/10/05 08:02:32.847,227.051,6.784
2025/10/05 08:02:34.522,227.496,6.784
2025/10/05 08:02:35.900,227.971,6.784
2025/10/05 08:02:37.283,228.493,6.784
2025/10/05 08:02:38.882,228.995,6.784
2025/10/05 08:02:40.295,229.495,6.784
2025/10/05 08:02:41.686,230.001,6.784
2025/10/05 08:02:43.059,230.514,6.784
2025/10/05 08:02:44.646,231.003,6.784
2025/10/05 08:02:46.039,231.52,6.784
2025/10/05 08:02:47.431,231.981,6.784
2025/10/05 08:02:48.799,232.484,6.784
2025/10/05 08:02:50.176,233.027,6.784
2025/10/05 08:02:51.762,233.464,6.784
2025/10/05 08:02:53.168,234.077,6.784
2025/10/05 08:02:54.537,234.568,6.784
2025/10/05 08:02:55.921,234.925,6.784
2025/10/05 08:02:57.530,235.549,6.784
2025/10/05 08:02:58.902,235.988,6.784
2025/10/05 08:03:00.294,236.521,6.784
2025/10/05 08:03:01.888,236.952,6.784
2025/10/05 08:03:03.290,237.526,6.784
2025/10/05 08:03:04.662,238.018,6.784
2025/10/05 08:03:06.032,238.449,6.784
2025/10/05 08:03:07.400,239.004,6.784
2025/10/05 08:03:09.140,239.592,6.784
2025/10/05 08:03:10.527,239.927,6.784
2025/10/05 08:03:11.890,240.504,6.784
2025/10/05 08:03:13.459,241.034,6.784
2025/10/05 08:03:14.845,241.451,6.784
2025/10/05 08:03:16.259,241.951,6.784
2025/10/05 08:03:17.657,242.561,6.784
2025/10/05 08:03:19.042,242.995,6.784
2025/10/05 08:03:20.737,243.495,6.784
2025/10/05 08:03:22.140,244.008,6.784
2025/10/05 08:03:23.500,244.464,6.784
2025/10/05 08:03:24.890,244.975,6.784
2025/10/05 08:03:26.468,245.544,6.784
2025/10/05 08:03:27.907,245.947,6.784
2025/10/05 08:03:29.262,246.538,6.784
2025/10/05 08:03:30.627,246.958,6.784
2025/10/05 08:03:33.479,229.034,4.883
2025/10/05 08:03:34.862,229.49,4.883
2025/10/05 08:03:36.258,229.99,4.883
2025/10/05 08:03:37.643,230.514,4.883
2025/10/05 08:03:39.211,230.987,4.883
2025/10/05 08:03:40.602,231.525,4.883
2025/10/05 08:03:41.957,231.975,4.883
2025/10/05 08:03:43.329,232.519,4.883
2025/10/05 08:03:44.920,232.978,4.883
2025/10/05 08:03:46.327,233.478,4.883
2025/10/05 08:03:47.697,234.019,4.883
2025/10/05 08:03:49.068,234.403,4.883
2025/10/05 08:03:50.678,235.027,4.883
2025/10/05 08:03:52.061,235.519,4.883
2025/10/05 08:03:53.464,235.958,4.883
2025/10/05 08:03:54.852,236.551,4.883
2025/10/05 08:03:56.221,237.057,4.883
2025/10/05 08:03:57.779,237.496,4.883
2025/10/05 08:03:59.206,237.999,4.883
2025/10/05 08:04:00.581,238.482,4.883
2025/10/05 08:04:01.946,239.031,4.883
2025/10/05 08:04:03.571,239.49,4.883
2025/10/05 08:04:04.932,240.017,4.883
2025/10/05 08:04:06.328,240.509,4.883
2025/10/05 08:04:07.697,241.001,4.883
2025/10/05 08:04:09.061,241.479,4.883
2025/10/05 08:04:10.664,242.025,4.883
2025/10/05 08:04:12.015,242.481,4.883
2025/10/05 08:04:13.382,243.0,4.883
2025/10/05 08:04:14.769,243.489,4.883
2025/10/05 08:04:16.360,243.997,4.883
2025/10/05 08:04:17.742,244.508,4.883
2025/10/05 08:04:19.115,245.008,4.883
2025/10/05 08:04:21.964,229.045,4.284
2025/10/05 08:04:23.370,229.49,4.284
2025/10/05 08:04:24.728,229.979,4.284
2025/10/05 08:04:26.095,230.542,4.284
2025/10/05 08:04:27.543,230.992,4.284
2025/10/05 08:04:28.890,231.487,4.284
2025/10/05 08:04:30.274,232.025,4.284
2025/10/05 08:04:31.665,232.528,4.284
2025/10/05 08:04:33.041,232.964,4.284
2025/10/05 08:04:34.610,233.544,4.284
2025/10/05 08:04:35.985,234.019,4.284
2025/10/05 08:04:37.350,234.48,4.284
2025/10/05 08:04:38.953,235.041,4.284
2025/10/05 08:04:40.318,235.472,4.284
2025/10/05 08:04:41.701,235.985,4.284
2025/10/05 08:04:43.072,236.527,4.284
2025/10/05 08:04:44.458,237.029,4.284
2025/10/05 08:04:45.895,237.515,4.284
2025/10/05 08:04:47.265,237.988,4.284
2025/10/05 08:04:48.660,238.507,4.284
2025/10/05 08:04:50.021,239.02,4.284
2025/10/05 08:04:51.578,239.482,4.284
2025/10/05 08:04:52.977,240.004,4.284
2025/10/05 08:04:54.349,240.462,4.284
2025/10/05 08:04:55.922,241.075,4.284
2025/10/05 08:04:57.303,241.473,4.284
2025/10/05 08:04:58.688,242.022,4.284
2025/10/05 08:05:00.085,242.489,4.284
2025/10/05 08:05:01.453,243.014,4.284
2025/10/05 08:05:03.017,243.53,4.284
2025/10/05 08:05:04.401,244.019,4.284
2025/10/05 08:05:05.778,244.492,4.284
2025/10/05 08:05:07.132,245.013,4.284
2025/10/05 08:05:10.167,223.041,11.206
2025/10/05 08:05:11.662,223.98,11.206
2025/10/05 08:05:13.070,224.996,11.206
2025/10/05 08:05:14.693,225.988,11.206
2025/10/05 08:05:16.136,227.021,11.206
2025/10/05 08:05:17.714,227.996,11.206
2025/10/05 08:05:19.146,228.99,11.206
2025/10/05 08:05:20.560,230.014,11.206
2025/10/05 08:05:21.992,230.967,11.206
2025/10/05 08:05:23.625,232.052,11.206
2025/10/05 08:05:25.042,232.989,11.206
2025/10/05 08:05:26.454,233.989,11.206
2025/10/05 08:05:28.061,235.013,11.206
2025/10/05 08:05:29.506,236.01,11.206
2025/10/05 08:05:30.919,236.991,11.206
2025/10/05 08:05:32.555,238.029,11.206
2025/10/05 08:05:33.965,239.02,11.206
2025/10/05 08:05:35.425,239.927,11.206
2025/10/05 08:05:37.027,241.05,11.206
2025/10/05 08:05:38.453,241.981,11.206
2025/10/05 08:05:39.896,243.003,11.206
2025/10/05 08:05:41.593,244.038,11.206
2025/10/05 08:05:43.111,244.964,11.206
2025/10/05 08:05:44.535,246.005,11.206
2025/10/05 08:05:46.209,247.038,11.206
2025/10/05 08:05:47.623,247.994,11.206
2025/10/05 08:05:49.029,248.98,11.206
2025/10/05 08:05:50.444,249.999,11.206
2025/10/05 08:05:51.917,251.015,11.206
2025/10/05 08:05:55.161,227.037,6.786
2025/10/05 08:05:56.536,227.499,6.786
2025/10/05 08:05:57.926,228.004,6.786
2025/10/05 08:05:59.297,228.537,6.786
2025/10/05 08:06:00.876,228.973,6.786
2025/10/05 08:06:02.258,229.523,6.786
2025/10/05 08:06:03.649,229.998,6.786
2025/10/05 08:06:05.013,230.501,6.786
2025/10/05 08:06:06.589,231.028,6.786
2025/10/05 08:06:07.973,231.498,6.786
2025/10/05 08:06:09.344,231.981,6.786
2025/10/05 08:06:10.723,232.582,6.786
2025/10/05 08:06:12.352,232.937,6.786
2025/10/05 08:06:13.731,233.395,6.786
2025/10/05 08:06:15.149,234.041,6.786
2025/10/05 08:06:16.531,234.456,6.786
2025/10/05 08:06:18.212,235.013,6.786
2025/10/05 08:06:19.610,235.458,6.786
2025/10/05 08:06:20.982,236.021,6.786
2025/10/05 08:06:22.391,236.494,6.786
2025/10/05 08:06:24.118,236.988,6.786
2025/10/05 08:06:25.514,237.469,6.786
2025/10/05 08:06:26.907,237.96,6.786
2025/10/05 08:06:28.297,238.488,6.786
2025/10/05 08:06:29.869,239.04,6.786
2025/10/05 08:06:31.228,239.534,6.786
2025/10/05 08:06:32.609,239.976,6.786
2025/10/05 08:06:33.979,240.484,6.786
2025/10/05 08:06:35.560,240.998,6.786
2025/10/05 08:06:36.923,241.487,6.786
2025/10/05 08:06:38.309,242.009,6.786
2025/10/05 08:06:39.686,242.52,6.786
2025/10/05 08:06:41.052,243.006,6.786
2025/10/05 08:06:42.633,243.522,6.786
2025/10/05 08:06:44.010,243.967,6.786
2025/10/05 08:06:45.406,244.505,6.786
2025/10/05 08:06:47.002,245.107,6.786
2025/10/05 08:06:48.392,245.467,6.786
2025/10/05 08:06:49.745,245.964,6.786
2025/10/05 08:06:51.107,246.486,6.786
2025/10/05 08:06:52.487,247.01,6.786
2025/10/05 08:06:55.428,229.037,4.886
2025/10/05 08:06:56.825,229.484,4.886
2025/10/05 08:06:58.194,229.992,4.886
2025/10/05 08:06:59.766,230.498,4.886
2025/10/05 08:07:01.165,230.998,4.886
2025/10/05 08:07:02.543,231.487,4.886
2025/10/05 08:07:03.920,231.995,4.886
2025/10/05 08:07:05.261,232.552,4.886
2025/10/05 08:07:06.876,232.961,4.886
2025/10/05 08:07:08.233,233.511,4.886
2025/10/05 08:07:09.623,233.991,4.886
2025/10/05 08:07:11.035,234.511,4.886
2025/10/05 08:07:12.599,235.002,4.886
2025/10/05 08:07:13.984,235.488,4.886
2025/10/05 08:07:15.349,236.06,4.886
2025/10/05 08:07:16.719,236.54,4.886
2025/10/05 08:07:18.052,237.007,4.886
2025/10/05 08:07:19.662,237.438,4.886
2025/10/05 08:07:21.035,238.004,4.886
2025/10/05 08:07:22.398,238.589,4.886
2025/10/05 08:07:23.974,238.938,4.886
2025/10/05 08:07:25.366,239.515,4.886
2025/10/05 08:07:26.761,240.004,4.886
2025/10/05 08:07:28.116,240.501,4.886
2025/10/05 08:07:29.494,240.965,4.886
2025/10/05 08:07:31.084,241.476,4.886
2025/10/05 08:07:32.470,242.033,4.886
2025/10/05 08:07:33.847,242.514,4.886
2025/10/05 08:07:35.227,242.992,4.886
2025/10/05 08:07:36.782,243.517,4.886
2025/10/05 08:07:38.195,243.995,4.886
2025/10/05 08:07:39.575,244.585,4.886
2025/10/05 08:07:40.951,244.939,4.886
2025/10/05 08:07:43.665,229.064,4.287
2025/10/05 08:07:45.055,229.482,4.287
2025/10/05 08:07:46.433,230.006,4.287
2025/10/05 08:07:47.842,230.514,4.287
2025/10/05 08:07:49.424,231.028,4.287
2025/10/05 08:07:50.852,231.503,4.287
2025/10/05 08:07:52.208,232.011,4.287
2025/10/05 08:07:53.572,232.5,4.287
2025/10/05 08:07:55.158,232.975,4.287
2025/10/05 08:07:56.575,233.544,4.287
2025/10/05 08:07:57.936,233.983,4.287
2025/10/05 08:07:59.300,234.494,4.287
2025/10/05 08:08:00.889,235.021,4.287
2025/10/05 08:08:02.294,235.447,4.287
2025/10/05 08:08:03.652,236.062,4.287
2025/10/05 08:08:05.023,236.483,4.287
2025/10/05 08:08:06.625,236.939,4.287
2025/10/05 08:08:08.184,237.518,4.287
2025/10/05 08:08:09.579,237.892,4.287
2025/10/05 08:08:10.986,238.493,4.287
2025/10/05 08:08:12.344,239.012,4.287
2025/10/05 08:08:13.735,239.509,4.287
2025/10/05 08:08:15.106,240.004,4.287
2025/10/05 08:08:16.679,240.512,4.287
2025/10/05 08:08:18.088,240.998,4.287
2025/10/05 08:08:19.465,241.506,4.287
2025/10/05 08:08:20.838,242.036,4.287
2025/10/05 08:08:22.489,242.489,4.287
2025/10/05 08:08:23.858,243.058,4.287
2025/10/05 08:08:25.271,243.506,4.287
2025/10/05 08:08:26.796,243.986,4.287
2025/10/05 08:08:28.201,244.527,4.287
2025/10/05 08:08:29.587,245.005,4.287
2025/10/05 08:08:32.674,223.046,11.206
2025/10/05 08:08:34.096,223.942,11.206
2025/10/05 08:08:35.516,225.038,11.206
2025/10/05 08:08:37.166,225.949,11.206
2025/10/05 08:08:38.608,227.018,11.206
2025/10/05 08:08:40.007,228.012,11.206
2025/10/05 08:08:41.634,229.02,11.206
2025/10/05 08:08:43.054,229.957,11.206
2025/10/05 08:08:44.478,230.992,11.206
2025/10/05 08:08:45.895,231.959,11.206
2025/10/05 08:08:47.586,233.014,11.206
2025/10/05 08:08:49.031,233.972,11.206
2025/10/05 08:08:50.493,234.994,11.206
2025/10/05 08:08:52.075,236.005,11.206
2025/10/05 08:08:53.526,237.004,11.206
2025/10/05 08:08:54.927,238.023,11.206
2025/10/05 08:08:56.356,238.998,11.206
2025/10/05 08:08:57.950,240.017,11.206
2025/10/05 08:08:59.359,241.025,11.206
2025/10/05 08:09:00.803,241.968,11.206
2025/10/05 08:09:02.424,243.0,11.206
2025/10/05 08:09:03.865,244.025,11.206
2025/10/05 08:09:05.277,244.959,11.206
2025/10/05 08:09:06.884,246.035,11.206
2025/10/05 08:09:08.327,246.991,11.206
2025/10/05 08:09:09.737,247.988,11.206
2025/10/05 08:09:11.129,248.999,11.206
2025/10/05 08:09:12.754,249.979,11.206
2025/10/05 08:09:14.214,251.072,11.206
2025/10/05 08:09:17.272,227.021,6.775
2025/10/05 08:09:18.678,227.411,6.775
2025/10/05 08:09:20.048,228.073,6.775
2025/10/05 08:09:21.403,228.487,6.775
2025/10/05 08:09:23.050,229.039,6.775
2025/10/05 08:09:24.478,229.465,6.775
2025/10/05 08:09:25.854,230.025,6.775
2025/10/05 08:09:27.239,230.514,6.775
2025/10/05 08:09:28.686,231.006,6.775
2025/10/05 08:09:30.051,231.478,6.775
2025/10/05 08:09:31.409,232.017,6.775
2025/10/05 08:09:32.829,232.442,6.775
2025/10/05 08:09:34.184,233.022,6.775
2025/10/05 08:09:35.750,233.525,6.775
2025/10/05 08:09:37.138,233.986,6.775
2025/10/05 08:09:38.528,234.511,6.775
2025/10/05 08:09:40.101,235.041,6.775
2025/10/05 08:09:41.503,235.502,6.775
2025/10/05 08:09:42.898,235.977,6.775
2025/10/05 08:09:44.285,236.496,6.775
2025/10/05 08:09:45.886,237.026,6.775
2025/10/05 08:09:47.282,237.466,6.775
2025/10/05 08:09:48.693,238.04,6.775
2025/10/05 08:09:50.034,238.529,6.775
2025/10/05 08:09:51.415,238.938,6.775
2025/10/05 08:09:52.995,239.427,6.775
2025/10/05 08:09:54.366,240.056,6.775
2025/10/05 08:09:55.757,240.493,6.775
2025/10/05 08:09:57.147,240.995,6.775
2025/10/05 08:09:58.749,241.506,6.775
2025/10/05 08:10:00.149,241.979,6.775
2025/10/05 08:10:01.526,242.531,6.775
2025/10/05 08:10:03.119,243.003,6.775
2025/10/05 08:10:04.527,243.481,6.775
2025/10/05 08:10:05.900,244.005,6.775
2025/10/05 08:10:07.286,244.494,6.775
2025/10/05 08:10:08.887,245.022,6.775
2025/10/05 08:10:10.258,245.453,6.775
2025/10/05 08:10:11.614,245.98,6.775
2025/10/05 08:10:13.008,246.486,6.775
2025/10/05 08:10:14.362,246.986,6.775
2025/10/05 08:10:17.222,229.092,4.886
2025/10/05 08:10:18.613,229.424,4.886
2025/10/05 08:10:20.007,230.034,4.886
2025/10/05 08:10:21.349,230.531,4.886
2025/10/05 08:10:22.941,230.965,4.886
2025/10/05 08:10:24.312,231.495,4.886
2025/10/05 08:10:25.682,231.986,4.886
2025/10/05 08:10:27.059,232.495,4.886
2025/10/05 08:10:28.674,232.986,4.886
2025/10/05 08:10:30.050,233.494,4.886
2025/10/05 08:10:31.445,233.983,4.886
2025/10/05 08:10:32.810,234.516,4.886
2025/10/05 08:10:34.399,234.999,4.886
2025/10/05 08:10:35.792,235.499,4.886
2025/10/05 08:10:37.173,236.007,4.886
2025/10/05 08:10:38.537,236.529,4.886
2025/10/05 08:10:40.051,236.963,4.886
2025/10/05 08:10:41.429,237.526,4.886
2025/10/05 08:10:42.799,238.01,4.886
2025/10/05 08:10:44.182,238.471,4.886
2025/10/05 08:10:45.752,239.004,4.886
2025/10/05 08:10:47.160,239.545,4.886
2025/10/05 08:10:48.513,239.99,4.886
2025/10/05 08:10:49.861,240.567,4.886
2025/10/05 08:10:51.239,240.957,4.886
2025/10/05 08:10:52.718,241.484,4.886
2025/10/05 08:10:54.157,242.047,4.886
2025/10/05 08:10:55.538,242.481,4.886
2025/10/05 08:10:56.904,242.997,4.886
2025/10/05 08:10:58.468,243.473,4.886
2025/10/05 08:10:59.859,243.956,4.886
2025/10/05 08:11:01.261,244.536,4.886
2025/10/05 08:11:02.626,245.002,4.886
2025/10/05 08:11:05.458,229.053,4.281
2025/10/05 08:11:06.862,229.476,4.281
2025/10/05 08:11:08.237,229.99,4.281
2025/10/05 08:11:09.584,230.55,4.281
2025/10/05 08:11:11.131,230.976,4.281
2025/10/05 08:11:12.534,231.525,4.281
2025/10/05 08:11:13.898,231.997,4.281
2025/10/05 08:11:15.248,232.514,4.281
2025/10/05 08:11:16.607,233.038,4.281
2025/10/05 08:11:18.062,233.5,4.281
2025/10/05 08:11:19.443,233.942,4.281
2025/10/05 08:11:20.834,234.519,4.281
2025/10/05 08:11:22.242,234.999,4.281
2025/10/05 08:11:23.786,235.527,4.281
2025/10/05 08:11:25.181,235.988,4.281
2025/10/05 08:11:26.597,236.452,4.281
2025/10/05 08:11:28.187,237.087,4.281
2025/10/05 08:11:29.578,237.46,4.281
2025/10/05 08:11:30.951,238.054,4.281
2025/10/05 08:11:32.308,238.559,4.281
2025/10/05 08:11:33.913,238.974,4.281
2025/10/05 08:11:35.281,239.474,4.281
2025/10/05 08:11:36.645,240.001,4.281
2025/10/05 08:11:38.050,240.556,4.281
2025/10/05 08:11:39.440,240.965,4.281
2025/10/05 08:11:41.015,241.545,4.281
2025/10/05 08:11:42.409,241.97,4.281
2025/10/05 08:11:43.780,242.498,4.281
2025/10/05 08:11:45.139,243.083,4.281
2025/10/05 08:11:46.733,243.431,4.281
2025/10/05 08:11:48.098,244.011,4.281
2025/10/05 08:11:49.495,244.481,4.281
2025/10/05 08:11:50.872,244.997,4.281
2025/10/05 08:11:54.045,223.049,11.206
2025/10/05 08:11:55.480,223.953,11.206
2025/10/05 08:11:57.071,225.01,11.206
2025/10/05 08:11:58.484,226.035,11.206
2025/10/05 08:11:59.898,226.999,11.206
2025/10/05 08:12:01.489,228.015,11.206
2025/10/05 08:12:02.936,229.004,11.206
2025/10/05 08:12:04.341,229.987,11.206
2025/10/05 08:12:05.779,230.978,11.206
2025/10/05 08:12:07.391,232.006,11.206
2025/10/05 08:12:08.789,233.011,11.206
2025/10/05 08:12:10.222,234.005,11.206
2025/10/05 08:12:11.625,235.016,11.206
2025/10/05 08:12:13.072,236.002,11.206
2025/10/05 08:12:14.500,237.018,11.206
2025/10/05 08:12:15.909,238.023,11.206
2025/10/05 08:12:17.544,239.015,11.206
2025/10/05 08:12:18.997,239.984,11.206
2025/10/05 08:12:20.400,241.034,11.206
2025/10/05 08:12:21.992,242.003,11.206
2025/10/05 08:12:23.446,243.028,11.206
2025/10/05 08:12:24.847,243.986,11.206
2025/10/05 08:12:26.265,245.011,11.206
2025/10/05 08:12:27.879,245.989,11.206
2025/10/05 08:12:29.317,247.021,11.206
2025/10/05 08:12:30.716,248.035,11.206
2025/10/05 08:12:32.389,248.999,11.206
2025/10/05 08:12:33.826,249.988,11.206
2025/10/05 08:12:35.246,251.023,11.206
2025/10/05 08:12:38.100,227.059,6.784
2025/10/05 08:12:39.469,227.488,6.784
2025/10/05 08:12:40.833,228.04,6.784
2025/10/05 08:12:42.228,228.463,6.784
2025/10/05 08:12:43.762,229.048,6.784
2025/10/05 08:12:45.147,229.498,6.784
2025/10/05 08:12:46.520,230.014,6.784
2025/10/05 08:12:47.904,230.52,6.784
2025/10/05 08:12:49.584,231.0,6.784
2025/10/05 08:12:50.956,231.481,6.784
2025/10/05 08:12:52.352,232.008,6.784
2025/10/05 08:12:53.711,232.539,6.784
2025/10/05 08:12:55.284,233.008,6.784
2025/10/05 08:12:56.693,233.505,6.784
2025/10/05 08:12:58.064,234.002,6.784
2025/10/05 08:12:59.427,234.519,6.784
2025/10/05 08:13:00.820,235.024,6.784
2025/10/05 08:13:02.207,235.45,6.784
2025/10/05 08:13:03.571,236.002,6.784
2025/10/05 08:13:05.154,236.532,6.784
2025/10/05 08:13:06.558,236.991,6.784
2025/10/05 08:13:07.970,237.493,6.784
2025/10/05 08:13:09.333,238.001,6.784
2025/10/05 08:13:10.698,238.548,6.784
2025/10/05 08:13:12.146,238.976,6.784
2025/10/05 08:13:13.534,239.509,6.784
2025/10/05 08:13:14.938,239.993,6.784
2025/10/05 08:13:16.308,240.482,6.784
2025/10/05 08:13:17.864,241.006,6.784
2025/10/05 08:13:19.259,241.52,6.784
2025/10/05 08:13:20.622,241.981,6.784
2025/10/05 08:13:22.250,242.522,6.784
2025/10/05 08:13:23.734,242.945,6.784
2025/10/05 08:13:25.120,243.536,6.784
2025/10/05 08:13:26.468,244.003,6.784
2025/10/05 08:13:27.992,244.552,6.784
2025/10/05 08:13:29.370,244.942,6.784
2025/10/05 08:13:30.744,245.522,6.784
2025/10/05 08:13:32.152,245.947,6.784
2025/10/05 08:13:33.738,246.502,6.784
2025/10/05 08:13:35.168,247.005,6.784
2025/10/05 08:13:38.199,228.971,4.877
2025/10/05 08:13:39.613,229.457,4.877
2025/10/05 08:13:40.967,230.031,4.877
2025/10/05 08:13:42.362,230.495,4.877
2025/10/05 08:13:43.951,231.0,4.877
2025/10/05 08:13:45.353,231.528,4.877
2025/10/05 08:13:46.712,231.995,4.877
2025/10/05 08:13:48.099,232.508,4.877
2025/10/05 08:13:49.481,232.992,4.877
2025/10/05 08:13:50.869,233.503,4.877
2025/10/05 08:13:52.237,234.013,4.877
2025/10/05 08:13:53.593,234.513,4.877
2025/10/05 08:13:54.961,235.008,4.877
2025/10/05 08:13:56.333,235.516,4.877
2025/10/05 08:13:57.822,235.988,4.877
2025/10/05 08:13:59.200,236.477,4.877
2025/10/05 08:14:00.600,237.015,4.877
2025/10/05 08:14:01.975,237.488,4.877
2025/10/05 08:14:03.598,238.048,4.877
2025/10/05 08:14:04.995,238.479,4.877
2025/10/05 08:14:06.380,239.018,4.877
2025/10/05 08:14:07.756,239.501,4.877
2025/10/05 08:14:09.424,240.006,4.877
2025/10/05 08:14:10.842,240.482,4.877
2025/10/05 08:14:12.225,241.028,4.877
2025/10/05 08:14:14.676,241.465,4.877
2025/10/05 08:14:16.242,241.987,4.877
2025/10/05 08:14:17.654,242.536,4.877
2025/10/05 08:14:19.013,243.0,4.877
2025/10/05 08:14:20.392,243.478,4.877
2025/10/05 08:14:21.834,244.03,4.877
2025/10/05 08:14:23.195,244.475,4.877
2025/10/05 08:14:24.612,245.0,4.877
2025/10/05 08:14:27.094,228.965,4.29
2025/10/05 08:14:28.651,229.465,4.29
2025/10/05 08:14:30.038,230.023,4.29
2025/10/05 08:14:31.403,230.509,4.29
2025/10/05 08:14:32.959,230.945,4.29
2025/10/05 08:14:34.349,231.498,4.29
2025/10/05 08:14:35.728,232.118,4.29
2025/10/05 08:14:37.078,232.442,4.29
2025/10/05 08:14:38.457,233.014,4.29
2025/10/05 08:14:39.896,233.527,4.29
2025/10/05 08:14:41.288,233.942,4.29
2025/10/05 08:14:42.643,234.491,4.29
2025/10/05 08:14:44.097,235.093,4.29
2025/10/05 08:14:45.669,235.455,4.29
2025/10/05 08:14:47.054,235.972,4.29
2025/10/05 08:14:48.429,236.507,4.29
2025/10/05 08:14:49.848,236.985,4.29
2025/10/05 08:14:51.218,237.551,4.29
2025/10/05 08:14:52.585,237.974,4.29
2025/10/05 08:14:53.984,238.532,4.29
2025/10/05 08:14:55.579,238.982,4.29
2025/10/05 08:14:56.980,239.487,4.29
2025/10/05 08:14:58.366,240.042,4.29
2025/10/05 08:14:59.733,240.517,4.29
2025/10/05 08:15:01.292,241.006,4.29
2025/10/05 08:15:02.688,241.443,4.29
2025/10/05 08:15:04.082,242.02,4.29
2025/10/05 08:15:05.455,242.47,4.29
2025/10/05 08:15:07.055,242.984,4.29
2025/10/05 08:15:08.444,243.517,4.29
2025/10/05 08:15:09.803,244.019,4.29
2025/10/05 08:15:11.184,244.588,4.29
2025/10/05 08:15:12.565,244.865,4.29
2025/10/05 08:15:15.663,222.991,11.206
2025/10/05 08:15:17.119,223.975,11.206
2025/10/05 08:15:18.715,224.969,11.206
2025/10/05 08:15:20.146,226.021,11.206
2025/10/05 08:15:21.574,226.977,11.206
2025/10/05 08:15:23.161,227.987,11.206
2025/10/05 08:15:24.643,229.067,11.206
2025/10/05 08:15:26.080,230.003,11.206
2025/10/05 08:15:27.693,230.981,11.206
2025/10/05 08:15:29.143,232.0,11.206
2025/10/05 08:15:30.554,233.052,11.206
2025/10/05 08:15:32.167,234.016,11.206
2025/10/05 08:15:33.624,234.994,11.206
2025/10/05 08:15:35.073,235.98,11.206
2025/10/05 08:15:36.685,236.988,11.206
2025/10/05 08:15:38.150,238.018,11.206
2025/10/05 08:15:39.543,238.993,11.206
2025/10/05 08:15:41.145,239.971,11.206
2025/10/05 08:15:42.587,241.003,11.206
2025/10/05 08:15:44.042,242.025,11.206
2025/10/05 08:15:45.670,242.995,11.206
2025/10/05 08:15:47.125,243.992,11.206
2025/10/05 08:15:48.540,245.005,11.206
2025/10/05 08:15:50.143,246.041,11.206
2025/10/05 08:15:51.780,246.958,11.206
2025/10/05 08:15:53.229,248.013,11.206
2025/10/05 08:15:54.634,248.999,11.206
2025/10/05 08:15:56.198,250.012,11.206
2025/10/05 08:15:57.635,251.009,11.206
2025/10/05 08:16:00.677,227.048,6.784
2025/10/05 08:16:02.097,227.444,6.784
2025/10/05 08:16:03.478,228.004,6.784
2025/10/05 08:16:05.000,228.509,6.784
2025/10/05 08:16:06.383,229.023,6.784
2025/10/05 08:16:07.739,229.515,6.784
2025/10/05 08:16:09.188,229.924,6.784
2025/10/05 08:16:10.578,230.561,6.784
2025/10/05 08:16:12.163,230.956,6.784
2025/10/05 08:16:13.561,231.599,6.784
2025/10/05 08:16:14.944,231.981,6.784
2025/10/05 08:16:16.328,232.539,6.784
2025/10/05 08:16:17.916,232.964,6.784
2025/10/05 08:16:19.308,233.56,6.784
2025/10/05 08:16:20.676,233.969,6.784
2025/10/05 08:16:22.219,234.576,6.784
2025/10/05 08:16:23.607,234.925,6.784
2025/10/05 08:16:25.021,235.447,6.784
2025/10/05 08:16:26.409,236.021,6.784
2025/10/05 08:16:27.769,236.581,6.784
2025/10/05 08:16:29.232,236.95,6.784
2025/10/05 08:16:30.619,237.504,6.784
2025/10/05 08:16:31.987,238.012,6.784
2025/10/05 08:16:33.353,238.507,6.784
2025/10/05 08:16:34.927,238.952,6.784
2025/10/05 08:16:36.339,239.526,6.784
2025/10/05 08:16:37.712,240.009,6.784
2025/10/05 08:16:39.319,240.523,6.784
2025/10/05 08:16:40.698,240.998,6.784
2025/10/05 08:16:42.079,241.536,6.784
2025/10/05 08:16:43.471,242.009,6.784
2025/10/05 08:16:44.817,242.462,6.784
2025/10/05 08:16:46.411,243.102,6.784
2025/10/05 08:16:47.748,243.484,6.784
2025/10/05 08:16:49.124,243.986,6.784
2025/10/05 08:16:50.509,244.519,6.784
2025/10/05 08:16:52.082,244.975,6.784
2025/10/05 08:16:53.477,245.48,6.784
2025/10/05 08:16:54.873,245.969,6.784
2025/10/05 08:16:56.259,246.499,6.784
2025/10/05 08:16:57.607,247.04,6.784
2025/10/05 08:17:00.504,229.05,4.886
2025/10/05 08:17:01.904,229.429,4.886
2025/10/05 08:17:03.309,230.042,4.886
2025/10/05 08:17:04.849,230.476,4.886
2025/10/05 08:17:06.225,230.998,4.886
2025/10/05 08:17:07.621,231.517,4.886
2025/10/05 08:17:08.956,231.984,4.886
2025/10/05 08:17:10.548,232.517,4.886
2025/10/05 08:17:11.907,232.967,4.886
2025/10/05 08:17:13.290,233.536,4.886
2025/10/05 08:17:14.665,233.967,4.886
2025/10/05 08:17:16.228,234.508,4.886
2025/10/05 08:17:17.631,235.005,4.886
2025/10/05 08:17:19.003,235.499,4.886
2025/10/05 08:17:20.370,236.002,4.886
2025/10/05 08:17:21.933,236.527,4.886
2025/10/05 08:17:23.347,236.985,4.886
2025/10/05 08:17:24.745,237.518,4.886
2025/10/05 08:17:26.109,238.04,4.886
2025/10/05 08:17:27.699,238.49,4.886
2025/10/05 08:17:29.089,239.015,4.886
2025/10/05 08:17:30.453,239.474,4.886
2025/10/05 08:17:31.829,240.045,4.886
2025/10/05 08:17:33.390,240.504,4.886
2025/10/05 08:17:34.774,241.056,4.886
2025/10/05 08:17:36.113,241.476,4.886
2025/10/05 08:17:37.479,241.943,4.886
2025/10/05 08:17:39.128,242.473,4.886
2025/10/05 08:17:40.526,243.052,4.886
2025/10/05 08:17:41.902,243.561,4.886
2025/10/05 08:17:43.256,243.995,4.886
2025/10/05 08:17:44.853,244.494,4.886
2025/10/05 08:17:46.249,245.019,4.886
2025/10/05 08:17:48.779,229.042,4.284
2025/10/05 08:17:50.151,229.454,4.284
2025/10/05 08:17:51.740,229.987,4.284
2025/10/05 08:17:53.126,230.468,4.284
2025/10/05 08:17:54.486,231.025,4.284
2025/10/05 08:17:55.883,231.525,4.284
2025/10/05 08:17:57.478,231.989,4.284
2025/10/05 08:17:58.860,232.497,4.284
2025/10/05 08:18:00.254,232.983,4.284
2025/10/05 08:18:01.627,233.514,4.284
2025/10/05 08:18:03.165,233.983,4.284
2025/10/05 08:18:04.579,234.519,4.284
2025/10/05 08:18:05.960,234.975,4.284
2025/10/05 08:18:07.342,235.505,4.284
2025/10/05 08:18:08.932,235.999,4.284
2025/10/05 08:18:10.315,236.491,4.284
2025/10/05 08:18:11.696,237.04,4.284
2025/10/05 08:18:13.037,237.521,4.284
2025/10/05 08:18:14.438,238.037,4.284
2025/10/05 08:18:15.976,238.54,4.284
2025/10/05 08:18:17.346,239.009,4.284
2025/10/05 08:18:18.732,239.454,4.284
2025/10/05 08:18:20.322,240.097,4.284
2025/10/05 08:18:21.719,240.479,4.284
2025/10/05 08:18:23.092,240.94,4.284
2025/10/05 08:18:24.482,241.506,4.284
2025/10/05 08:18:25.851,242.011,4.284
2025/10/05 08:18:27.457,242.55,4.284
2025/10/05 08:18:28.825,242.94,4.284
2025/10/05 08:18:30.208,243.514,4.284
2025/10/05 08:18:31.590,243.948,4.284
2025/10/05 08:18:33.162,244.588,4.284
2025/10/05 08:18:34.523,244.953,4.284
2025/10/05 08:18:37.455,223.038,11.208
2025/10/05 08:18:39.013,224.03,11.208
2025/10/05 08:18:40.463,224.917,11.208
2025/10/05 08:18:41.871,226.015,11.208
2025/10/05 08:18:43.486,226.988,11.208
2025/10/05 08:18:44.935,228.029,11.208
2025/10/05 08:18:46.360,228.971,11.208
2025/10/05 08:18:47.770,230.012,11.208
2025/10/05 08:18:49.278,231.003,11.208
2025/10/05 08:18:50.669,232.11,11.208
2025/10/05 08:18:52.094,232.95,11.208
2025/10/05 08:18:53.718,234.027,11.208
2025/10/05 08:18:55.147,234.988,11.208
2025/10/05 08:18:56.535,236.046,11.208
2025/10/05 08:18:58.157,236.952,11.208
2025/10/05 08:18:59.574,237.99,11.208
2025/10/05 08:19:00.991,239.012,11.208
2025/10/05 08:19:02.401,239.987,11.208
2025/10/05 08:19:04.066,240.992,11.208
2025/10/05 08:19:05.512,242.039,11.208
2025/10/05 08:19:07.155,243.041,11.208
2025/10/05 08:19:08.585,244.005,11.208
2025/10/05 08:19:10.010,245.118,11.208
2025/10/05 08:19:11.437,245.813,11.208
2025/10/05 08:19:13.070,247.002,11.208
2025/10/05 08:19:14.500,247.991,11.208
2025/10/05 08:19:15.917,249.018,11.208
2025/10/05 08:19:17.552,249.996,11.208
2025/10/05 08:19:19.017,250.993,11.208
2025/10/05 08:19:21.965,227.001,6.781
2025/10/05 08:19:23.374,227.43,6.781
2025/10/05 08:19:24.754,228.029,6.781
2025/10/05 08:19:26.135,228.493,6.781
2025/10/05 08:19:27.703,229.045,6.781
2025/10/05 08:19:29.104,229.484,6.781
2025/10/05 08:19:30.485,229.97,6.781
2025/10/05 08:19:31.844,230.506,6.781
2025/10/05 08:19:33.423,231.022,6.781
2025/10/05 08:19:34.826,231.448,6.781
2025/10/05 08:19:36.233,232.083,6.781
2025/10/05 08:19:37.575,232.418,6.781
2025/10/05 08:19:39.170,232.975,6.781
2025/10/05 08:19:40.508,233.541,6.781
2025/10/05 08:19:41.880,233.906,6.781
2025/10/05 08:19:43.270,234.574,6.781
2025/10/05 08:19:44.620,234.986,6.781
2025/10/05 08:19:46.030,235.491,6.781
2025/10/05 08:19:47.411,236.013,6.781
2025/10/05 08:19:48.771,236.518,6.781
2025/10/05 08:19:50.161,236.991,6.781
2025/10/05 08:19:51.726,237.529,6.781
2025/10/05 08:19:53.144,237.889,6.781
2025/10/05 08:19:54.504,238.581,6.781
2025/10/05 08:19:55.845,238.99,6.781
2025/10/05 08:19:57.234,239.479,6.781
2025/10/05 08:19:58.830,240.039,6.781
2025/10/05 08:20:00.209,240.462,6.781
2025/10/05 08:20:01.586,241.02,6.781
2025/10/05 08:20:03.135,241.47,6.781
2025/10/05 08:20:04.548,242.003,6.781
2025/10/05 08:20:05.934,242.522,6.781
2025/10/05 08:20:07.319,243.03,6.781
2025/10/05 08:20:08.691,243.533,6.781
2025/10/05 08:20:10.278,243.995,6.781
2025/10/05 08:20:11.671,244.519,6.781
2025/10/05 08:20:13.047,245.016,6.781
2025/10/05 08:20:14.445,245.511,6.781
2025/10/05 08:20:16.011,246.013,6.781
2025/10/05 08:20:17.393,246.499,6.781
2025/10/05 08:20:18.775,247.054,6.781
2025/10/05 08:20:21.894,229.034,4.875
2025/10/05 08:20:23.311,229.462,4.875
2025/10/05 08:20:24.688,229.99,4.875
2025/10/05 08:20:26.270,230.481,4.875
2025/10/05 08:20:27.653,231.028,4.875
2025/10/05 08:20:29.052,231.506,4.875
2025/10/05 08:20:30.433,231.984,4.875
2025/10/05 08:20:32.031,232.495,4.875
2025/10/05 08:20:33.445,233.033,4.875
2025/10/05 08:20:34.821,233.544,4.875
2025/10/05 08:20:36.437,233.969,4.875
2025/10/05 08:20:37.827,234.5,4.875
2025/10/05 08:20:39.199,234.958,4.875
2025/10/05 08:20:40.568,235.53,4.875
2025/10/05 08:20:42.136,236.013,4.875
2025/10/05 08:20:43.549,236.524,4.875
2025/10/05 08:20:44.919,236.961,4.875
2025/10/05 08:20:46.310,237.493,4.875
2025/10/05 08:20:47.655,238.001,4.875
2025/10/05 08:20:49.250,238.521,4.875
2025/10/05 08:20:50.628,239.029,4.875
2025/10/05 08:20:52.016,239.476,4.875
2025/10/05 08:20:53.370,239.979,4.875
2025/10/05 08:20:54.934,240.548,4.875
2025/10/05 08:20:56.308,240.938,4.875
2025/10/05 08:20:57.702,241.542,4.875
2025/10/05 08:20:59.076,241.995,4.875
2025/10/05 08:21:00.641,242.544,4.875
2025/10/05 08:21:02.046,243.041,4.875
2025/10/05 08:21:03.409,243.519,4.875
2025/10/05 08:21:04.767,243.989,4.875
2025/10/05 08:21:06.288,244.552,4.875
2025/10/05 08:21:07.697,244.964,4.875
2025/10/05 08:21:10.202,229.056,4.284
2025/10/05 08:21:11.830,229.462,4.284
2025/10/05 08:21:13.248,230.028,4.284
2025/10/05 08:21:14.627,230.514,4.284
2025/10/05 08:21:15.966,231.053,4.284
2025/10/05 08:21:17.571,231.459,4.284
2025/10/05 08:21:18.968,231.981,4.284
2025/10/05 08:21:20.357,232.495,4.284
2025/10/05 08:21:21.731,233.041,4.284
2025/10/05 08:21:23.125,233.568,4.284
2025/10/05 08:21:24.793,233.928,4.284
2025/10/05 08:21:26.192,234.535,4.284
2025/10/05 08:21:27.594,235.002,4.284
2025/10/05 08:21:28.947,235.48,4.284
2025/10/05 08:21:30.526,236.051,4.284
2025/10/05 08:21:31.877,236.502,4.284
2025/10/05 08:21:33.243,236.999,4.284
2025/10/05 08:21:34.624,237.537,4.284
2025/10/05 08:21:36.185,237.979,4.284
2025/10/05 08:21:37.591,238.493,4.284
2025/10/05 08:21:38.962,239.048,4.284
2025/10/05 08:21:40.338,239.507,4.284
2025/10/05 08:21:41.693,240.006,4.284
2025/10/05 08:21:43.272,240.484,4.284
2025/10/05 08:21:44.654,241.003,4.284
2025/10/05 08:21:46.022,241.503,4.284
2025/10/05 08:21:47.404,241.976,4.284
2025/10/05 08:21:49.002,242.517,4.284
2025/10/05 08:21:50.396,242.981,4.284
2025/10/05 08:21:51.786,243.484,4.284
2025/10/05 08:21:53.161,244.005,4.284
2025/10/05 08:21:54.503,244.5,4.284
2025/10/05 08:21:56.075,245.005,4.284
2025/10/05 08:21:58.948,223.052,11.206
2025/10/05 08:22:00.616,223.942,11.206
2025/10/05 08:22:02.057,225.005,11.206
2025/10/05 08:22:03.493,225.985,11.206
2025/10/05 08:22:04.922,227.015,11.206
2025/10/05 08:22:06.550,228.007,11.206
2025/10/05 08:22:07.964,229.083,11.206
2025/10/05 08:22:09.396,229.99,11.206
2025/10/05 08:22:11.000,230.973,11.206
2025/10/05 08:22:12.453,231.989,11.206
2025/10/05 08:22:13.912,232.989,11.206
2025/10/05 08:22:15.524,234.027,11.206
2025/10/05 08:22:16.965,234.991,11.206
2025/10/05 08:22:18.378,236.046,11.206
2025/10/05 08:22:20.000,236.936,11.206
2025/10/05 08:22:21.434,238.007,11.206
2025/10/05 08:22:22.837,239.015,11.206
2025/10/05 08:22:24.262,239.949,11.206
2025/10/05 08:22:25.929,240.982,11.206
2025/10/05 08:22:27.377,242.036,11.206
2025/10/05 08:22:28.774,242.981,11.206
2025/10/05 08:22:30.334,243.953,11.206
2025/10/05 08:22:31.775,245.027,11.206
2025/10/05 08:22:33.178,245.991,11.206
2025/10/05 08:22:34.808,247.032,11.206
2025/10/05 08:22:36.232,247.991,11.206
2025/10/05 08:22:37.644,248.971,11.206
2025/10/05 08:22:39.284,250.078,11.206
2025/10/05 08:22:40.709,250.971,11.206
2025/10/05 08:22:43.706,227.032,6.781
2025/10/05 08:22:45.299,227.479,6.781
2025/10/05 08:22:46.664,228.012,6.781
2025/10/05 08:22:48.037,228.49,6.781
2025/10/05 08:22:49.616,229.045,6.781
2025/10/05 08:22:51.005,229.528,6.781
2025/10/05 08:22:52.382,229.984,6.781
2025/10/05 08:22:53.735,230.495,6.781
2025/10/05 08:22:55.294,231.017,6.781
2025/10/05 08:22:56.667,231.487,6.781
2025/10/05 08:22:58.043,231.997,6.781
2025/10/05 08:22:59.390,232.497,6.781
2025/10/05 08:23:01.025,233.052,6.781
2025/10/05 08:23:02.421,233.5,6.781
2025/10/05 08:23:03.808,233.98,6.781
2025/10/05 08:23:05.408,234.508,6.781
2025/10/05 08:23:06.817,235.013,6.781
2025/10/05 08:23:08.230,235.499,6.781
2025/10/05 08:23:09.615,235.991,6.781
2025/10/05 08:23:11.202,236.535,6.781
2025/10/05 08:23:12.569,236.993,6.781
2025/10/05 08:23:13.944,237.543,6.781
2025/10/05 08:23:15.345,238.026,6.781
2025/10/05 08:23:16.713,238.512,6.781
2025/10/05 08:23:18.309,239.001,6.781
2025/10/05 08:23:19.685,239.498,6.781
2025/10/05 08:23:21.070,240.017,6.781
2025/10/05 08:23:22.439,240.523,6.781
2025/10/05 08:23:24.037,240.954,6.781
2025/10/05 08:23:25.447,241.528,6.781
2025/10/05 08:23:26.805,241.97,6.781
2025/10/05 08:23:28.172,242.481,6.781
2025/10/05 08:23:29.773,243.022,6.781
2025/10/05 08:23:31.148,243.519,6.781
2025/10/05 08:23:32.510,243.964,6.781
2025/10/05 08:23:33.900,244.497,6.781
2025/10/05 08:23:35.392,245.035,6.781
2025/10/05 08:23:36.809,245.519,6.781
2025/10/05 08:23:38.164,245.947,6.781
2025/10/05 08:23:39.529,246.59,6.781
2025/10/05 08:23:41.092,247.024,6.781
2025/10/05 08:23:43.821,229.045,4.88
2025/10/05 08:23:45.461,229.515,4.88
2025/10/05 08:23:46.883,229.943,4.88
2025/10/05 08:23:48.230,230.523,4.88
2025/10/05 08:23:49.612,230.998,4.88
2025/10/05 08:23:51.219,231.52,4.88
2025/10/05 08:23:52.645,231.984,4.88
2025/10/05 08:23:54.022,232.481,4.88
2025/10/05 08:23:55.398,233.011,4.88
2025/10/05 08:23:56.756,233.47,4.88
2025/10/05 08:23:58.329,233.972,4.88
2025/10/05 08:23:59.713,234.527,4.88
2025/10/05 08:24:01.087,234.988,4.88
2025/10/05 08:24:02.462,235.513,4.88
2025/10/05 08:24:04.074,235.994,4.88
2025/10/05 08:24:05.457,236.518,4.88
2025/10/05 08:24:06.833,237.015,4.88
2025/10/05 08:24:08.176,237.493,4.88
2025/10/05 08:24:09.760,237.999,4.88
2025/10/05 08:24:11.166,238.507,4.88
2025/10/05 08:24:12.520,239.007,4.88
2025/10/05 08:24:13.889,239.487,4.88
2025/10/05 08:24:15.399,240.026,4.88
2025/10/05 08:24:16.797,240.556,4.88
2025/10/05 08:24:18.190,240.995,4.88
2025/10/05 08:24:19.597,241.501,4.88
2025/10/05 08:24:21.214,241.902,4.88
2025/10/05 08:24:22.621,242.566,4.88
2025/10/05 08:24:23.985,243.028,4.88
2025/10/05 08:24:25.558,243.497,4.88
2025/10/05 08:24:26.932,244.011,4.88
2025/10/05 08:24:28.317,244.497,4.88
2025/10/05 08:24:29.669,244.975,4.88
2025/10/05 08:24:32.423,229.061,4.281
2025/10/05 08:24:33.810,229.454,4.281
2025/10/05 08:24:35.194,230.023,4.281
2025/10/05 08:24:36.559,230.536,4.281
2025/10/05 08:24:38.125,230.956,4.281
2025/10/05 08:24:39.520,231.5,4.281
2025/10/05 08:24:40.875,232.025,4.281
2025/10/05 08:24:42.448,232.503,4.281
2025/10/05 08:24:43.829,232.992,4.281
2025/10/05 08:24:45.205,233.481,4.281
2025/10/05 08:24:46.573,234.03,4.281
2025/10/05 08:24:47.952,234.508,4.281
2025/10/05 08:24:49.437,234.994,4.281
2025/10/05 08:24:50.841,235.483,4.281
2025/10/05 08:24:52.206,236.013,4.281
2025/10/05 08:24:53.579,236.543,4.281
2025/10/05 08:24:55.157,237.04,4.281
2025/10/05 08:24:56.522,237.526,4.281
2025/10/05 08:24:57.911,237.999,4.281
2025/10/05 08:24:59.459,238.49,4.281
2025/10/05 08:25:00.862,239.018,4.281
2025/10/05 08:25:02.257,239.529,4.281
2025/10/05 08:25:03.606,239.982,4.281
2025/10/05 08:25:04.984,240.487,4.281
2025/10/05 08:25:06.460,241.064,4.281
2025/10/05 08:25:07.874,241.459,4.281
2025/10/05 08:25:09.239,242.0,4.281
2025/10/05 08:25:10.626,242.522,4.281
2025/10/05 08:25:12.172,242.992,4.281
2025/10/05 08:25:13.580,243.486,4.281
2025/10/05 08:25:14.989,243.97,4.281
2025/10/05 08:25:16.549,244.519,4.281
2025/10/05 08:25:17.940,244.975,4.281
2025/10/05 08:25:21.145,223.024,11.208
2025/10/05 08:25:22.568,223.95,11.208
2025/10/05 08:25:23.991,225.002,11.208
2025/10/05 08:25:25.594,226.004,11.208
2025/10/05 08:25:27.049,227.004,11.208
2025/10/05 08:25:28.456,228.031,11.208
2025/10/05 08:25:30.077,228.979,11.208
2025/10/05 08:25:31.509,230.009,11.208
2025/10/05 08:25:32.912,231.014,11.208
2025/10/05 08:25:34.507,232.014,11.208
2025/10/05 08:25:35.926,233.011,11.208
2025/10/05 08:25:37.340,233.989,11.208
2025/10/05 08:25:38.744,235.046,11.208
2025/10/05 08:25:40.343,235.985,11.208
2025/10/05 08:25:41.782,237.004,11.208
2025/10/05 08:25:43.225,238.01,11.208
2025/10/05 08:25:44.679,239.015,11.208
2025/10/05 08:25:46.166,240.001,11.208
2025/10/05 08:25:47.562,241.108,11.208
2025/10/05 08:25:49.004,241.959,11.208
2025/10/05 08:25:50.431,242.987,11.208
2025/10/05 08:25:52.010,244.038,11.208
2025/10/05 08:25:53.427,245.068,11.208
2025/10/05 08:25:54.895,245.95,11.208
2025/10/05 08:25:56.495,247.008,11.208
2025/10/05 08:25:57.927,248.002,11.208
2025/10/05 08:25:59.322,248.982,11.208
2025/10/05 08:26:00.743,250.029,11.208
2025/10/05 08:26:02.183,251.037,11.208
2025/10/05 08:26:05.037,227.07,6.786
2025/10/05 08:26:06.633,227.493,6.786
2025/10/05 08:26:08.014,227.987,6.786
2025/10/05 08:26:09.416,228.471,6.786
2025/10/05 08:26:10.807,228.971,6.786
2025/10/05 08:26:12.354,229.512,6.786
2025/10/05 08:26:13.781,229.984,6.786
2025/10/05 08:26:15.153,230.525,6.786
2025/10/05 08:26:16.528,230.976,6.786
2025/10/05 08:26:18.141,231.481,6.786
2025/10/05 08:26:19.569,231.997,6.786
2025/10/05 08:26:21.034,232.486,6.786
2025/10/05 08:26:22.398,233.074,6.786
2025/10/05 08:26:23.982,233.5,6.786
2025/10/05 08:26:25.363,234.002,6.786
2025/10/05 08:26:26.763,234.524,6.786
2025/10/05 08:26:28.299,234.975,6.786
2025/10/05 08:26:29.696,235.483,6.786
2025/10/05 08:26:31.110,236.007,6.786
2025/10/05 08:26:32.484,236.491,6.786
2025/10/05 08:26:33.846,237.065,6.786
2025/10/05 08:26:35.246,237.488,6.786
2025/10/05 08:26:36.629,237.979,6.786
2025/10/05 08:26:38.020,238.507,6.786
2025/10/05 08:26:39.392,239.07,6.786
2025/10/05 08:26:40.991,239.465,6.786
2025/10/05 08:26:42.397,239.963,6.786
2025/10/05 08:26:43.773,240.52,6.786
2025/10/05 08:26:45.309,241.001,6.786
2025/10/05 08:26:46.695,241.52,6.786
2025/10/05 08:26:48.080,241.981,6.786
2025/10/05 08:26:49.512,242.467,6.786
2025/10/05 08:26:50.884,242.937,6.786
2025/10/05 08:26:52.306,243.464,6.786
2025/10/05 08:26:53.670,244.058,6.786
2025/10/05 08:26:55.059,244.481,6.786
2025/10/05 08:26:56.422,244.975,6.786
2025/10/05 08:26:57.998,245.497,6.786
2025/10/05 08:26:59.385,246.002,6.786
2025/10/05 08:27:00.807,246.549,6.786
2025/10/05 08:27:02.383,247.005,6.786
2025/10/05 08:27:05.064,229.034,4.883
2025/10/05 08:27:06.424,229.479,4.883
2025/10/05 08:27:08.007,230.006,4.883
2025/10/05 08:27:09.409,230.517,4.883
2025/10/05 08:27:10.747,231.031,4.883
2025/10/05 08:27:12.325,231.473,4.883
2025/10/05 08:27:13.700,232.019,4.883
2025/10/05 08:27:15.105,232.437,4.883
2025/10/05 08:27:16.501,233.008,4.883
2025/10/05 08:27:17.900,233.503,4.883
2025/10/05 08:27:19.347,234.027,4.883
2025/10/05 08:27:20.727,234.508,4.883
2025/10/05 08:27:22.102,234.994,4.883
2025/10/05 08:27:23.466,235.53,4.883
2025/10/05 08:27:25.057,235.996,4.883
2025/10/05 08:27:26.449,236.469,4.883
2025/10/05 08:27:27.835,237.018,4.883
2025/10/05 08:27:29.253,237.502,4.883
2025/10/05 08:27:30.628,238.015,4.883
2025/10/05 08:27:32.021,238.474,4.883
2025/10/05 08:27:33.413,239.015,4.883
2025/10/05 08:27:35.008,239.509,4.883
2025/10/05 08:27:36.412,239.883,4.883
2025/10/05 08:27:37.767,240.545,4.883
2025/10/05 08:27:39.143,240.987,4.883
2025/10/05 08:27:40.707,241.525,4.883
2025/10/05 08:27:42.119,242.006,4.883
2025/10/05 08:27:43.515,242.484,4.883
2025/10/05 08:27:44.893,242.997,4.883
2025/10/05 08:27:46.455,243.53,4.883
2025/10/05 08:27:47.815,244.005,4.883
2025/10/05 08:27:49.181,244.522,4.883
2025/10/05 08:27:50.545,244.959,4.883
2025/10/05 08:27:53.356,229.067,4.276
2025/10/05 08:27:54.710,229.462,4.276
2025/10/05 08:27:56.115,230.009,4.276
2025/10/05 08:27:57.493,230.512,4.276
2025/10/05 08:27:59.053,231.009,4.276
2025/10/05 08:28:00.460,231.539,4.276
2025/10/05 08:28:01.818,232.052,4.276
2025/10/05 08:28:03.418,232.473,4.276
2025/10/05 08:28:04.807,232.994,4.276
2025/10/05 08:28:06.198,233.489,4.276
2025/10/05 08:28:07.577,234.019,4.276
2025/10/05 08:28:09.160,234.497,4.276
2025/10/05 08:28:10.524,235.002,4.276
2025/10/05 08:28:11.910,235.494,4.276
2025/10/05 08:28:13.278,235.969,4.276
2025/10/05 08:28:14.857,236.562,4.276
2025/10/05 08:28:16.267,236.963,4.276
2025/10/05 08:28:17.641,237.485,4.276
2025/10/05 08:28:19.013,238.015,4.276
2025/10/05 08:28:20.524,238.532,4.276
2025/10/05 08:28:21.892,238.979,4.276
2025/10/05 08:28:23.259,239.507,4.276
2025/10/05 08:28:24.627,239.974,4.276
2025/10/05 08:28:26.353,240.523,4.276
2025/10/05 08:28:27.709,241.003,4.276
2025/10/05 08:28:29.054,241.517,4.276
2025/10/05 08:28:30.473,241.968,4.276
2025/10/05 08:28:32.053,242.525,4.276
2025/10/05 08:28:33.477,243.011,4.276
2025/10/05 08:28:34.851,243.541,4.276
2025/10/05 08:28:36.422,243.973,4.276
2025/10/05 08:28:37.817,244.497,4.276
2025/10/05 08:28:39.190,245.005,4.276
2025/10/05 08:28:42.265,223.046,11.206
2025/10/05 08:28:43.691,223.903,11.206
2025/10/05 08:28:45.374,225.068,11.206
2025/10/05 08:28:46.821,225.969,11.206
2025/10/05 08:28:48.252,226.993,11.206
2025/10/05 08:28:49.690,228.001,11.206
2025/10/05 08:28:51.319,228.998,11.206
2025/10/05 08:28:52.787,230.05,11.206
2025/10/05 08:28:54.386,230.943,11.206
2025/10/05 08:28:55.819,231.967,11.206
2025/10/05 08:28:57.313,233.049,11.206
2025/10/05 08:28:58.720,233.928,11.206
2025/10/05 08:29:00.336,235.035,11.206
2025/10/05 08:29:01.754,235.991,11.206
2025/10/05 08:29:03.170,237.004,11.206
2025/10/05 08:29:04.754,237.982,11.206
2025/10/05 08:29:06.179,239.133,11.206
2025/10/05 08:29:07.604,239.954,11.206
2025/10/05 08:29:09.234,241.031,11.206
2025/10/05 08:29:10.653,241.973,11.206
2025/10/05 08:29:12.059,242.978,11.206
2025/10/05 08:29:13.498,244.025,11.206
2025/10/05 08:29:15.100,245.013,11.206
2025/10/05 08:29:16.546,245.991,11.206
2025/10/05 08:29:17.969,246.969,11.206
2025/10/05 08:29:19.572,247.98,11.206
2025/10/05 08:29:21.000,249.018,11.206
2025/10/05 08:29:22.525,250.075,11.206
2025/10/05 08:29:24.090,250.99,11.206
2025/10/05 08:29:26.912,227.032,6.781
2025/10/05 08:29:28.444,227.466,6.781
2025/10/05 08:29:29.827,227.982,6.781
2025/10/05 08:29:31.194,228.482,6.781
2025/10/05 08:29:32.611,229.053,6.781
2025/10/05 08:29:34.208,229.49,6.781
2025/10/05 08:29:35.575,229.979,6.781
2025/10/05 08:29:36.962,230.561,6.781
2025/10/05 08:29:38.321,230.995,6.781
2025/10/05 08:29:39.931,231.509,6.781
2025/10/05 08:29:41.340,232.025,6.781
2025/10/05 08:29:42.698,232.492,6.781
2025/10/05 08:29:44.088,233.014,6.781
2025/10/05 08:29:45.575,233.475,6.781
2025/10/05 08:29:47.006,233.915,6.781
2025/10/05 08:29:48.373,234.497,6.781
2025/10/05 08:29:49.751,235.013,6.781
2025/10/05 08:29:51.336,235.513,6.781
2025/10/05 08:29:52.727,236.018,6.781
2025/10/05 08:29:54.124,236.488,6.781
2025/10/05 08:29:55.507,237.004,6.781
2025/10/05 08:29:57.071,237.485,6.781
2025/10/05 08:29:58.455,238.004,6.781
2025/10/05 08:29:59.837,238.493,6.781
2025/10/05 08:30:01.201,239.081,6.781
2025/10/05 08:30:02.537,239.496,6.781
2025/10/05 08:30:04.129,239.965,6.781
2025/10/05 08:30:05.525,240.468,6.781
2025/10/05 08:30:06.921,241.009,6.781
2025/10/05 08:30:08.271,241.476,6.781
2025/10/05 08:30:09.851,241.989,6.781
2025/10/05 08:30:11.241,242.506,6.781
2025/10/05 08:30:12.612,243.014,6.781
2025/10/05 08:30:14.002,243.475,6.781
2025/10/05 08:30:15.568,243.986,6.781
2025/10/05 08:30:16.973,244.538,6.781
2025/10/05 08:30:18.358,245.022,6.781
2025/10/05 08:30:19.727,245.524,6.781
2025/10/05 08:30:21.282,246.0,6.781
2025/10/05 08:30:22.669,246.51,6.781
2025/10/05 08:30:24.026,246.983,6.781
2025/10/05 08:30:26.992,229.048,4.883
2025/10/05 08:30:28.398,229.465,4.883
2025/10/05 08:30:29.766,230.036,4.883
2025/10/05 08:30:31.121,230.487,4.883
2025/10/05 08:30:32.582,231.055,4.883
2025/10/05 08:30:33.990,231.495,4.883
2025/10/05 08:30:35.368,231.967,4.883
2025/10/05 08:30:36.729,232.519,4.883
2025/10/05 08:30:38.311,233.036,4.883
2025/10/05 08:30:39.690,233.384,4.883
2025/10/05 08:30:41.074,234.063,4.883
2025/10/05 08:30:42.608,234.549,4.883
2025/10/05 08:30:44.010,235.027,4.883
2025/10/05 08:30:45.408,235.469,4.883
2025/10/05 08:30:46.811,236.013,4.883
2025/10/05 08:30:48.161,236.535,4.883
2025/10/05 08:30:49.595,236.952,4.883
2025/10/05 08:30:50.985,237.518,4.883
2025/10/05 08:30:52.362,238.012,4.883
2025/10/05 08:30:53.745,238.518,4.883
2025/10/05 08:30:55.343,239.001,4.883
2025/10/05 08:30:56.731,239.52,4.883
2025/10/05 08:30:58.098,239.998,4.883
2025/10/05 08:30:59.473,240.509,4.883
2025/10/05 08:31:01.024,240.99,4.883
2025/10/05 08:31:02.419,241.512,4.883
2025/10/05 08:31:03.798,241.946,4.883
2025/10/05 08:31:05.173,242.509,4.883
2025/10/05 08:31:06.723,242.987,4.883
2025/10/05 08:31:08.148,243.503,4.883
2025/10/05 08:31:09.489,244.005,4.883
2025/10/05 08:31:10.849,244.525,4.883
2025/10/05 08:31:12.287,245.03,4.883
2025/10/05 08:31:14.825,229.05,4.29
2025/10/05 08:31:16.236,229.449,4.29
2025/10/05 08:31:17.591,230.023,4.29
2025/10/05 08:31:19.138,230.509,4.29
2025/10/05 08:31:20.546,230.976,4.29
2025/10/05 08:31:21.933,231.495,4.29
2025/10/05 08:31:23.504,232.047,4.29
2025/10/05 08:31:24.870,232.492,4.29
2025/10/05 08:31:26.246,233.003,4.29
2025/10/05 08:31:27.645,233.486,4.29
2025/10/05 08:31:29.249,233.937,4.29
2025/10/05 08:31:30.631,234.456,4.29
2025/10/05 08:31:32.038,235.01,4.29
2025/10/05 08:31:33.396,235.513,4.29
2025/10/05 08:31:34.970,235.985,4.29
2025/10/05 08:31:36.365,236.527,4.29
2025/10/05 08:31:37.744,236.996,4.29
2025/10/05 08:31:39.099,237.521,4.29
2025/10/05 08:31:40.630,238.034,4.29
2025/10/05 08:31:41.998,238.449,4.29
2025/10/05 08:31:43.388,238.982,4.29
2025/10/05 08:31:44.758,239.501,4.29
2025/10/05 08:31:46.328,240.031,4.29
2025/10/05 08:31:47.717,240.495,4.29
2025/10/05 08:31:49.072,240.987,4.29
2025/10/05 08:31:50.452,241.514,4.29
2025/10/05 08:31:52.031,242.031,4.29
2025/10/05 08:31:53.430,242.506,4.29
2025/10/05 08:31:54.794,242.992,4.29
2025/10/05 08:31:56.162,243.511,4.29
2025/10/05 08:31:57.837,243.992,4.29
2025/10/05 08:31:59.212,244.516,4.29
2025/10/05 08:32:00.616,245.068,4.29
2025/10/05 08:32:03.674,223.063,11.208
2025/10/05 08:32:05.070,223.933,11.208
2025/10/05 08:32:06.534,225.016,11.208
2025/10/05 08:32:08.136,225.988,11.208
2025/10/05 08:32:09.587,226.993,11.208
2025/10/05 08:32:11.014,228.009,11.208
2025/10/05 08:32:12.617,229.05,11.208
2025/10/05 08:32:14.049,230.02,11.208
2025/10/05 08:32:15.442,230.981,11.208
2025/10/05 08:32:17.110,232.008,11.208
2025/10/05 08:32:18.548,233.014,11.208
2025/10/05 08:32:19.963,234.033,11.208
2025/10/05 08:32:21.366,235.057,11.208
2025/10/05 08:32:22.958,235.98,11.208
2025/10/05 08:32:24.403,237.018,11.208
2025/10/05 08:32:25.817,238.004,11.208
2025/10/05 08:32:27.461,239.026,11.208
2025/10/05 08:32:28.900,239.968,11.208
2025/10/05 08:32:30.275,241.072,11.208
2025/10/05 08:32:31.675,241.943,11.208
2025/10/05 08:32:33.344,243.019,11.208
2025/10/05 08:32:34.740,243.975,11.208
2025/10/05 08:32:36.181,245.027,11.208
2025/10/05 08:32:37.790,245.997,11.208
2025/10/05 08:32:39.227,247.013,11.208
2025/10/05 08:32:40.644,247.974,11.208
2025/10/05 08:32:42.286,249.004,11.208
2025/10/05 08:32:43.718,249.999,11.208
2025/10/05 08:32:45.138,250.987,11.208
2025/10/05 08:32:48.358,227.001,6.781
2025/10/05 08:32:49.742,227.402,6.781
2025/10/05 08:32:51.145,227.957,6.781
2025/10/05 08:32:52.888,228.512,6.781
2025/10/05 08:32:54.290,229.048,6.781
2025/10/05 08:32:55.630,229.465,6.781
2025/10/05 08:32:57.011,229.976,6.781
2025/10/05 08:32:58.581,230.506,6.781
2025/10/05 08:32:59.958,231.055,6.781
2025/10/05 08:33:01.329,231.517,6.781
2025/10/05 08:33:02.716,231.962,6.781
2025/10/05 08:33:04.350,232.53,6.781
2025/10/05 08:33:06.097,233.003,6.781
2025/10/05 08:33:07.758,233.555,6.781
2025/10/05 08:33:09.169,233.95,6.781
2025/10/05 08:33:10.511,234.615,6.781
2025/10/05 08:33:11.864,235.002,6.781
2025/10/05 08:33:13.227,235.354,6.781
2025/10/05 08:33:14.663,236.016,6.781
2025/10/05 08:33:16.034,236.51,6.781
2025/10/05 08:33:17.422,236.944,6.781
2025/10/05 08:33:18.826,237.559,6.781
2025/10/05 08:33:20.432,237.958,6.781
2025/10/05 08:33:21.807,238.523,6.781
2025/10/05 08:33:23.183,239.026,6.781
2025/10/05 08:33:24.554,239.485,6.781
2025/10/05 08:33:26.157,240.067,6.781
2025/10/05 08:33:27.551,240.55,6.781
2025/10/05 08:33:28.901,240.962,6.781
2025/10/05 08:33:30.302,241.517,6.781
2025/10/05 08:33:31.901,242.075,6.781
2025/10/05 08:33:33.298,242.454,6.781
2025/10/05 08:33:34.687,242.978,6.781
2025/10/05 08:33:36.062,243.508,6.781
2025/10/05 08:33:37.471,243.94,6.781
2025/10/05 08:33:39.047,244.53,6.781
2025/10/05 08:33:40.471,245.027,6.781
2025/10/05 08:33:41.805,245.53,6.781
2025/10/05 08:33:43.153,245.947,6.781
2025/10/05 08:33:44.683,246.502,6.781
2025/10/05 08:33:46.049,246.977,6.781
2025/10/05 08:33:48.735,229.042,4.888
2025/10/05 08:33:50.313,229.457,4.888
2025/10/05 08:33:51.703,230.05,4.888
2025/10/05 08:33:53.100,230.47,4.888
2025/10/05 08:33:54.482,230.995,4.888
2025/10/05 08:33:56.013,231.498,4.888
2025/10/05 08:33:57.416,232.066,4.888
2025/10/05 08:33:58.782,232.495,4.888
2025/10/05 08:34:00.131,232.923,4.888
2025/10/05 08:34:01.765,233.527,4.888
2025/10/05 08:34:03.088,234.044,4.888
2025/10/05 08:34:04.477,234.478,4.888
2025/10/05 08:34:05.863,234.964,4.888
2025/10/05 08:34:07.227,235.425,4.888
2025/10/05 08:34:08.686,235.972,4.888
2025/10/05 08:34:10.055,236.554,4.888
2025/10/05 08:34:11.431,236.961,4.888
2025/10/05 08:34:12.814,237.543,4.888
2025/10/05 08:34:14.409,237.963,4.888
2025/10/05 08:34:15.782,238.51,4.888
2025/10/05 08:34:17.150,239.034,4.888
2025/10/05 08:34:18.742,239.468,4.888
2025/10/05 08:34:20.140,239.993,4.888
2025/10/05 08:34:21.534,240.528,4.888
2025/10/05 08:34:22.904,240.995,4.888
2025/10/05 08:34:24.266,241.501,4.888
2025/10/05 08:34:25.847,242.022,4.888
2025/10/05 08:34:27.183,242.437,4.888
2025/10/05 08:34:28.616,243.019,4.888
2025/10/05 08:34:29.964,243.467,4.888
2025/10/05 08:34:31.515,244.033,4.888
2025/10/05 08:34:32.909,244.497,4.888
2025/10/05 08:34:34.278,245.06,4.888
2025/10/05 08:34:36.845,229.039,4.284
2025/10/05 08:34:38.411,229.539,4.284
2025/10/05 08:34:39.783,229.981,4.284
2025/10/05 08:34:41.187,230.448,4.284
2025/10/05 08:34:42.791,231.017,4.284
2025/10/05 08:34:44.204,231.492,4.284
2025/10/05 08:34:45.570,232.008,4.284
2025/10/05 08:34:46.955,232.519,4.284
2025/10/05 08:34:48.536,232.981,4.284
2025/10/05 08:34:49.943,233.536,4.284
2025/10/05 08:34:51.311,233.956,4.284
2025/10/05 08:34:52.720,234.53,4.284
2025/10/05 08:34:54.100,234.983,4.284
2025/10/05 08:34:55.519,235.508,4.284
2025/10/05 08:34:56.928,235.969,4.284
2025/10/05 08:34:58.283,236.518,4.284
2025/10/05 08:34:59.668,237.024,4.284
2025/10/05 08:35:01.238,237.499,4.284
2025/10/05 08:35:02.613,238.01,4.284
2025/10/05 08:35:04.001,238.457,4.284
2025/10/05 08:35:05.346,239.045,4.284
2025/10/05 08:35:06.996,239.457,4.284
2025/10/05 08:35:08.378,240.015,4.284
2025/10/05 08:35:09.764,240.49,4.284
2025/10/05 08:35:11.338,241.05,4.284
2025/10/05 08:35:12.760,241.448,4.284
2025/10/05 08:35:14.129,242.014,4.284
2025/10/05 08:35:15.520,242.506,4.284
2025/10/05 08:35:16.904,243.022,4.284
2025/10/05 08:35:18.504,243.459,4.284
2025/10/05 08:35:19.859,243.975,4.284
2025/10/05 08:35:21.263,244.552,4.284
2025/10/05 08:35:22.844,245.002,4.284
2025/10/05 08:35:25.779,223.038,11.206
2025/10/05 08:35:27.405,223.939,11.206
2025/10/05 08:35:28.819,225.024,11.206
2025/10/05 08:35:30.263,225.977,11.206
2025/10/05 08:35:31.643,227.067,11.206
2025/10/05 08:35:33.268,227.996,11.206
2025/10/05 08:35:34.680,229.004,11.206
2025/10/05 08:35:36.132,230.006,11.206
2025/10/05 08:35:37.723,231.017,11.206
2025/10/05 08:35:39.170,231.992,11.206
2025/10/05 08:35:40.672,233.008,11.206
2025/10/05 08:35:42.268,233.956,11.206
2025/10/05 08:35:43.689,235.03,11.206
2025/10/05 08:35:45.168,235.928,11.206
2025/10/05 08:35:46.728,237.048,11.206
2025/10/05 08:35:48.192,237.949,11.206
2025/10/05 08:35:49.606,239.007,11.206
2025/10/05 08:35:51.247,240.001,11.206
2025/10/05 08:35:52.680,241.012,11.206
2025/10/05 08:35:54.146,242.022,11.206
2025/10/05 08:35:55.726,242.995,11.206
2025/10/05 08:35:57.159,244.047,11.206
2025/10/05 08:35:58.569,245.008,11.206
2025/10/05 08:36:00.237,246.016,11.206
2025/10/05 08:36:01.645,246.991,11.206
2025/10/05 08:36:03.067,247.98,11.206
2025/10/05 08:36:04.504,249.018,11.206
2025/10/05 08:36:06.115,250.012,11.206
2025/10/05 08:36:07.551,251.009,11.206
2025/10/05 08:36:10.440,227.062,6.781
2025/10/05 08:36:11.822,227.496,6.781
2025/10/05 08:36:13.192,228.029,6.781
2025/10/05 08:36:14.570,228.438,6.781
2025/10/05 08:36:15.935,228.99,6.781
2025/10/05 08:36:17.502,229.547,6.781
2025/10/05 08:36:18.871,229.957,6.781
2025/10/05 08:36:20.240,230.523,6.781
2025/10/05 08:36:21.850,231.053,6.781
2025/10/05 08:36:23.228,231.478,6.781
2025/10/05 08:36:24.601,232.014,6.781
2025/10/05 08:36:25.967,232.525,6.781
2025/10/05 08:36:27.353,232.961,6.781
2025/10/05 08:36:28.754,233.481,6.781
2025/10/05 08:36:30.098,234.013,6.781
2025/10/05 08:36:31.514,234.48,6.781
2025/10/05 08:36:32.910,234.956,6.781
2025/10/05 08:36:34.513,235.538,6.781
2025/10/05 08:36:35.854,236.035,6.781
2025/10/05 08:36:37.227,236.524,6.781
2025/10/05 08:36:38.846,236.982,6.781
2025/10/05 08:36:40.233,237.507,6.781
2025/10/05 08:36:41.639,237.999,6.781
2025/10/05 08:36:43.002,238.507,6.781
2025/10/05 08:36:44.587,239.053,6.781
2025/10/05 08:36:45.955,239.515,6.781
2025/10/05 08:36:47.330,239.938,6.781
2025/10/05 08:36:48.734,240.545,6.781
2025/10/05 08:36:50.098,241.042,6.781
2025/10/05 08:36:51.668,241.476,6.781
2025/10/05 08:36:53.037,242.014,6.781
2025/10/05 08:36:54.455,242.443,6.781
2025/10/05 08:36:55.801,243.066,6.781
2025/10/05 08:36:57.166,243.497,6.781
2025/10/05 08:36:58.713,243.989,6.781
2025/10/05 08:37:00.100,244.47,6.781
2025/10/05 08:37:01.481,245.035,6.781
2025/10/05 08:37:02.822,245.505,6.781
2025/10/05 08:37:04.460,245.969,6.781
2025/10/05 08:37:05.836,246.499,6.781
2025/10/05 08:37:07.202,247.024,6.781
2025/10/05 08:37:10.175,228.982,4.883
2025/10/05 08:37:11.530,229.487,4.883
2025/10/05 08:37:12.928,229.927,4.883
2025/10/05 08:37:14.321,230.498,4.883
2025/10/05 08:37:15.983,230.995,4.883
2025/10/05 08:37:17.379,231.514,4.883
2025/10/05 08:37:18.766,232.022,4.883
2025/10/05 08:37:20.110,232.497,4.883
2025/10/05 08:37:21.652,233.011,4.883
2025/10/05 08:37:23.016,233.538,4.883
2025/10/05 08:37:24.402,233.934,4.883
2025/10/05 08:37:25.792,234.472,4.883
2025/10/05 08:37:27.187,235.082,4.883
2025/10/05 08:37:28.866,235.475,4.883
2025/10/05 08:37:30.307,235.98,4.883
2025/10/05 08:37:31.746,236.507,4.883
2025/10/05 08:37:33.114,237.024,4.883
2025/10/05 08:37:34.706,237.397,4.883
2025/10/05 08:37:36.096,238.081,4.883
2025/10/05 08:37:37.487,238.471,4.883
2025/10/05 08:37:38.896,238.99,4.883
2025/10/05 08:37:40.463,239.515,4.883
2025/10/05 08:37:41.849,239.93,4.883
2025/10/05 08:37:43.253,240.517,4.883
2025/10/05 08:37:44.629,240.987,4.883
2025/10/05 08:37:45.984,241.52,4.883
2025/10/05 08:37:47.384,242.0,4.883
2025/10/05 08:37:48.763,242.531,4.883
2025/10/05 08:37:50.119,243.102,4.883
2025/10/05 08:37:51.676,243.426,4.883
2025/10/05 08:37:53.060,243.995,4.883
2025/10/05 08:37:54.456,244.569,4.883
2025/10/05 08:37:55.840,245.0,4.883
2025/10/05 08:37:58.476,229.045,4.284
2025/10/05 08:37:59.906,229.435,4.284
2025/10/05 08:38:01.247,230.08,4.284
2025/10/05 08:38:02.630,230.437,4.284
2025/10/05 08:38:04.249,231.088,4.284
2025/10/05 08:38:05.652,231.506,4.284
2025/10/05 08:38:07.054,231.984,4.284
2025/10/05 08:38:08.389,232.539,4.284
2025/10/05 08:38:09.967,232.915,4.284
2025/10/05 08:38:11.366,233.497,4.284
2025/10/05 08:38:12.723,234.03,4.284
2025/10/05 08:38:14.092,234.508,4.284
2025/10/05 08:38:15.677,234.964,4.284
2025/10/05 08:38:17.082,235.568,4.284
2025/10/05 08:38:18.456,235.969,4.284
2025/10/05 08:38:19.825,236.51,4.284
2025/10/05 08:38:21.183,237.035,4.284
2025/10/05 08:38:22.766,237.411,4.284
2025/10/05 08:38:24.163,237.993,4.284
2025/10/05 08:38:25.541,238.51,4.284
2025/10/05 08:38:26.923,239.009,4.284
2025/10/05 08:38:28.502,239.526,4.284
2025/10/05 08:38:29.865,239.993,4.284
2025/10/05 08:38:31.255,240.523,4.284
2025/10/05 08:38:32.833,240.995,4.284
2025/10/05 08:38:34.225,241.503,4.284
2025/10/05 08:38:35.612,242.017,4.284
2025/10/05 08:38:36.967,242.5,4.284
2025/10/05 08:38:38.334,243.08,4.284
2025/10/05 08:38:39.823,243.473,4.284
2025/10/05 08:38:41.230,244.022,4.284
2025/10/05 08:38:42.605,244.483,4.284
2025/10/05 08:38:43.974,244.983,4.284
2025/10/05 08:38:47.171,223.038,11.206
2025/10/05 08:38:48.559,223.944,11.206
2025/10/05 08:38:50.164,224.98,11.206
2025/10/05 08:38:51.587,226.002,11.206
2025/10/05 08:38:53.041,226.988,11.206
2025/10/05 08:38:54.624,227.993,11.206
2025/10/05 08:38:56.046,228.976,11.206
2025/10/05 08:38:57.475,230.014,11.206
2025/10/05 08:38:58.885,231.011,11.206
2025/10/05 08:39:00.532,231.992,11.206
2025/10/05 08:39:01.948,233.049,11.206
2025/10/05 08:39:03.361,233.986,11.206
2025/10/05 08:39:04.960,234.997,11.206
2025/10/05 08:39:06.398,235.988,11.206
2025/10/05 08:39:07.816,237.01,11.206
2025/10/05 08:39:09.437,237.993,11.206
2025/10/05 08:39:10.845,239.015,11.206
2025/10/05 08:39:12.290,239.976,11.206
2025/10/05 08:39:13.906,241.028,11.206
2025/10/05 08:39:15.328,241.987,11.206
2025/10/05 08:39:16.742,243.022,11.206
2025/10/05 08:39:18.163,243.964,11.206
2025/10/05 08:39:19.656,245.005,11.206
2025/10/05 08:39:21.059,246.027,11.206
2025/10/05 08:39:22.493,246.991,11.206
2025/10/05 08:39:24.084,247.999,11.206
2025/10/05 08:39:25.526,249.034,11.206
2025/10/05 08:39:26.954,249.971,11.206
2025/10/05 08:39:28.377,250.998,11.206
2025/10/05 08:39:31.462,227.004,6.781
2025/10/05 08:39:32.856,227.438,6.781
2025/10/05 08:39:34.446,227.987,6.781
2025/10/05 08:39:35.819,228.542,6.781
2025/10/05 08:39:37.213,229.026,6.781
2025/10/05 08:39:38.565,229.523,6.781
2025/10/05 08:39:40.131,230.001,6.781
2025/10/05 08:39:41.547,230.49,6.781
2025/10/05 08:39:42.899,231.05,6.781
2025/10/05 08:39:44.248,231.492,6.781
2025/10/05 08:39:45.910,231.967,6.781
2025/10/05 08:39:47.311,232.508,6.781
2025/10/05 08:39:48.689,232.961,6.781
2025/10/05 08:39:50.069,233.456,6.781
2025/10/05 08:39:51.472,234.005,6.781
2025/10/05 08:39:52.860,234.629,6.781
2025/10/05 08:39:54.213,234.947,6.781
2025/10/05 08:39:55.608,235.552,6.781
2025/10/05 08:39:56.965,235.988,6.781
2025/10/05 08:39:58.520,236.485,6.781
2025/10/05 08:39:59.941,236.985,6.781
2025/10/05 08:40:01.321,237.471,6.781
2025/10/05 08:40:02.907,238.026,6.781
2025/10/05 08:40:04.303,238.532,6.781
2025/10/05 08:40:05.663,238.941,6.781
2025/10/05 08:40:07.063,239.518,6.781
2025/10/05 08:40:08.432,240.009,6.781
2025/10/05 08:40:09.847,240.512,6.781
2025/10/05 08:40:11.240,241.003,6.781
2025/10/05 08:40:12.595,241.462,6.781
2025/10/05 08:40:13.979,242.033,6.781
2025/10/05 08:40:15.570,242.528,6.781
2025/10/05 08:40:16.965,242.981,6.781
2025/10/05 08:40:18.334,243.539,6.781
2025/10/05 08:40:19.900,243.956,6.781
2025/10/05 08:40:21.286,244.489,6.781
2025/10/05 08:40:22.651,244.992,6.781
2025/10/05 08:40:24.044,245.535,6.781
2025/10/05 08:40:25.441,245.931,6.781
2025/10/05 08:40:27.058,246.508,6.781
2025/10/05 08:40:28.457,246.999,6.781
2025/10/05 08:40:31.511,229.026,4.883
2025/10/05 08:40:32.889,229.473,4.883
2025/10/05 08:40:34.260,230.056,4.883
2025/10/05 08:40:35.619,230.503,4.883
2025/10/05 08:40:37.251,231.006,4.883
2025/10/05 08:40:38.631,231.465,4.883
2025/10/05 08:40:40.010,231.992,4.883
2025/10/05 08:40:41.374,232.511,4.883
2025/10/05 08:40:42.865,233.005,4.883
2025/10/05 08:40:44.257,233.486,4.883
2025/10/05 08:40:45.609,234.027,4.883
2025/10/05 08:40:46.996,234.461,4.883
2025/10/05 08:40:48.528,234.988,4.883
2025/10/05 08:40:49.947,235.505,4.883
2025/10/05 08:40:51.320,236.007,4.883
2025/10/05 08:40:52.972,236.452,4.883
2025/10/05 08:40:54.353,237.015,4.883
2025/10/05 08:40:55.739,237.535,4.883
2025/10/05 08:40:57.111,237.977,4.883
2025/10/05 08:40:58.674,238.504,4.883
2025/10/05 08:41:00.078,239.064,4.883
2025/10/05 08:41:01.455,239.529,4.883
2025/10/05 08:41:02.821,239.993,4.883
2025/10/05 08:41:04.211,240.473,4.883
2025/10/05 08:41:05.784,240.987,4.883
2025/10/05 08:41:07.142,241.501,4.883
2025/10/05 08:41:08.530,242.031,4.883
2025/10/05 08:41:09.907,242.478,4.883
2025/10/05 08:41:11.266,242.984,4.883
2025/10/05 08:41:12.847,243.495,4.883
2025/10/05 08:41:14.203,243.997,4.883
2025/10/05 08:41:15.561,244.503,4.883
2025/10/05 08:41:16.945,244.989,4.883
2025/10/05 08:41:19.884,229.015,4.287
2025/10/05 08:41:21.310,229.402,4.287
2025/10/05 08:41:22.716,230.023,4.287
2025/10/05 08:41:24.070,230.498,4.287
2025/10/05 08:41:25.470,231.031,4.287
2025/10/05 08:41:26.840,231.544,4.287
2025/10/05 08:41:28.195,232.008,4.287
2025/10/05 08:41:29.798,232.453,4.287
2025/10/05 08:41:31.170,233.027,4.287
2025/10/05 08:41:32.562,233.459,4.287
2025/10/05 08:41:33.921,234.066,4.287
2025/10/05 08:41:35.256,234.642,4.287
2025/10/05 08:41:36.647,234.898,4.287
2025/10/05 08:41:38.026,235.483,4.287
2025/10/05 08:41:39.383,236.032,4.287
2025/10/05 08:41:40.747,236.532,4.287
2025/10/05 08:41:42.315,236.999,4.287
2025/10/05 08:41:43.716,237.463,4.287
2025/10/05 08:41:45.076,237.969,4.287
2025/10/05 08:41:46.439,238.485,4.287
2025/10/05 08:41:48.012,239.034,4.287
2025/10/05 08:41:49.389,239.548,4.287
2025/10/05 08:41:50.753,239.965,4.287
2025/10/05 08:41:52.111,240.501,4.287
2025/10/05 08:41:53.490,241.023,4.287
2025/10/05 08:41:54.900,241.49,4.287
2025/10/05 08:41:56.269,241.984,4.287
2025/10/05 08:41:57.659,242.517,4.287
2025/10/05 08:41:59.025,243.127,4.287
2025/10/05 08:42:00.602,243.437,4.287
2025/10/05 08:42:01.999,244.052,4.287
2025/10/05 08:42:03.348,244.459,4.287
2025/10/05 08:42:04.908,245.041,4.287
2025/10/05 08:42:07.787,223.03,11.206
2025/10/05 08:42:09.201,223.947,11.206
2025/10/05 08:42:10.679,225.01,11.206
2025/10/05 08:42:12.075,226.046,11.206
2025/10/05 08:42:13.505,227.01,11.206
2025/10/05 08:42:15.118,227.927,11.206
2025/10/05 08:42:16.631,229.042,11.206
2025/10/05 08:42:18.014,229.935,11.206
2025/10/05 08:42:19.423,231.028,11.206
2025/10/05 08:42:20.907,232.033,11.206
2025/10/05 08:42:22.329,232.989,11.206
2025/10/05 08:42:23.755,233.961,11.206
2025/10/05 08:42:25.365,235.019,11.206
2025/10/05 08:42:26.807,235.994,11.206
2025/10/05 08:42:28.226,236.985,11.206
2025/10/05 08:42:29.639,237.996,11.206
2025/10/05 08:42:31.246,239.031,11.206
2025/10/05 08:42:32.648,240.009,11.206
2025/10/05 08:42:34.075,240.995,11.206
2025/10/05 08:42:35.541,242.02,11.206
2025/10/05 08:42:36.941,242.989,11.206
2025/10/05 08:42:38.452,243.937,11.206
2025/10/05 08:42:39.872,244.983,11.206
2025/10/05 08:42:41.467,246.016,11.206
2025/10/05 08:42:42.880,246.961,11.206
2025/10/05 08:42:44.280,247.991,11.206
2025/10/05 08:42:45.680,249.013,11.206
2025/10/05 08:42:47.305,250.111,11.206
2025/10/05 08:42:48.695,250.908,11.206
2025/10/05 08:42:51.633,227.048,6.784
2025/10/05 08:42:53.007,227.455,6.784
2025/10/05 08:42:54.388,228.004,6.784
2025/10/05 08:42:55.766,228.479,6.784
2025/10/05 08:42:57.408,229.089,6.784
2025/10/05 08:42:58.793,229.49,6.784
2025/10/05 08:43:00.200,229.968,6.784
2025/10/05 08:43:01.789,230.506,6.784
2025/10/05 08:43:03.169,231.08,6.784
2025/10/05 08:43:04.529,231.451,6.784
2025/10/05 08:43:05.914,231.97,6.784
2025/10/05 08:43:07.320,232.484,6.784
2025/10/05 08:43:08.874,233.052,6.784
2025/10/05 08:43:10.246,233.448,6.784
2025/10/05 08:43:11.614,234.008,6.784
2025/10/05 08:43:13.198,234.519,6.784
2025/10/05 08:43:14.591,234.972,6.784
2025/10/05 08:43:17.023,235.494,6.784
2025/10/05 08:43:18.391,236.043,6.784
2025/10/05 08:43:20.020,236.54,6.784
2025/10/05 08:43:21.403,237.01,6.784
2025/10/05 08:43:22.786,237.521,6.784
2025/10/05 08:43:24.154,237.977,6.784
2025/10/05 08:43:25.499,238.628,6.784
2025/10/05 08:43:26.917,238.872,6.784
2025/10/05 08:43:28.315,239.482,6.784
2025/10/05 08:43:29.715,240.031,6.784
2025/10/05 08:43:31.132,240.523,6.784
2025/10/05 08:43:32.761,241.023,6.784
2025/10/05 08:43:34.142,241.498,6.784
2025/10/05 08:43:35.492,241.995,6.784
2025/10/05 08:43:37.098,242.434,6.784
2025/10/05 08:43:38.492,242.954,6.784
2025/10/05 08:43:39.904,243.522,6.784
2025/10/05 08:43:41.282,244.011,6.784
2025/10/05 08:43:42.873,244.505,6.784
2025/10/05 08:43:44.229,245.016,6.784
2025/10/05 08:43:45.619,245.505,6.784
2025/10/05 08:43:46.996,246.021,6.784
2025/10/05 08:43:48.556,246.505,6.784
2025/10/05 08:43:49.934,247.002,6.784
2025/10/05 08:43:52.703,229.059,4.886
2025/10/05 08:43:54.327,229.451,4.886
2025/10/05 08:43:55.708,230.001,4.886
2025/10/05 08:43:57.059,230.555,4.886
2025/10/05 08:43:58.401,230.995,4.886
2025/10/05 08:43:59.931,231.478,4.886
2025/10/05 08:44:01.291,232.011,4.886
2025/10/05 08:44:02.672,232.577,4.886
2025/10/05 08:44:04.036,232.959,4.886
2025/10/05 08:44:05.640,233.527,4.886
2025/10/05 08:44:07.053,234.044,4.886
2025/10/05 08:44:08.418,234.519,4.886
2025/10/05 08:44:09.789,235.005,4.886
2025/10/05 08:44:11.358,235.466,4.886
2025/10/05 08:44:12.744,236.005,4.886
2025/10/05 08:44:14.130,236.477,4.886
2025/10/05 08:44:15.491,236.974,4.886
2025/10/05 08:44:17.106,237.535,4.886
2025/10/05 08:44:18.498,237.974,4.886
2025/10/05 08:44:19.862,238.479,4.886
2025/10/05 08:44:21.265,238.987,4.886
2025/10/05 08:44:22.662,239.537,4.886
2025/10/05 08:44:24.081,240.001,4.886
2025/10/05 08:44:25.459,240.515,4.886
2025/10/05 08:44:26.814,240.987,4.886
2025/10/05 08:44:28.419,241.385,4.886
2025/10/05 08:44:29.810,242.091,4.886
2025/10/05 08:44:31.203,242.448,4.886
2025/10/05 08:44:32.550,242.984,4.886
2025/10/05 08:44:34.121,243.503,4.886
2025/10/05 08:44:35.497,243.964,4.886
2025/10/05 08:44:36.867,244.525,4.886
2025/10/05 08:44:38.242,245.016,4.886
2025/10/05 08:44:41.137,229.042,4.287
2025/10/05 08:44:42.514,229.462,4.287
2025/10/05 08:44:43.955,229.979,4.287
2025/10/05 08:44:45.324,230.539,4.287
2025/10/05 08:44:46.703,230.973,4.287
2025/10/05 08:44:48.092,231.558,4.287
2025/10/05 08:44:49.424,231.967,4.287
2025/10/05 08:44:50.800,232.497,4.287
2025/10/05 08:44:52.434,233.008,4.287
2025/10/05 08:44:53.816,233.464,4.287
2025/10/05 08:44:55.209,234.011,4.287
2025/10/05 08:44:56.574,234.464,4.287
2025/10/05 08:44:58.151,235.002,4.287
2025/10/05 08:44:59.528,235.535,4.287
2025/10/05 08:45:00.896,235.98,4.287
2025/10/05 08:45:02.272,236.529,4.287
2025/10/05 08:45:03.840,236.966,4.287
2025/10/05 08:45:05.254,237.502,4.287
2025/10/05 08:45:06.628,237.966,4.287
2025/10/05 08:45:08.000,238.518,4.287
2025/10/05 08:45:09.643,238.957,4.287
2025/10/05 08:45:11.029,239.518,4.287
2025/10/05 08:45:12.383,240.053,4.287
2025/10/05 08:45:13.744,240.534,4.287
2025/10/05 08:45:15.113,240.998,4.287
2025/10/05 08:45:16.682,241.52,4.287
2025/10/05 08:45:18.041,241.989,4.287
2025/10/05 08:45:19.506,242.525,4.287
2025/10/05 08:45:21.066,243.099,4.287
2025/10/05 08:45:22.457,243.352,4.287
2025/10/05 08:45:23.825,244.019,4.287
2025/10/05 08:45:25.204,244.555,4.287
2025/10/05 08:45:26.648,245.03,4.287
2025/10/05 08:45:29.575,223.016,11.206
2025/10/05 08:45:31.223,223.961,11.206
2025/10/05 08:45:32.674,225.021,11.206
2025/10/05 08:45:34.080,226.004,11.206
2025/10/05 08:45:35.495,226.966,11.206
2025/10/05 08:45:37.188,227.982,11.206
2025/10/05 08:45:38.608,229.059,11.206
2025/10/05 08:45:40.007,229.97,11.206
2025/10/05 08:45:41.654,231.011,11.206
2025/10/05 08:45:43.073,232.028,11.206
2025/10/05 08:45:44.459,233.014,11.206
2025/10/05 08:45:46.062,233.98,11.206
2025/10/05 08:45:47.483,235.021,11.206
2025/10/05 08:45:48.895,236.029,11.206
2025/10/05 08:45:50.291,236.982,11.206
2025/10/05 08:45:51.924,238.023,11.206
2025/10/05 08:45:53.330,239.048,11.206
2025/10/05 08:45:54.792,239.93,11.206
2025/10/05 08:45:56.430,240.998,11.206
2025/10/05 08:45:57.850,242.0,11.206
2025/10/05 08:45:59.296,242.997,11.206
2025/10/05 08:46:00.715,244.003,11.206
2025/10/05 08:46:02.308,245.002,11.206
2025/10/05 08:46:03.762,245.986,11.206
2025/10/05 08:46:05.171,246.986,11.206
2025/10/05 08:46:06.593,248.018,11.206
2025/10/05 08:46:08.018,249.002,11.206
2025/10/05 08:46:09.438,250.001,11.206
2025/10/05 08:46:10.951,251.039,11.206
2025/10/05 08:46:14.230,227.034,6.781
2025/10/05 08:46:15.621,227.441,6.781
2025/10/05 08:46:17.014,228.037,6.781
2025/10/05 08:46:18.670,228.52,6.781
2025/10/05 08:46:20.087,228.916,6.781
2025/10/05 08:46:21.453,229.558,6.781
2025/10/05 08:46:23.019,229.959,6.781
2025/10/05 08:46:24.408,230.544,6.781
2025/10/05 08:46:25.769,231.053,6.781
2025/10/05 08:46:27.146,231.481,6.781
2025/10/05 08:46:28.511,232.033,6.781
2025/10/05 08:46:30.030,232.486,6.781
2025/10/05 08:46:31.371,233.027,6.781
2025/10/05 08:46:32.749,233.478,6.781
2025/10/05 08:46:34.157,234.016,6.781
2025/10/05 08:46:35.732,234.497,6.781
2025/10/05 08:46:37.123,235.021,6.781
2025/10/05 08:46:38.487,235.488,6.781
2025/10/05 08:46:40.093,236.007,6.781
2025/10/05 08:46:41.476,236.521,6.781
2025/10/05 08:46:42.851,236.969,6.781
2025/10/05 08:46:44.241,237.504,6.781
2025/10/05 08:46:45.597,238.045,6.781
2025/10/05 08:46:47.143,238.471,6.781
2025/10/05 08:46:48.522,239.012,6.781
2025/10/05 08:46:49.909,239.474,6.781
2025/10/05 08:46:51.298,240.028,6.781
2025/10/05 08:46:52.709,240.517,6.781
2025/10/05 08:46:54.113,241.014,6.781
2025/10/05 08:46:55.462,241.495,6.781
2025/10/05 08:46:56.835,241.995,6.781
2025/10/05 08:46:58.430,242.503,6.781
2025/10/05 08:46:59.851,242.976,6.781
2025/10/05 08:47:01.276,243.539,6.781
2025/10/05 08:47:02.839,244.025,6.781
2025/10/05 08:47:04.281,244.481,6.781
2025/10/05 08:47:05.649,245.008,6.781
2025/10/05 08:47:07.044,245.447,6.781
2025/10/05 08:47:08.634,246.049,6.781
2025/10/05 08:47:10.016,246.543,6.781
2025/10/05 08:47:11.428,247.018,6.781
2025/10/05 08:47:14.264,229.07,4.886
2025/10/05 08:47:15.652,229.465,4.886
2025/10/05 08:47:17.061,229.959,4.886
2025/10/05 08:47:18.419,230.487,4.886
2025/10/05 08:47:19.981,231.094,4.886
2025/10/05 08:47:21.358,231.514,4.886
2025/10/05 08:47:22.734,231.97,4.886
2025/10/05 08:47:24.104,232.495,4.886
2025/10/05 08:47:25.719,232.994,4.886
2025/10/05 08:47:27.095,233.538,4.886
2025/10/05 08:47:28.468,233.961,4.886
2025/10/05 08:47:29.841,234.563,4.886
2025/10/05 08:47:31.196,234.873,4.886
2025/10/05 08:47:32.769,235.513,4.886
2025/10/05 08:47:34.150,235.996,4.886
2025/10/05 08:47:35.516,236.527,4.886
2025/10/05 08:47:37.087,236.971,4.886
2025/10/05 08:47:38.493,237.526,4.886
2025/10/05 08:47:39.856,238.04,4.886
2025/10/05 08:47:41.225,238.482,4.886
2025/10/05 08:47:42.648,239.007,4.886
2025/10/05 08:47:44.234,239.496,4.886
2025/10/05 08:47:45.659,240.056,4.886
2025/10/05 08:47:47.010,240.454,4.886
2025/10/05 08:47:48.397,241.067,4.886
2025/10/05 08:47:49.803,241.52,4.886
2025/10/05 08:47:51.198,241.979,4.886
2025/10/05 08:47:52.547,242.509,4.886
2025/10/05 08:47:53.925,243.014,4.886
2025/10/05 08:47:55.500,243.519,4.886
2025/10/05 08:47:56.926,243.992,4.886
2025/10/05 08:47:58.295,244.503,4.886
2025/10/05 08:47:59.870,245.057,4.886
2025/10/05 08:48:02.495,229.028,4.284
2025/10/05 08:48:03.898,229.484,4.284
2025/10/05 08:48:05.267,230.025,4.284
2025/10/05 08:48:06.658,230.495,4.284
2025/10/05 08:48:08.241,231.003,4.284
2025/10/05 08:48:09.646,231.498,4.284
2025/10/05 08:48:11.017,231.997,4.284
2025/10/05 08:48:12.376,232.506,4.284
2025/10/05 08:48:13.927,233.044,4.284
2025/10/05 08:48:15.326,233.442,4.284
2025/10/05 08:48:16.680,234.011,4.284
2025/10/05 08:48:18.038,234.486,4.284
2025/10/05 08:48:19.415,235.002,4.284
2025/10/05 08:48:21.006,235.53,4.284
2025/10/05 08:48:22.373,235.947,4.284
2025/10/05 08:48:23.759,236.524,4.284
2025/10/05 08:48:25.132,237.002,4.284
2025/10/05 08:48:26.708,237.485,4.284
2025/10/05 08:48:28.110,237.936,4.284
2025/10/05 08:48:29.464,238.567,4.284
2025/10/05 08:48:31.058,238.949,4.284
2025/10/05 08:48:32.442,239.476,4.284
2025/10/05 08:48:33.840,239.998,4.284
2025/10/05 08:48:35.233,240.506,4.284
2025/10/05 08:48:36.624,240.976,4.284
2025/10/05 08:48:38.052,241.55,4.284
2025/10/05 08:48:39.424,241.968,4.284
2025/10/05 08:48:40.814,242.492,4.284
2025/10/05 08:48:42.172,242.984,4.284
2025/10/05 08:48:43.748,243.525,4.284
2025/10/05 08:48:45.132,244.06,4.284
2025/10/05 08:48:46.497,244.464,4.284
2025/10/05 08:48:48.092,245.0,4.284
2025/10/05 08:48:51.030,223.057,11.208
2025/10/05 08:48:52.654,223.95,11.208
2025/10/05 08:48:54.079,224.983,11.208
2025/10/05 08:48:55.498,226.081,11.208
2025/10/05 08:48:57.057,226.977,11.208
2025/10/05 08:48:58.489,228.034,11.208
2025/10/05 08:48:59.902,228.976,11.208
2025/10/05 08:49:01.543,229.981,11.208
2025/10/05 08:49:02.986,231.006,11.208
2025/10/05 08:49:04.439,232.006,11.208
2025/10/05 08:49:06.102,233.104,11.208
2025/10/05 08:49:07.508,233.986,11.208
2025/10/05 08:49:08.923,234.98,11.208
2025/10/05 08:49:10.351,236.029,11.208
2025/10/05 08:49:11.978,237.002,11.208
2025/10/05 08:49:13.399,238.004,11.208
2025/10/05 08:49:14.818,238.998,11.208
2025/10/05 08:49:16.241,239.998,11.208
2025/10/05 08:49:17.846,240.998,11.208
2025/10/05 08:49:19.303,241.995,11.208
2025/10/05 08:49:20.717,243.025,11.208
2025/10/05 08:49:22.393,244.005,11.208
2025/10/05 08:49:23.827,244.983,11.208
2025/10/05 08:49:25.261,246.03,11.208
2025/10/05 08:49:26.880,247.016,11.208
2025/10/05 08:49:28.313,247.977,11.208
2025/10/05 08:49:29.710,249.04,11.208
2025/10/05 08:49:31.128,250.015,11.208
2025/10/05 08:49:32.716,250.96,11.208
2025/10/05 08:49:35.552,227.043,6.784
2025/10/05 08:49:37.083,227.424,6.784
2025/10/05 08:49:38.467,228.031,6.784
2025/10/05 08:49:39.945,228.438,6.784
2025/10/05 08:49:41.316,229.012,6.784
2025/10/05 08:49:42.761,229.556,6.784
2025/10/05 08:49:44.197,229.987,6.784
2025/10/05 08:49:45.570,230.457,6.784
2025/10/05 08:49:46.950,231.042,6.784
2025/10/05 08:49:48.541,231.489,6.784
2025/10/05 08:49:49.928,232.011,6.784
2025/10/05 08:49:51.320,232.517,6.784
2025/10/05 08:49:52.683,233.003,6.784
2025/10/05 08:49:54.057,233.53,6.784
2025/10/05 08:49:55.611,233.991,6.784
2025/10/05 08:49:56.983,234.472,6.784
2025/10/05 08:49:58.398,235.01,6.784
2025/10/05 08:49:59.964,235.532,6.784
2025/10/05 08:50:01.346,235.983,6.784
2025/10/05 08:50:02.728,236.51,6.784
2025/10/05 08:50:04.095,237.004,6.784
2025/10/05 08:50:05.463,237.524,6.784
2025/10/05 08:50:06.849,237.988,6.784
2025/10/05 08:50:08.303,238.51,6.784
2025/10/05 08:50:09.684,239.02,6.784
2025/10/05 08:50:11.047,239.463,6.784
2025/10/05 08:50:12.633,240.028,6.784
2025/10/05 08:50:13.997,240.493,6.784
2025/10/05 08:50:15.378,241.034,6.784
2025/10/05 08:50:16.712,241.495,6.784
2025/10/05 08:50:18.313,242.025,6.784
2025/10/05 08:50:19.677,242.492,6.784
2025/10/05 08:50:21.055,242.987,6.784
2025/10/05 08:50:22.462,243.552,6.784
2025/10/05 08:50:24.038,243.989,6.784
2025/10/05 08:50:25.435,244.5,6.784
2025/10/05 08:50:26.779,244.964,6.784
2025/10/05 08:50:28.140,245.5,6.784
2025/10/05 08:50:29.722,246.019,6.784
2025/10/05 08:50:31.119,246.48,6.784
2025/10/05 08:50:32.511,247.016,6.784
2025/10/05 08:50:35.362,229.037,4.883
2025/10/05 08:50:36.721,229.49,4.883
2025/10/05 08:50:38.090,230.009,4.883
2025/10/05 08:50:39.447,230.503,4.883
2025/10/05 08:50:41.035,230.959,4.883
2025/10/05 08:50:42.429,231.566,4.883
2025/10/05 08:50:43.801,232.019,4.883
2025/10/05 08:50:45.179,232.506,4.883
2025/10/05 08:50:46.753,233.025,4.883
2025/10/05 08:50:48.163,233.448,4.883
2025/10/05 08:50:49.531,234.019,4.883
2025/10/05 08:50:50.863,234.579,4.883
2025/10/05 08:50:52.479,235.024,4.883
2025/10/05 08:50:53.864,235.475,4.883
2025/10/05 08:50:55.238,236.035,4.883
2025/10/05 08:50:56.626,236.581,4.883
2025/10/05 08:50:58.223,237.021,4.883
2025/10/05 08:50:59.584,237.502,4.883
2025/10/05 08:51:00.961,237.96,4.883
2025/10/05 08:51:02.347,238.521,4.883
2025/10/05 08:51:03.831,238.963,4.883
2025/10/05 08:51:05.238,239.498,4.883
2025/10/05 08:51:06.605,240.064,4.883
2025/10/05 08:51:08.007,240.476,4.883
2025/10/05 08:51:09.588,241.031,4.883
2025/10/05 08:51:10.990,241.514,4.883
2025/10/05 08:51:12.647,242.061,4.883
2025/10/05 08:51:14.200,242.432,4.883
2025/10/05 08:51:15.619,242.997,4.883
2025/10/05 08:51:17.035,243.533,4.883
2025/10/05 08:51:18.391,244.014,4.883
2025/10/05 08:51:19.992,244.536,4.883
2025/10/05 08:51:21.387,244.989,4.883
2025/10/05 08:51:23.955,229.037,4.29
2025/10/05 08:51:25.543,229.391,4.29
2025/10/05 08:51:27.017,230.025,4.29
2025/10/05 08:51:28.393,230.514,4.29
2025/10/05 08:51:29.741,230.989,4.29
2025/10/05 08:51:31.116,231.533,4.29
2025/10/05 08:51:32.687,231.929,4.29
2025/10/05 08:51:34.058,232.511,4.29
2025/10/05 08:51:35.439,233.005,4.29
2025/10/05 08:51:36.974,233.442,4.29
2025/10/05 08:51:38.443,234.016,4.29
2025/10/05 08:51:39.790,234.502,4.29
2025/10/05 08:51:41.179,235.156,4.29
2025/10/05 08:51:42.522,235.422,4.29
2025/10/05 08:51:44.117,235.985,4.29
2025/10/05 08:51:45.505,236.494,4.29
2025/10/05 08:51:46.909,237.013,4.29
2025/10/05 08:51:48.339,237.521,4.29
2025/10/05 08:51:49.912,238.062,4.29
2025/10/05 08:51:51.355,238.518,4.29
2025/10/05 08:51:52.691,238.985,4.29
2025/10/05 08:51:54.278,239.509,4.29
2025/10/05 08:51:55.645,240.067,4.29
2025/10/05 08:51:57.026,240.432,4.29
2025/10/05 08:51:58.391,241.02,4.29
2025/10/05 08:51:59.791,241.503,4.29
2025/10/05 08:52:01.165,242.025,4.29
2025/10/05 08:52:02.542,242.451,4.29
2025/10/05 08:52:03.929,243.025,4.29
2025/10/05 08:52:05.353,243.492,4.29
2025/10/05 08:52:06.999,244.066,4.29
2025/10/05 08:52:08.408,244.478,4.29
2025/10/05 08:52:09.772,245.035,4.29
2025/10/05 08:52:12.893,223.033,11.211
2025/10/05 08:52:14.324,223.925,11.211
2025/10/05 08:52:15.743,225.007,11.211
2025/10/05 08:52:17.363,226.037,11.211
2025/10/05 08:52:18.763,227.001,11.211
2025/10/05 08:52:20.255,228.018,11.211
2025/10/05 08:52:21.902,229.001,11.211
2025/10/05 08:52:23.341,229.981,11.211
2025/10/05 08:52:24.741,231.069,11.211
2025/10/05 08:52:26.451,232.019,11.211
2025/10/05 08:52:27.878,232.95,11.211
2025/10/05 08:52:29.812,234.066,11.211
2025/10/05 08:52:31.248,234.972,11.211
2025/10/05 08:52:32.695,235.994,11.211
2025/10/05 08:52:34.299,237.021,11.211
2025/10/05 08:52:35.727,237.971,11.211
2025/10/05 08:52:37.119,239.023,11.211
2025/10/05 08:52:38.542,240.05,11.211
2025/10/05 08:52:40.120,240.987,11.211
2025/10/05 08:52:41.578,241.965,11.211
2025/10/05 08:52:42.990,243.006,11.211
2025/10/05 08:52:44.567,244.049,11.211
2025/10/05 08:52:45.987,245.005,11.211
2025/10/05 08:52:47.366,246.104,11.211
2025/10/05 08:52:48.751,246.95,11.211
2025/10/05 08:52:50.343,247.966,11.211
2025/10/05 08:52:51.790,249.013,11.211
2025/10/05 08:52:53.239,250.034,11.211
2025/10/05 08:52:54.839,250.941,11.211
2025/10/05 08:52:57.640,227.004,6.784
2025/10/05 08:52:59.262,227.452,6.784
2025/10/05 08:53:00.677,227.985,6.784
2025/10/05 08:53:02.044,228.534,6.784
2025/10/05 08:53:03.426,228.998,6.784
2025/10/05 08:53:04.825,229.523,6.784
2025/10/05 08:53:06.188,229.954,6.784
2025/10/05 08:53:07.576,230.517,6.784
2025/10/05 08:53:08.955,230.981,6.784
2025/10/05 08:53:10.323,231.531,6.784
2025/10/05 08:53:11.899,231.997,6.784
2025/10/05 08:53:13.254,232.484,6.784
2025/10/05 08:53:15.056,232.989,6.784
2025/10/05 08:53:16.427,233.508,6.784
2025/10/05 08:53:17.823,233.942,6.784
2025/10/05 08:53:19.204,234.563,6.784
2025/10/05 08:53:20.815,235.057,6.784
2025/10/05 08:53:22.178,235.472,6.784
2025/10/05 08:53:23.584,235.947,6.784
2025/10/05 08:53:25.184,236.549,6.784
2025/10/05 08:53:26.576,236.996,6.784
2025/10/05 08:53:27.975,237.504,6.784
2025/10/05 08:53:29.384,238.026,6.784
2025/10/05 08:53:31.002,238.482,6.784
2025/10/05 08:53:32.400,239.051,6.784
2025/10/05 08:53:33.724,239.487,6.784
2025/10/05 08:53:35.088,239.99,6.784
2025/10/05 08:53:36.460,240.542,6.784
2025/10/05 08:53:38.045,240.94,6.784
2025/10/05 08:53:39.499,241.498,6.784
2025/10/05 08:53:40.872,242.028,6.784
2025/10/05 08:53:42.246,242.459,6.784
2025/10/05 08:53:43.871,243.08,6.784
2025/10/05 08:53:45.225,243.382,6.784
2025/10/05 08:53:46.619,243.97,6.784
2025/10/05 08:53:47.976,244.486,6.784
2025/10/05 08:53:49.362,245.046,6.784
2025/10/05 08:53:50.927,245.469,6.784
2025/10/05 08:53:52.308,246.016,6.784
2025/10/05 08:53:53.686,246.439,6.784
2025/10/05 08:53:55.059,247.008,6.784
2025/10/05 08:53:58.073,229.028,4.886
2025/10/05 08:53:59.443,229.476,4.886
2025/10/05 08:54:00.834,230.009,4.886
2025/10/05 08:54:02.404,230.547,4.886
2025/10/05 08:54:03.802,231.025,4.886
2025/10/05 08:54:05.137,231.558,4.886
2025/10/05 08:54:06.532,231.912,4.886
2025/10/05 08:54:08.090,232.528,4.886
2025/10/05 08:54:09.509,232.972,4.886
2025/10/05 08:54:10.899,233.492,4.886
2025/10/05 08:54:12.292,234.024,4.886
2025/10/05 08:54:13.870,234.467,4.886
2025/10/05 08:54:15.271,235.098,4.886
2025/10/05 08:54:16.625,235.442,4.886
2025/10/05 08:54:17.992,236.005,4.886
2025/10/05 08:54:19.578,236.502,4.886
2025/10/05 08:54:20.954,237.062,4.886
2025/10/05 08:54:22.317,237.463,4.886
2025/10/05 08:54:23.722,237.947,4.886
2025/10/05 08:54:25.198,238.518,4.886
2025/10/05 08:54:26.582,238.996,4.886
2025/10/05 08:54:27.965,239.559,4.886
2025/10/05 08:54:29.328,239.938,4.886
2025/10/05 08:54:30.921,240.542,4.886
2025/10/05 08:54:32.311,240.982,4.886
2025/10/05 08:54:33.688,241.528,4.886
2025/10/05 08:54:35.049,241.989,4.886
2025/10/05 08:54:36.391,242.544,4.886
2025/10/05 08:54:37.958,243.019,4.886
2025/10/05 08:54:39.335,243.484,4.886
2025/10/05 08:54:40.735,243.923,4.886
2025/10/05 08:54:42.111,244.511,4.886
2025/10/05 08:54:43.719,245.005,4.886
2025/10/05 08:54:46.242,229.042,4.29
2025/10/05 08:54:47.616,229.531,4.29
2025/10/05 08:54:49.002,229.916,4.29
2025/10/05 08:54:50.564,230.473,4.29
2025/10/05 08:54:51.962,231.0,4.29
2025/10/05 08:54:53.327,231.539,4.29
2025/10/05 08:54:54.713,231.984,4.29
2025/10/05 08:54:56.418,232.409,4.29
2025/10/05 08:54:57.782,232.997,4.29
2025/10/05 08:54:59.176,233.514,4.29
2025/10/05 08:55:00.589,234.041,4.29
2025/10/05 08:55:02.151,234.513,4.29
2025/10/05 08:55:03.564,234.966,4.29
2025/10/05 08:55:05.001,235.475,4.29
2025/10/05 08:55:06.361,236.038,4.29
2025/10/05 08:55:07.928,236.485,4.29
2025/10/05 08:55:09.329,237.029,4.29
2025/10/05 08:55:10.688,237.485,4.29
2025/10/05 08:55:12.058,238.018,4.29
2025/10/05 08:55:13.647,238.474,4.29
2025/10/05 08:55:15.044,239.012,4.29
2025/10/05 08:55:16.436,239.485,4.29
2025/10/05 08:55:17.808,240.07,4.29
2025/10/05 08:55:19.366,240.465,4.29
2025/10/05 08:55:20.768,240.99,4.29
2025/10/05 08:55:22.176,241.539,4.29
2025/10/05 08:55:23.544,242.0,4.29
2025/10/05 08:55:25.149,242.511,4.29
2025/10/05 08:55:26.512,243.0,4.29
2025/10/05 08:55:27.891,243.453,4.29
2025/10/05 08:55:29.264,244.088,4.29
2025/10/05 08:55:30.603,244.563,4.29
2025/10/05 08:55:31.986,244.948,4.29
2025/10/05 08:55:35.288,223.0,11.208
2025/10/05 08:55:36.789,223.906,11.208
2025/10/05 08:55:38.243,225.051,11.208
2025/10/05 08:55:39.923,225.966,11.208
2025/10/05 08:55:41.335,226.999,11.208
2025/10/05 08:55:42.800,228.062,11.208
2025/10/05 08:55:44.404,228.965,11.208
2025/10/05 08:55:45.851,230.012,11.208
2025/10/05 08:55:47.246,231.022,11.208
2025/10/05 08:55:48.617,232.039,11.208
2025/10/05 08:55:50.217,232.956,11.208
2025/10/05 08:55:51.664,233.969,11.208
2025/10/05 08:55:53.094,235.06,11.208
2025/10/05 08:55:54.704,235.944,11.208
2025/10/05 08:55:56.126,237.048,11.208
2025/10/05 08:55:57.551,237.941,11.208
2025/10/05 08:55:59.154,239.029,11.208
2025/10/05 08:56:00.597,239.993,11.208
2025/10/05 08:56:01.995,241.006,11.208
2025/10/05 08:56:03.399,241.968,11.208
2025/10/05 08:56:05.001,243.036,11.208
2025/10/05 08:56:06.454,244.003,11.208
2025/10/05 08:56:07.874,245.016,11.208
2025/10/05 08:56:09.522,246.052,11.208
2025/10/05 08:56:10.950,246.953,11.208
2025/10/05 08:56:12.338,248.013,11.208
2025/10/05 08:56:13.749,249.029,11.208
2025/10/05 08:56:15.231,249.96,11.208
2025/10/05 08:56:16.715,250.998,11.208
2025/10/05 08:56:19.810,227.026,6.781
2025/10/05 08:56:21.179,227.482,6.781
2025/10/05 08:56:22.514,228.018,6.781
2025/10/05 08:56:24.135,228.471,6.781
2025/10/05 08:56:25.531,229.122,6.781
2025/10/05 08:56:26.890,229.523,6.781
2025/10/05 08:56:28.287,229.976,6.781
2025/10/05 08:56:29.874,230.528,6.781
2025/10/05 08:56:31.253,230.94,6.781
2025/10/05 08:56:32.649,231.528,6.781
2025/10/05 08:56:34.042,232.047,6.781
2025/10/05 08:56:35.409,232.415,6.781
2025/10/05 08:56:37.036,233.038,6.781
2025/10/05 08:56:38.383,233.472,6.781
2025/10/05 08:56:39.761,234.022,6.781
2025/10/05 08:56:41.142,234.486,6.781
2025/10/05 08:56:42.713,235.008,6.781
2025/10/05 08:56:44.120,235.543,6.781
2025/10/05 08:56:45.460,236.018,6.781
2025/10/05 08:56:46.842,236.477,6.781
2025/10/05 08:56:48.391,236.982,6.781
2025/10/05 08:56:49.805,237.57,6.781
2025/10/05 08:56:51.177,237.971,6.781
2025/10/05 08:56:52.533,238.526,6.781
2025/10/05 08:56:54.101,239.007,6.781
2025/10/05 08:56:55.512,239.487,6.781
2025/10/05 08:56:56.920,239.965,6.781
2025/10/05 08:56:58.285,240.52,6.781
2025/10/05 08:56:59.660,240.982,6.781
2025/10/05 08:57:01.196,241.523,6.781
2025/10/05 08:57:02.551,242.025,6.781
2025/10/05 08:57:03.949,242.465,6.781
2025/10/05 08:57:05.322,242.978,6.781
2025/10/05 08:57:06.938,243.517,6.781
2025/10/05 08:57:08.340,244.011,6.781
2025/10/05 08:57:09.718,244.486,6.781
2025/10/05 08:57:11.277,244.97,6.781
2025/10/05 08:57:12.669,245.516,6.781
2025/10/05 08:57:14.252,246.129,6.781
2025/10/05 08:57:15.595,246.346,6.781
2025/10/05 08:57:17.017,246.999,6.781
2025/10/05 08:57:19.651,229.089,4.883
2025/10/05 08:57:21.034,229.501,4.883
2025/10/05 08:57:22.597,230.056,4.883
2025/10/05 08:57:23.990,230.492,4.883
2025/10/05 08:57:25.349,230.995,4.883
2025/10/05 08:57:26.705,231.517,4.883
2025/10/05 08:57:28.347,231.97,4.883
2025/10/05 08:57:29.732,232.519,4.883
2025/10/05 08:57:31.104,232.986,4.883
2025/10/05 08:57:32.461,233.522,4.883
2025/10/05 08:57:33.872,233.975,4.883
2025/10/05 08:57:35.283,234.524,4.883
2025/10/05 08:57:36.630,234.977,4.883
2025/10/05 08:57:37.996,235.483,4.883
2025/10/05 08:57:39.395,235.983,4.883
2025/10/05 08:57:40.962,236.543,4.883
2025/10/05 08:57:42.358,236.933,4.883
2025/10/05 08:57:43.737,237.447,4.883
2025/10/05 08:57:45.299,238.078,4.883
2025/10/05 08:57:46.675,238.474,4.883
2025/10/05 08:57:48.055,239.015,4.883
2025/10/05 08:57:49.436,239.485,4.883
2025/10/05 08:57:50.823,240.053,4.883
2025/10/05 08:57:52.422,240.468,4.883
2025/10/05 08:57:53.805,241.006,4.883
2025/10/05 08:57:55.174,241.569,4.883
2025/10/05 08:57:56.530,241.957,4.883
2025/10/05 08:57:58.113,242.473,4.883
2025/10/05 08:57:59.501,243.05,4.883
2025/10/05 08:58:00.855,243.495,4.883
2025/10/05 08:58:02.244,244.077,4.883
2025/10/05 08:58:03.611,244.412,4.883
2025/10/05 08:58:05.188,245.033,4.883
2025/10/05 08:58:07.687,229.02,4.281
2025/10/05 08:58:09.090,229.429,4.281
2025/10/05 08:58:10.506,230.031,4.281
2025/10/05 08:58:12.176,230.44,4.281
2025/10/05 08:58:13.537,231.039,4.281
2025/10/05 08:58:14.920,231.426,4.281
2025/10/05 08:58:16.326,232.014,4.281
2025/10/05 08:58:17.925,232.552,4.281
2025/10/05 08:58:19.315,232.926,4.281
2025/10/05 08:58:20.717,233.503,4.281
2025/10/05 08:58:22.099,234.063,4.281
2025/10/05 08:58:23.780,234.546,4.281
2025/10/05 08:58:25.155,234.991,4.281
2025/10/05 08:58:26.550,235.483,4.281
2025/10/05 08:58:27.917,236.049,4.281
2025/10/05 08:58:29.600,236.488,4.281
2025/10/05 08:58:30.966,237.018,4.281
2025/10/05 08:58:32.320,237.458,4.281
2025/10/05 08:58:33.683,238.04,4.281
2025/10/05 08:58:35.190,238.518,4.281
2025/10/05 08:58:36.593,238.971,4.281
2025/10/05 08:58:37.948,239.471,4.281
2025/10/05 08:58:39.329,240.053,4.281
2025/10/05 08:58:40.712,240.515,4.281
2025/10/05 08:58:42.280,240.94,4.281
2025/10/05 08:58:43.680,241.506,4.281
2025/10/05 08:58:45.058,242.006,4.281
2025/10/05 08:58:46.483,242.484,4.281
2025/10/05 08:58:48.053,243.058,4.281
2025/10/05 08:58:49.468,243.462,4.281
2025/10/05 08:58:50.831,244.003,4.281
2025/10/05 08:58:52.432,244.536,4.281
2025/10/05 08:58:53.799,244.972,4.281
2025/10/05 08:58:57.009,223.011,11.211
2025/10/05 08:58:58.427,223.942,11.211
2025/10/05 08:58:59.862,225.024,11.211
2025/10/05 08:59:01.265,225.993,11.211
2025/10/05 08:59:02.891,227.043,11.211
2025/10/05 08:59:04.316,227.963,11.211
2025/10/05 08:59:05.760,228.998,11.211
2025/10/05 08:59:07.378,230.012,11.211
2025/10/05 08:59:08.874,230.97,11.211
2025/10/05 08:59:10.296,231.995,11.211
2025/10/05 08:59:11.716,233.025,11.211
2025/10/05 08:59:13.289,234.052,11.211
2025/10/05 08:59:14.699,235.008,11.211
2025/10/05 08:59:16.122,235.961,11.211
2025/10/05 08:59:17.715,237.007,11.211
2025/10/05 08:59:19.204,237.949,11.211
2025/10/05 08:59:20.630,238.966,11.211
2025/10/05 08:59:22.244,239.987,11.211
2025/10/05 08:59:23.673,241.02,11.211
2025/10/05 08:59:25.142,241.948,11.211
2025/10/05 08:59:26.794,243.044,11.211
2025/10/05 08:59:28.217,244.003,11.211
2025/10/05 08:59:29.631,244.967,11.211
2025/10/05 08:59:31.077,246.057,11.211
2025/10/05 08:59:32.501,246.966,11.211
2025/10/05 08:59:33.899,247.994,11.211
2025/10/05 08:59:35.333,248.993,11.211
2025/10/05 08:59:36.927,250.018,11.211
2025/10/05 08:59:38.373,251.028,11.211
2025/10/05 08:59:41.419,227.048,6.786
2025/10/05 08:59:42.807,227.441,6.786
2025/10/05 08:59:44.159,228.092,6.786
2025/10/05 08:59:45.542,228.394,6.786
2025/10/05 08:59:47.143,229.034,6.786
2025/10/05 08:59:48.542,229.468,6.786
2025/10/05 08:59:49.949,230.064,6.786
2025/10/05 08:59:51.329,230.49,6.786
2025/10/05 08:59:52.745,231.025,6.786
2025/10/05 08:59:54.336,231.456,6.786
2025/10/05 08:59:55.725,232.014,6.786
2025/10/05 08:59:57.114,232.539,6.786
2025/10/05 08:59:58.468,232.975,6.786
2025/10/05 09:00:00.055,233.516,6.786
2025/10/05 09:00:01.459,233.983,6.786
2025/10/05 09:00:02.841,234.502,6.786
2025/10/05 09:00:04.442,235.016,6.786
2025/10/05 09:00:05.841,235.516,6.786
2025/10/05 09:00:07.208,235.974,6.786
2025/10/05 09:00:08.580,236.516,6.786
2025/10/05 09:00:10.144,237.076,6.786
2025/10/05 09:00:11.536,237.416,6.786
2025/10/05 09:00:12.964,238.026,6.786
2025/10/05 09:00:14.352,238.444,6.786
2025/10/05 09:00:15.978,239.001,6.786
2025/10/05 09:00:17.362,239.493,6.786
2025/10/05 09:00:18.761,240.048,6.786
2025/10/05 09:00:20.124,240.504,6.786
2025/10/05 09:00:21.675,240.992,6.786
2025/10/05 09:00:23.073,241.492,6.786
2025/10/05 09:00:24.442,242.025,6.786
2025/10/05 09:00:25.823,242.459,6.786
2025/10/05 09:00:27.334,243.014,6.786
2025/10/05 09:00:28.701,243.53,6.786
2025/10/05 09:00:30.100,243.997,6.786
2025/10/05 09:00:31.487,244.549,6.786
2025/10/05 09:00:33.067,244.994,6.786
2025/10/05 09:00:34.450,245.469,6.786
2025/10/05 09:00:35.828,246.016,6.786
2025/10/05 09:00:37.407,246.494,6.786
2025/10/05 09:00:38.794,247.032,6.786
2025/10/05 09:00:41.476,229.1,4.883
2025/10/05 09:00:42.868,229.506,4.883
2025/10/05 09:00:44.352,229.979,4.883
2025/10/05 09:00:45.761,230.512,4.883
2025/10/05 09:00:47.164,231.009,4.883
2025/10/05 09:00:48.529,231.503,4.883
2025/10/05 09:00:50.114,231.973,4.883
2025/10/05 09:00:51.510,232.511,4.883
2025/10/05 09:00:53.032,233.016,4.883
2025/10/05 09:00:54.605,233.525,4.883
2025/10/05 09:00:56.014,234.008,4.883
2025/10/05 09:00:57.366,234.524,4.883
2025/10/05 09:00:58.717,235.016,4.883
2025/10/05 09:01:00.274,235.486,4.883
2025/10/05 09:01:01.595,235.999,4.883
2025/10/05 09:01:02.959,236.447,4.883
2025/10/05 09:01:04.553,236.991,4.883
2025/10/05 09:01:05.956,237.532,4.883
2025/10/05 09:01:07.333,237.969,4.883
2025/10/05 09:01:08.736,238.529,4.883
2025/10/05 09:01:10.301,239.007,4.883
2025/10/05 09:01:11.657,239.487,4.883
2025/10/05 09:01:13.053,240.02,4.883
2025/10/05 09:01:14.433,240.528,4.883
2025/10/05 09:01:16.006,240.929,4.883
2025/10/05 09:01:17.422,241.501,4.883
2025/10/05 09:01:18.788,241.973,4.883
2025/10/05 09:01:20.384,242.569,4.883
2025/10/05 09:01:21.757,243.019,4.883
2025/10/05 09:01:23.154,243.456,4.883
2025/10/05 09:01:24.551,244.019,4.883
2025/10/05 09:01:26.114,244.494,4.883
2025/10/05 09:01:27.496,245.005,4.883
2025/10/05 09:01:30.041,229.023,4.284
2025/10/05 09:01:31.427,229.495,4.284
2025/10/05 09:01:32.800,229.984,4.284
2025/10/05 09:01:34.345,230.534,4.284
2025/10/05 09:01:35.701,230.956,4.284
2025/10/05 09:01:37.088,231.511,4.284
2025/10/05 09:01:38.472,231.995,4.284
2025/10/05 09:01:39.837,232.544,4.284
2025/10/05 09:01:41.325,233.025,4.284
2025/10/05 09:01:42.725,233.475,4.284
2025/10/05 09:01:44.098,234.055,4.284
2025/10/05 09:01:45.504,234.502,4.284
2025/10/05 09:01:47.078,234.994,4.284
2025/10/05 09:01:48.466,235.483,4.284
2025/10/05 09:01:49.832,236.021,4.284
2025/10/05 09:01:51.398,236.524,4.284
2025/10/05 09:01:52.771,237.035,4.284
2025/10/05 09:01:54.139,237.433,4.284
2025/10/05 09:01:55.511,238.037,4.284
2025/10/05 09:01:56.880,238.482,4.284
2025/10/05 09:01:58.343,239.001,4.284
2025/10/05 09:01:59.718,239.512,4.284
2025/10/05 09:02:01.089,239.957,4.284
2025/10/05 09:02:02.503,240.591,4.284
2025/10/05 09:02:04.046,240.927,4.284
2025/10/05 09:02:05.477,241.451,4.284
2025/10/05 09:02:06.813,242.031,4.284
2025/10/05 09:02:08.187,242.5,4.284
2025/10/05 09:02:09.800,243.022,4.284
2025/10/05 09:02:11.178,243.522,4.284
2025/10/05 09:02:12.556,243.945,4.284
2025/10/05 09:02:13.937,244.472,4.284
2025/10/05 09:02:15.506,245.057,4.284
2025/10/05 09:02:18.388,223.024,11.206
2025/10/05 09:02:20.021,223.975,11.206
2025/10/05 09:02:21.440,224.961,11.206
2025/10/05 09:02:22.913,226.01,11.206
2025/10/05 09:02:24.510,227.012,11.206
2025/10/05 09:02:25.916,227.993,11.206
2025/10/05 09:02:27.380,228.971,11.206
2025/10/05 09:02:29.041,229.995,11.206
2025/10/05 09:02:30.469,231.014,11.206
2025/10/05 09:02:31.892,232.085,11.206
2025/10/05 09:02:33.507,232.94,11.206
2025/10/05 09:02:34.956,234.024,11.206
2025/10/05 09:02:36.369,235.013,11.206
2025/10/05 09:02:37.974,235.977,11.206
2025/10/05 09:02:39.407,237.032,11.206
2025/10/05 09:02:40.812,238.018,11.206
2025/10/05 09:02:42.444,238.916,11.206
2025/10/05 09:02:43.894,240.042,11.206
2025/10/05 09:02:45.293,240.971,11.206
2025/10/05 09:02:46.739,242.006,11.206
2025/10/05 09:02:48.174,243.044,11.206
2025/10/05 09:02:49.610,243.964,11.206
2025/10/05 09:02:51.034,244.983,11.206
2025/10/05 09:02:52.605,246.01,11.206
2025/10/05 09:02:54.034,247.008,11.206
2025/10/05 09:02:55.448,247.985,11.206
2025/10/05 09:02:56.945,249.062,11.206
2025/10/05 09:02:58.372,249.938,11.206
2025/10/05 09:02:59.754,251.037,11.206
2025/10/05 09:03:02.716,227.023,6.778
2025/10/05 09:03:04.267,227.518,6.778
2025/10/05 09:03:05.631,228.004,6.778
2025/10/05 09:03:06.999,228.501,6.778
2025/10/05 09:03:08.591,229.048,6.778
2025/10/05 09:03:10.010,229.531,6.778
2025/10/05 09:03:11.382,230.094,6.778
2025/10/05 09:03:12.763,230.465,6.778
2025/10/05 09:03:14.313,231.017,6.778
2025/10/05 09:03:15.692,231.563,6.778
2025/10/05 09:03:17.077,232.061,6.778
2025/10/05 09:03:18.445,232.492,6.778
2025/10/05 09:03:20.034,233.008,6.778
2025/10/05 09:03:21.425,233.478,6.778
2025/10/05 09:03:22.782,233.989,6.778
2025/10/05 09:03:24.155,234.541,6.778
2025/10/05 09:03:25.808,234.98,6.778
2025/10/05 09:03:27.210,235.604,6.778
2025/10/05 09:03:28.573,235.881,6.778
2025/10/05 09:03:29.960,236.417,6.778
2025/10/05 09:03:31.572,236.993,6.778
2025/10/05 09:03:32.963,237.518,6.778
2025/10/05 09:03:34.360,238.01,6.778
2025/10/05 09:03:35.755,238.493,6.778
2025/10/05 09:03:37.340,239.004,6.778
2025/10/05 09:03:38.742,239.457,6.778
2025/10/05 09:03:40.119,239.979,6.778
2025/10/05 09:03:41.514,240.465,6.778
2025/10/05 09:03:43.108,240.94,6.778
2025/10/05 09:03:44.494,241.578,6.778
2025/10/05 09:03:45.844,241.943,6.778
2025/10/05 09:03:47.442,242.522,6.778
2025/10/05 09:03:48.816,243.052,6.778
2025/10/05 09:03:50.159,243.555,6.778
2025/10/05 09:03:51.532,244.025,6.778
2025/10/05 09:03:52.895,244.426,6.778
2025/10/05 09:03:54.392,245.024,6.778
2025/10/05 09:03:55.804,245.497,6.778
2025/10/05 09:03:57.192,245.991,6.778
2025/10/05 09:03:58.554,246.524,6.778
2025/10/05 09:04:00.118,246.997,6.778
2025/10/05 09:04:02.715,229.059,4.891
2025/10/05 09:04:04.255,229.484,4.891
2025/10/05 09:04:05.633,229.97,4.891
2025/10/05 09:04:07.021,230.415,4.891
2025/10/05 09:04:08.410,230.967,4.891
2025/10/05 09:04:09.987,231.484,4.891
2025/10/05 09:04:11.387,232.047,4.891
2025/10/05 09:04:12.760,232.599,4.891
2025/10/05 09:04:14.114,232.945,4.891
2025/10/05 09:04:15.654,233.464,4.891
2025/10/05 09:04:17.041,233.953,4.891
2025/10/05 09:04:18.414,234.511,4.891
2025/10/05 09:04:19.803,235.068,4.891
2025/10/05 09:04:21.185,235.502,4.891
2025/10/05 09:04:22.794,235.972,4.891
2025/10/05 09:04:24.183,236.51,4.891
2025/10/05 09:04:25.555,236.991,4.891
2025/10/05 09:04:26.926,237.535,4.891
2025/10/05 09:04:28.389,237.969,4.891
2025/10/05 09:04:29.790,238.482,4.891
2025/10/05 09:04:31.166,239.012,4.891
2025/10/05 09:04:32.536,239.501,4.891
2025/10/05 09:04:34.109,239.993,4.891
2025/10/05 09:04:35.510,240.468,4.891
2025/10/05 09:04:36.924,241.017,4.891
2025/10/05 09:04:38.512,241.539,4.891
2025/10/05 09:04:39.923,242.022,4.891
2025/10/05 09:04:41.277,242.525,4.891
2025/10/05 09:04:42.627,242.945,4.891
2025/10/05 09:04:44.099,243.503,4.891
2025/10/05 09:04:45.472,244.014,4.891
2025/10/05 09:04:46.844,244.497,4.891
2025/10/05 09:04:48.255,244.975,4.891
2025/10/05 09:04:51.177,229.045,4.281
2025/10/05 09:04:52.569,229.418,4.281
2025/10/05 09:04:53.956,229.992,4.281
2025/10/05 09:04:55.542,230.473,4.281
2025/10/05 09:04:56.940,231.083,4.281
2025/10/05 09:04:58.305,231.478,4.281
2025/10/05 09:04:59.677,231.975,4.281
2025/10/05 09:05:01.117,232.473,4.281
2025/10/05 09:05:02.526,232.95,4.281
2025/10/05 09:05:03.912,233.497,4.281
2025/10/05 09:05:05.318,234.019,4.281
2025/10/05 09:05:06.865,234.516,4.281
2025/10/05 09:05:08.279,234.98,4.281
2025/10/05 09:05:09.647,235.51,4.281
2025/10/05 09:05:11.010,236.005,4.281
2025/10/05 09:05:12.603,236.461,4.281
2025/10/05 09:05:13.998,237.092,4.281
2025/10/05 09:05:15.361,237.4,4.281
2025/10/05 09:05:16.742,238.059,4.281
2025/10/05 09:05:18.302,238.446,4.281
2025/10/05 09:05:19.688,239.018,4.281
2025/10/05 09:05:21.043,239.512,4.281
2025/10/05 09:05:22.427,240.042,4.281
2025/10/05 09:05:24.013,240.462,4.281
2025/10/05 09:05:25.408,240.992,4.281
2025/10/05 09:05:26.799,241.426,4.281
2025/10/05 09:05:28.156,242.014,4.281
2025/10/05 09:05:29.796,242.465,4.281
2025/10/05 09:05:31.235,243.0,4.281
2025/10/05 09:05:32.616,243.517,4.281
2025/10/05 09:05:33.959,244.069,4.281
2025/10/05 09:05:35.613,244.439,4.281
2025/10/05 09:05:36.977,244.964,4.281
2025/10/05 09:05:40.100,223.077,11.203
2025/10/05 09:05:41.559,224.09,11.203
2025/10/05 09:05:42.964,225.054,11.203
2025/10/05 09:05:44.611,225.938,11.203
2025/10/05 09:05:46.031,226.944,11.203
2025/10/05 09:05:47.475,228.062,11.203
2025/10/05 09:05:49.069,228.998,11.203
2025/10/05 09:05:50.512,230.017,11.203
2025/10/05 09:05:51.892,231.031,11.203
2025/10/05 09:05:53.526,231.981,11.203
2025/10/05 09:05:54.933,232.961,11.203
2025/10/05 09:05:56.338,234.005,11.203
2025/10/05 09:05:57.766,234.991,11.203
2025/10/05 09:05:59.345,236.076,11.203
2025/10/05 09:06:00.773,236.958,11.203
2025/10/05 09:06:02.176,237.916,11.203
2025/10/05 09:06:03.854,239.02,11.203
2025/10/05 09:06:05.285,239.954,11.203
2025/10/05 09:06:06.765,241.039,11.203
2025/10/05 09:06:08.330,241.989,11.203
2025/10/05 09:06:09.765,243.019,11.203
2025/10/05 09:06:11.143,244.014,11.203
2025/10/05 09:06:12.568,244.95,11.203
2025/10/05 09:06:14.168,246.085,11.203
2025/10/05 09:06:15.634,246.92,11.203
2025/10/05 09:06:17.241,248.043,11.203
2025/10/05 09:06:18.669,248.996,11.203
2025/10/05 09:06:20.059,249.974,11.203
2025/10/05 09:06:21.472,251.023,11.203
2025/10/05 09:06:24.408,227.081,6.784
2025/10/05 09:06:25.821,227.493,6.784
2025/10/05 09:06:27.166,227.993,6.784
2025/10/05 09:06:28.746,228.49,6.784
2025/10/05 09:06:30.146,229.072,6.784
2025/10/05 09:06:31.510,229.451,6.784
2025/10/05 09:06:32.938,229.992,6.784
2025/10/05 09:06:34.423,230.599,6.784
2025/10/05 09:06:35.802,230.959,6.784
2025/10/05 09:06:37.159,231.522,6.784
2025/10/05 09:06:38.541,231.984,6.784
2025/10/05 09:06:40.146,232.506,6.784
2025/10/05 09:06:41.523,232.981,6.784
2025/10/05 09:06:42.911,233.555,6.784
2025/10/05 09:06:44.498,233.92,6.784
2025/10/05 09:06:45.905,234.516,6.784
2025/10/05 09:06:47.260,234.997,6.784
2025/10/05 09:06:48.643,235.505,6.784
2025/10/05 09:06:50.041,235.988,6.784
2025/10/05 09:06:51.439,236.496,6.784
2025/10/05 09:06:52.833,237.073,6.784
2025/10/05 09:06:54.182,237.458,6.784
2025/10/05 09:06:55.559,237.996,6.784
2025/10/05 09:06:57.164,238.446,6.784
2025/10/05 09:06:58.529,239.015,6.784
2025/10/05 09:06:59.919,239.518,6.784
2025/10/05 09:07:01.519,240.012,6.784
2025/10/05 09:07:02.909,240.526,6.784
2025/10/05 09:07:04.309,240.987,6.784
2025/10/05 09:07:05.661,241.528,6.784
2025/10/05 09:07:07.046,241.984,6.784
2025/10/05 09:07:08.450,242.495,6.784
2025/10/05 09:07:09.806,242.978,6.784
2025/10/05 09:07:11.218,243.481,6.784
2025/10/05 09:07:12.590,244.011,6.784
2025/10/05 09:07:14.173,244.483,6.784
2025/10/05 09:07:15.593,245.046,6.784
2025/10/05 09:07:16.938,245.458,6.784
2025/10/05 09:07:18.546,246.01,6.784
2025/10/05 09:07:19.926,246.477,6.784
2025/10/05 09:07:21.297,246.95,6.784
2025/10/05 09:07:24.184,229.133,4.88
2025/10/05 09:07:25.525,229.622,4.88
2025/10/05 09:07:26.911,229.929,4.88
2025/10/05 09:07:28.286,230.55,4.88
2025/10/05 09:07:29.642,230.97,4.88
2025/10/05 09:07:31.216,231.467,4.88
2025/10/05 09:07:32.614,232.033,4.88
2025/10/05 09:07:33.992,232.497,4.88
2025/10/05 09:07:35.726,233.082,4.88
2025/10/05 09:07:37.123,233.426,4.88
2025/10/05 09:07:38.477,233.989,4.88
2025/10/05 09:07:39.847,234.519,4.88
2025/10/05 09:07:41.381,235.01,4.88
2025/10/05 09:07:42.759,235.494,4.88
2025/10/05 09:07:44.149,236.024,4.88
2025/10/05 09:07:45.513,236.557,4.88
2025/10/05 09:07:47.137,236.985,4.88
2025/10/05 09:07:48.502,237.518,4.88
2025/10/05 09:07:49.885,238.034,4.88
2025/10/05 09:07:51.272,238.573,4.88
2025/10/05 09:07:52.952,238.971,4.88
2025/10/05 09:07:54.362,239.457,4.88
2025/10/05 09:07:55.726,240.02,4.88
2025/10/05 09:07:57.093,240.462,4.88
2025/10/05 09:07:58.716,241.039,4.88
2025/10/05 09:08:00.081,241.632,4.88
2025/10/05 09:08:01.434,241.825,4.88
2025/10/05 09:08:02.823,242.542,4.88
2025/10/05 09:08:04.385,243.0,4.88
2025/10/05 09:08:05.813,243.5,4.88
2025/10/05 09:08:07.178,243.973,4.88
2025/10/05 09:08:08.539,244.533,4.88
2025/10/05 09:08:10.117,244.994,4.88
2025/10/05 09:08:12.708,229.092,4.292
2025/10/05 09:08:14.127,229.471,4.292
2025/10/05 09:08:15.694,230.094,4.292
2025/10/05 09:08:17.072,230.531,4.292
2025/10/05 09:08:18.503,230.833,4.292
2025/10/05 09:08:19.921,231.649,4.292
2025/10/05 09:08:21.481,231.926,4.292
2025/10/05 09:08:22.902,232.497,4.292
2025/10/05 09:08:24.302,232.95,4.292
2025/10/05 09:08:25.681,233.472,4.292
2025/10/05 09:08:27.261,234.033,4.292
2025/10/05 09:08:28.635,234.453,4.292
2025/10/05 09:08:29.979,235.03,4.292
2025/10/05 09:08:31.552,235.538,4.292
2025/10/05 09:08:32.970,235.955,4.292
2025/10/05 09:08:34.331,236.483,4.292
2025/10/05 09:08:35.722,237.01,4.292
2025/10/05 09:08:37.309,237.485,4.292
2025/10/05 09:08:38.694,238.015,4.292
2025/10/05 09:08:40.089,238.444,4.292
2025/10/05 09:08:41.476,239.04,4.292
2025/10/05 09:08:43.100,239.432,4.292
2025/10/05 09:08:44.482,240.017,4.292
2025/10/05 09:08:45.897,240.515,4.292
2025/10/05 09:08:47.242,241.006,4.292
2025/10/05 09:08:48.830,241.517,4.292
2025/10/05 09:08:50.201,242.014,4.292
2025/10/05 09:08:51.556,242.591,4.292
2025/10/05 09:08:52.924,242.967,4.292
2025/10/05 09:08:54.576,243.506,4.292
2025/10/05 09:08:55.974,243.945,4.292
2025/10/05 09:08:57.349,244.519,4.292
2025/10/05 09:08:58.704,245.027,4.292
2025/10/05 09:09:01.804,223.041,11.211
2025/10/05 09:09:03.219,223.911,11.211
2025/10/05 09:09:04.675,224.963,11.211
2025/10/05 09:09:06.294,226.029,11.211
2025/10/05 09:09:07.702,226.993,11.211
2025/10/05 09:09:09.138,227.987,11.211
2025/10/05 09:09:10.752,229.02,11.211
2025/10/05 09:09:12.191,230.034,11.211
2025/10/05 09:09:13.666,231.011,11.211
2025/10/05 09:09:15.181,232.014,11.211
2025/10/05 09:09:16.642,232.959,11.211
2025/10/05 09:09:18.086,234.005,11.211
2025/10/05 09:09:19.478,234.988,11.211
2025/10/05 09:09:21.113,236.062,11.211
2025/10/05 09:09:22.532,237.018,11.211
2025/10/05 09:09:23.969,237.941,11.211
2025/10/05 09:09:25.709,239.018,11.211
2025/10/05 09:09:27.152,240.012,11.211
2025/10/05 09:09:28.575,241.009,11.211
2025/10/05 09:09:30.233,242.044,11.211
2025/10/05 09:09:31.645,242.978,11.211
2025/10/05 09:09:33.071,243.997,11.211
2025/10/05 09:09:34.492,245.002,11.211
2025/10/05 09:09:36.131,246.01,11.211
2025/10/05 09:09:37.553,247.005,11.211
2025/10/05 09:09:38.957,248.01,11.211
2025/10/05 09:09:40.506,249.015,11.211
2025/10/05 09:09:41.928,249.977,11.211
2025/10/05 09:09:43.341,251.007,11.211
2025/10/05 09:09:46.373,227.059,6.784
2025/10/05 09:09:47.756,227.466,6.784
2025/10/05 09:09:49.361,228.015,6.784
2025/10/05 09:09:50.710,228.523,6.784
2025/10/05 09:09:52.109,228.949,6.784
2025/10/05 09:09:53.495,229.542,6.784
2025/10/05 09:09:55.160,229.97,6.784
2025/10/05 09:09:56.552,230.553,6.784
2025/10/05 09:09:57.928,230.976,6.784
2025/10/05 09:09:59.308,231.481,6.784
2025/10/05 09:10:00.844,231.964,6.784
2025/10/05 09:10:02.242,232.495,6.784
2025/10/05 09:10:03.661,232.961,6.784
2025/10/05 09:10:05.006,233.571,6.784
2025/10/05 09:10:06.516,234.0,6.784
2025/10/05 09:10:07.940,234.464,6.784
2025/10/05 09:10:09.351,235.087,6.784
2025/10/05 09:10:10.709,235.477,6.784
2025/10/05 09:10:12.302,236.002,6.784
2025/10/05 09:10:13.722,236.433,6.784
2025/10/05 09:10:15.091,237.046,6.784
2025/10/05 09:10:16.684,237.524,6.784
2025/10/05 09:10:18.059,237.969,6.784
2025/10/05 09:10:19.481,238.523,6.784
2025/10/05 09:10:20.845,239.004,6.784
2025/10/05 09:10:22.259,239.504,6.784
2025/10/05 09:10:23.620,240.02,6.784
2025/10/05 09:10:24.982,240.517,6.784
2025/10/05 09:10:26.376,240.957,6.784
2025/10/05 09:10:27.940,241.523,6.784
2025/10/05 09:10:29.349,241.981,6.784
2025/10/05 09:10:30.717,242.525,6.784
2025/10/05 09:10:32.094,242.965,6.784
2025/10/05 09:10:33.492,243.511,6.784
2025/10/05 09:10:35.068,244.052,6.784
2025/10/05 09:10:36.505,244.434,6.784
2025/10/05 09:10:37.872,245.151,6.784
2025/10/05 09:10:39.445,245.387,6.784
2025/10/05 09:10:40.829,246.074,6.784
2025/10/05 09:10:42.175,246.368,6.784
2025/10/05 09:10:43.561,247.101,6.784
2025/10/05 09:10:46.467,228.951,4.883
2025/10/05 09:10:47.808,229.517,4.883
2025/10/05 09:10:49.186,230.083,4.883
2025/10/05 09:10:50.779,230.501,4.883
2025/10/05 09:10:52.151,230.921,4.883
2025/10/05 09:10:53.596,231.498,4.883
2025/10/05 09:10:54.977,231.953,4.883
2025/10/05 09:10:56.572,232.659,4.883
2025/10/05 09:10:58.036,232.871,4.883
2025/10/05 09:10:59.390,233.489,4.883
2025/10/05 09:11:00.769,234.151,4.883
2025/10/05 09:11:02.123,234.368,4.883
2025/10/05 09:11:03.560,235.09,4.883
2025/10/05 09:11:04.931,235.486,4.883
2025/10/05 09:11:06.318,235.983,4.883
2025/10/05 09:11:07.695,236.45,4.883
2025/10/05 09:11:09.298,236.966,4.883
2025/10/05 09:11:10.757,237.526,4.883
2025/10/05 09:11:12.122,238.018,4.883
2025/10/05 09:11:13.724,238.479,4.883
2025/10/05 09:11:15.129,239.111,4.883
2025/10/05 09:11:16.528,239.452,4.883
2025/10/05 09:11:17.908,240.004,4.883
2025/10/05 09:11:19.469,240.396,4.883
2025/10/05 09:11:20.877,241.009,4.883
2025/10/05 09:11:22.231,241.528,4.883
2025/10/05 09:11:23.581,241.979,4.883
2025/10/05 09:11:25.179,242.682,4.883
2025/10/05 09:11:26.554,242.805,4.883
2025/10/05 09:11:27.958,243.473,4.883
2025/10/05 09:11:29.344,243.986,4.883
2025/10/05 09:11:30.901,244.569,4.883
2025/10/05 09:11:32.267,244.972,4.883
2025/10/05 09:11:34.817,229.064,4.281
2025/10/05 09:11:36.426,229.482,4.281
2025/10/05 09:11:37.896,230.102,4.281
2025/10/05 09:11:39.269,230.404,4.281
2025/10/05 09:11:40.669,231.009,4.281
2025/10/05 09:11:42.255,231.563,4.281
2025/10/05 09:11:43.609,231.989,4.281
2025/10/05 09:11:44.999,232.533,4.281
2025/10/05 09:11:46.362,232.967,4.281
2025/10/05 09:11:47.988,233.445,4.281
2025/10/05 09:11:49.368,234.082,4.281
2025/10/05 09:11:50.730,234.464,4.281
2025/10/05 09:11:52.119,235.046,4.281
2025/10/05 09:11:53.692,235.45,4.281
2025/10/05 09:11:55.105,236.002,4.281
2025/10/05 09:11:56.448,236.496,4.281
2025/10/05 09:11:57.813,237.015,4.281
2025/10/05 09:11:59.413,237.589,4.281
2025/10/05 09:12:00.772,238.048,4.281
2025/10/05 09:12:02.189,238.449,4.281
2025/10/05 09:12:03.568,238.976,4.281
2025/10/05 09:12:04.964,239.586,4.281
2025/10/05 09:12:06.350,239.984,4.281
2025/10/05 09:12:07.736,240.52,4.281
2025/10/05 09:12:09.084,241.025,4.281
2025/10/05 09:12:10.476,241.451,4.281
2025/10/05 09:12:12.069,242.003,4.281
2025/10/05 09:12:13.470,242.473,4.281
2025/10/05 09:12:14.840,243.058,4.281
2025/10/05 09:12:16.220,243.437,4.281
2025/10/05 09:12:17.768,243.951,4.281
2025/10/05 09:12:19.185,244.437,4.281
2025/10/05 09:12:20.581,245.063,4.281
2025/10/05 09:12:23.625,223.096,11.208
2025/10/05 09:12:25.123,223.983,11.208
2025/10/05 09:12:26.709,225.082,11.208
2025/10/05 09:12:28.148,225.925,11.208
2025/10/05 09:12:29.561,227.051,11.208
2025/10/05 09:12:31.219,227.908,11.208
2025/10/05 09:12:32.670,229.009,11.208
2025/10/05 09:12:34.076,230.012,11.208
2025/10/05 09:12:35.507,231.066,11.208
2025/10/05 09:12:37.097,231.962,11.208
2025/10/05 09:12:38.539,232.989,11.208
2025/10/05 09:12:39.935,233.997,11.208
2025/10/05 09:12:41.517,235.043,11.208
2025/10/05 09:12:42.932,235.969,11.208
2025/10/05 09:12:44.361,237.035,11.208
2025/10/05 09:12:45.774,238.092,11.208
2025/10/05 09:12:47.394,238.933,11.208
2025/10/05 09:12:48.849,239.943,11.208
2025/10/05 09:12:50.442,241.064,11.208
2025/10/05 09:12:51.892,241.91,11.208
2025/10/05 09:12:53.426,243.014,11.208
2025/10/05 09:12:55.006,244.011,11.208
2025/10/05 09:12:56.511,245.013,11.208
2025/10/05 09:12:57.925,245.942,11.208
2025/10/05 09:12:59.511,247.071,11.208
2025/10/05 09:13:00.921,248.018,11.208
2025/10/05 09:13:02.374,248.927,11.208
2025/10/05 09:13:04.023,250.037,11.208
2025/10/05 09:13:05.468,251.02,11.208
2025/10/05 09:13:08.657,227.062,6.781
2025/10/05 09:13:10.040,227.496,6.781
2025/10/05 09:13:11.429,227.979,6.781
2025/10/05 09:13:12.789,228.512,6.781
2025/10/05 09:13:14.148,228.998,6.781
2025/10/05 09:13:15.609,229.512,6.781
2025/10/05 09:13:16.995,229.992,6.781
2025/10/05 09:13:18.414,230.476,6.781
2025/10/05 09:13:19.795,231.047,6.781
2025/10/05 09:13:21.292,231.531,6.781
2025/10/05 09:13:22.697,231.981,6.781
2025/10/05 09:13:24.047,232.648,6.781
2025/10/05 09:13:25.423,232.876,6.781
2025/10/05 09:13:27.058,233.505,6.781
2025/10/05 09:13:28.449,234.038,6.781
2025/10/05 09:13:29.820,234.475,6.781
2025/10/05 09:13:31.192,234.966,6.781
2025/10/05 09:13:32.547,235.51,6.781
2025/10/05 09:13:34.125,235.994,6.781
2025/10/05 09:13:35.517,236.51,6.781
2025/10/05 09:13:36.910,236.966,6.781
2025/10/05 09:13:38.462,237.46,6.781
2025/10/05 09:13:39.869,238.034,6.781
2025/10/05 09:13:41.237,238.512,6.781
2025/10/05 09:13:42.631,239.009,6.781
2025/10/05 09:13:44.235,239.465,6.781
2025/10/05 09:13:45.634,240.001,6.781
2025/10/05 09:13:47.015,240.556,6.781
2025/10/05 09:13:48.382,241.031,6.781
2025/10/05 09:13:49.922,241.55,6.781
2025/10/05 09:13:51.332,241.926,6.781
2025/10/05 09:13:52.696,242.503,6.781
2025/10/05 09:13:54.081,243.017,6.781
2025/10/05 09:13:55.640,243.489,6.781
2025/10/05 09:13:57.061,243.981,6.781
2025/10/05 09:13:58.427,244.494,6.781
2025/10/05 09:13:59.833,245.002,6.781
2025/10/05 09:14:01.219,245.522,6.781
2025/10/05 09:14:02.631,245.994,6.781
2025/10/05 09:14:04.049,246.483,6.781
2025/10/05 09:14:05.408,247.117,6.781
2025/10/05 09:14:08.410,229.023,4.883
2025/10/05 09:14:09.813,229.536,4.883
2025/10/05 09:14:11.169,229.929,4.883
2025/10/05 09:14:12.774,230.473,4.883
2025/10/05 09:14:14.155,231.157,4.883
2025/10/05 09:14:15.490,231.415,4.883
2025/10/05 09:14:16.870,232.055,4.883
2025/10/05 09:14:18.221,232.577,4.883
2025/10/05 09:14:19.614,232.92,4.883
2025/10/05 09:14:20.995,233.483,4.883
2025/10/05 09:14:22.359,233.994,4.883
2025/10/05 09:14:23.805,234.439,4.883
2025/10/05 09:14:25.390,234.986,4.883
2025/10/05 09:14:26.782,235.519,4.883
2025/10/05 09:14:28.160,236.046,4.883
2025/10/05 09:14:29.711,236.436,4.883
2025/10/05 09:14:31.099,237.059,4.883
2025/10/05 09:14:32.442,237.466,4.883
2025/10/05 09:14:33.823,237.996,4.883
2025/10/05 09:14:35.211,238.636,4.883
2025/10/05 09:14:36.630,238.867,4.883
2025/10/05 09:14:38.035,239.496,4.883
2025/10/05 09:14:39.419,240.05,4.883
2025/10/05 09:14:40.781,240.517,4.883
2025/10/05 09:14:42.364,241.006,4.883
2025/10/05 09:14:43.724,241.506,4.883
2025/10/05 09:14:45.118,241.987,4.883
2025/10/05 09:14:46.730,242.58,4.883
2025/10/05 09:14:48.123,242.945,4.883
2025/10/05 09:14:49.489,243.448,4.883
2025/10/05 09:14:50.876,244.011,4.883
2025/10/05 09:14:52.524,244.47,4.883
2025/10/05 09:14:53.891,245.049,4.883
2025/10/05 09:14:56.448,229.034,4.284
2025/10/05 09:14:57.847,229.476,4.284
2025/10/05 09:14:59.302,230.039,4.284
2025/10/05 09:15:00.667,230.544,4.284
2025/10/05 09:15:02.054,230.959,4.284
2025/10/05 09:15:03.465,231.495,4.284
2025/10/05 09:15:04.852,232.039,4.284
2025/10/05 09:15:06.358,232.497,4.284
2025/10/05 09:15:07.730,232.994,4.284
2025/10/05 09:15:09.093,233.53,4.284
2025/10/05 09:15:10.490,233.98,4.284
2025/10/05 09:15:11.999,234.552,4.284
2025/10/05 09:15:13.465,234.988,4.284
2025/10/05 09:15:14.856,235.549,4.284
2025/10/05 09:15:16.213,236.018,4.284
2025/10/05 09:15:17.793,236.452,4.284
2025/10/05 09:15:19.184,237.029,4.284
2025/10/05 09:15:20.545,237.493,4.284
2025/10/05 09:15:21.922,238.007,4.284
2025/10/05 09:15:23.355,238.499,4.284
2025/10/05 09:15:24.768,239.001,4.284
2025/10/05 09:15:26.102,239.463,4.284
2025/10/05 09:15:27.487,240.039,4.284
2025/10/05 09:15:29.082,240.498,4.284
2025/10/05 09:15:30.510,241.014,4.284
2025/10/05 09:15:31.969,241.517,4.284
2025/10/05 09:15:33.527,242.044,4.284
2025/10/05 09:15:34.889,242.443,4.284
2025/10/05 09:15:36.244,242.89,4.284
2025/10/05 09:15:37.675,243.481,4.284
2025/10/05 09:15:39.269,243.984,4.284
2025/10/05 09:15:40.661,244.541,4.284
2025/10/05 09:15:42.021,244.994,4.284
2025/10/05 09:15:45.070,223.074,11.203
2025/10/05 09:15:46.504,224.002,11.203
2025/10/05 09:15:47.918,225.046,11.203
2025/10/05 09:15:49.590,225.889,11.203
2025/10/05 09:15:50.966,227.065,11.203
2025/10/05 09:15:52.379,227.957,11.203
2025/10/05 09:15:53.865,228.993,11.203
2025/10/05 09:15:55.371,230.012,11.203
2025/10/05 09:15:56.843,231.044,11.203
2025/10/05 09:15:58.300,232.047,11.203
2025/10/05 09:15:59.930,232.874,11.203
2025/10/05 09:16:01.361,234.035,11.203
2025/10/05 09:16:02.833,235.024,11.203
2025/10/05 09:16:04.508,235.999,11.203
2025/10/05 09:16:05.925,237.01,11.203
2025/10/05 09:16:07.402,238.018,11.203
2025/10/05 09:16:08.805,238.998,11.203
2025/10/05 09:16:10.392,240.012,11.203
2025/10/05 09:16:11.831,241.012,11.203
2025/10/05 09:16:13.265,241.896,11.203
2025/10/05 09:16:14.887,243.14,11.203
2025/10/05 09:16:16.327,243.901,11.203
2025/10/05 09:16:17.739,244.945,11.203
2025/10/05 09:16:19.147,246.01,11.203
2025/10/05 09:16:20.684,247.008,11.203
2025/10/05 09:16:22.118,247.963,11.203
2025/10/05 09:16:23.531,249.015,11.203
2025/10/05 09:16:25.172,250.056,11.203
2025/10/05 09:16:26.589,250.985,11.203
2025/10/05 09:16:29.582,226.979,6.784
2025/10/05 09:16:30.980,227.369,6.784
2025/10/05 09:16:32.413,228.117,6.784
2025/10/05 09:16:33.831,228.416,6.784
2025/10/05 09:16:35.387,229.078,6.784
2025/10/05 09:16:36.789,229.44,6.784
2025/10/05 09:16:38.160,230.006,6.784
2025/10/05 09:16:39.749,230.468,6.784
2025/10/05 09:16:41.143,231.028,6.784
2025/10/05 09:16:42.509,231.542,6.784
2025/10/05 09:16:43.917,232.014,6.784
2025/10/05 09:16:45.288,232.525,6.784
2025/10/05 09:16:46.720,232.931,6.784
2025/10/05 09:16:48.107,233.478,6.784
2025/10/05 09:16:49.497,234.024,6.784
2025/10/05 09:16:51.105,234.53,6.784
2025/10/05 09:16:52.494,234.958,6.784
2025/10/05 09:16:53.926,235.521,6.784
2025/10/05 09:16:55.293,236.104,6.784
2025/10/05 09:16:56.904,236.348,6.784
2025/10/05 09:16:58.319,236.974,6.784
2025/10/05 09:16:59.697,237.565,6.784
2025/10/05 09:17:01.317,237.947,6.784
2025/10/05 09:17:02.725,238.537,6.784
2025/10/05 09:17:04.119,238.99,6.784
2025/10/05 09:17:05.487,239.421,6.784
2025/10/05 09:17:07.087,239.976,6.784
2025/10/05 09:17:08.474,240.542,6.784
2025/10/05 09:17:09.852,241.047,6.784
2025/10/05 09:17:11.284,241.446,6.784
2025/10/05 09:17:12.923,242.072,6.784
2025/10/05 09:17:14.344,242.437,6.784
2025/10/05 09:17:15.717,243.039,6.784
2025/10/05 09:17:17.320,243.555,6.784
2025/10/05 09:17:18.693,243.909,6.784
2025/10/05 09:17:20.088,244.5,6.784
2025/10/05 09:17:21.620,244.975,6.784
2025/10/05 09:17:23.061,245.491,6.784
2025/10/05 09:17:24.417,245.945,6.784
2025/10/05 09:17:25.828,246.499,6.784
2025/10/05 09:17:27.426,247.04,6.784
2025/10/05 09:17:30.142,228.973,4.883
2025/10/05 09:17:31.717,229.438,4.883
2025/10/05 09:17:33.144,230.012,4.883
2025/10/05 09:17:34.501,230.49,4.883
2025/10/05 09:17:35.891,231.009,4.883
2025/10/05 09:17:37.248,231.454,4.883
2025/10/05 09:17:38.702,231.989,4.883
2025/10/05 09:17:40.104,232.489,4.883
2025/10/05 09:17:41.528,232.983,4.883
2025/10/05 09:17:42.901,233.503,4.883
2025/10/05 09:17:44.454,234.046,4.883
2025/10/05 09:17:45.831,234.381,4.883
2025/10/05 09:17:47.247,234.975,4.883
2025/10/05 09:17:48.628,235.488,4.883
2025/10/05 09:17:50.185,235.991,4.883
2025/10/05 09:17:51.543,236.598,4.883
2025/10/05 09:17:52.912,236.947,4.883
2025/10/05 09:17:54.275,237.422,4.883
2025/10/05 09:17:55.841,238.084,4.883
2025/10/05 09:17:57.237,238.449,4.883
2025/10/05 09:17:58.624,239.009,4.883
2025/10/05 09:17:59.965,239.567,4.883
2025/10/05 09:18:01.560,239.935,4.883
2025/10/05 09:18:02.959,240.49,4.883
2025/10/05 09:18:04.354,241.083,4.883
2025/10/05 09:18:05.695,241.404,4.883
2025/10/05 09:18:07.079,242.006,4.883
2025/10/05 09:18:08.634,242.454,4.883
2025/10/05 09:18:10.004,243.03,4.883
2025/10/05 09:18:11.373,243.517,4.883
2025/10/05 09:18:12.746,243.945,4.883
2025/10/05 09:18:14.353,244.459,4.883
2025/10/05 09:18:15.775,245.002,4.883
2025/10/05 09:18:18.307,229.017,4.287
2025/10/05 09:18:19.871,229.484,4.287
2025/10/05 09:18:21.289,230.003,4.287
2025/10/05 09:18:22.645,230.476,4.287
2025/10/05 09:18:24.030,231.077,4.287
2025/10/05 09:18:25.601,231.459,4.287
2025/10/05 09:18:26.993,231.964,4.287
2025/10/05 09:18:28.363,232.497,4.287
2025/10/05 09:18:29.726,233.055,4.287
2025/10/05 09:18:31.109,233.544,4.287
2025/10/05 09:18:32.677,234.107,4.287
2025/10/05 09:18:34.033,234.417,4.287
2025/10/05 09:18:35.412,235.129,4.287
2025/10/05 09:18:36.782,235.406,4.287
2025/10/05 09:18:38.379,235.914,4.287
2025/10/05 09:18:39.756,236.598,4.287
2025/10/05 09:18:41.145,236.914,4.287
2025/10/05 09:18:42.522,237.535,4.287
2025/10/05 09:18:44.078,238.065,4.287
2025/10/05 09:18:45.474,238.419,4.287
2025/10/05 09:18:46.844,239.001,4.287
2025/10/05 09:18:48.201,239.553,4.287
2025/10/05 09:18:49.963,239.941,4.287
2025/10/05 09:18:51.358,240.539,4.287
2025/10/05 09:18:52.742,241.031,4.287
2025/10/05 09:18:54.109,241.437,4.287
2025/10/05 09:18:55.698,242.011,4.287
2025/10/05 09:18:57.097,242.605,4.287
2025/10/05 09:18:58.469,242.904,4.287
2025/10/05 09:18:59.825,243.561,4.287
2025/10/05 09:19:01.478,243.898,4.287
2025/10/05 09:19:02.836,244.533,4.287
2025/10/05 09:19:04.208,244.956,4.287
2025/10/05 09:19:07.301,223.052,11.208
2025/10/05 09:19:08.700,224.005,11.208
2025/10/05 09:19:10.411,224.917,11.208
2025/10/05 09:19:11.871,226.087,11.208
2025/10/05 09:19:13.385,226.933,11.208
2025/10/05 09:19:14.993,227.985,11.208
2025/10/05 09:19:16.423,229.001,11.208
2025/10/05 09:19:17.819,230.042,11.208
2025/10/05 09:19:19.221,230.945,11.208
2025/10/05 09:19:20.755,231.959,11.208
2025/10/05 09:19:22.177,232.972,11.208
2025/10/05 09:19:23.641,234.033,11.208
2025/10/05 09:19:25.231,235.01,11.208
2025/10/05 09:19:26.708,236.021,11.208
2025/10/05 09:19:28.133,236.993,11.208
2025/10/05 09:19:29.547,238.026,11.208
2025/10/05 09:19:30.960,239.004,11.208
2025/10/05 09:19:32.383,239.938,11.208
2025/10/05 09:19:33.829,241.036,11.208
2025/10/05 09:19:35.439,241.976,11.208
2025/10/05 09:19:36.856,243.008,11.208
2025/10/05 09:19:38.251,243.981,11.208
2025/10/05 09:19:39.915,245.027,11.208
2025/10/05 09:19:41.392,246.038,11.208
2025/10/05 09:19:42.827,246.958,11.208
2025/10/05 09:19:44.478,248.035,11.208
2025/10/05 09:19:45.892,249.065,11.208
2025/10/05 09:19:47.322,250.015,11.208
2025/10/05 09:19:48.940,251.012,11.208
2025/10/05 09:19:51.745,227.034,6.781
2025/10/05 09:19:53.292,227.466,6.781
2025/10/05 09:19:54.717,227.993,6.781
2025/10/05 09:19:56.116,228.498,6.781
2025/10/05 09:19:57.672,229.108,6.781
2025/10/05 09:19:59.058,229.465,6.781
2025/10/05 09:20:00.450,229.992,6.781
2025/10/05 09:20:01.804,230.523,6.781
2025/10/05 09:20:03.190,231.039,6.781
2025/10/05 09:20:04.773,231.448,6.781
2025/10/05 09:20:06.162,231.997,6.781
2025/10/05 09:20:07.567,232.5,6.781
2025/10/05 09:20:08.982,232.981,6.781
2025/10/05 09:20:10.464,233.533,6.781
2025/10/05 09:20:11.898,233.948,6.781
2025/10/05 09:20:13.281,234.541,6.781
2025/10/05 09:20:14.668,235.016,6.781
2025/10/05 09:20:16.258,235.502,6.781
2025/10/05 09:20:17.632,236.016,6.781
2025/10/05 09:20:19.040,236.549,6.781
2025/10/05 09:20:20.391,236.922,6.781
2025/10/05 09:20:22.082,237.499,6.781
2025/10/05 09:20:23.456,238.001,6.781
2025/10/05 09:20:24.835,238.584,6.781
2025/10/05 09:20:26.234,238.922,6.781
2025/10/05 09:20:27.804,239.526,6.781
2025/10/05 09:20:29.193,239.998,6.781
2025/10/05 09:20:30.548,240.567,6.781
2025/10/05 09:20:31.937,240.973,6.781
2025/10/05 09:20:33.292,241.459,6.781
2025/10/05 09:20:34.799,242.05,6.781
2025/10/05 09:20:36.176,242.525,6.781
2025/10/05 09:20:37.566,243.0,6.781
2025/10/05 09:20:38.967,243.55,6.781
2025/10/05 09:20:40.543,243.953,6.781
2025/10/05 09:20:41.949,244.516,6.781
2025/10/05 09:20:43.350,244.953,6.781
2025/10/05 09:20:44.746,245.566,6.781
2025/10/05 09:20:46.283,245.964,6.781
2025/10/05 09:20:47.670,246.502,6.781
2025/10/05 09:20:49.010,246.966,6.781
2025/10/05 09:20:51.996,229.017,4.891
2025/10/05 09:20:53.376,229.46,4.891
2025/10/05 09:20:54.805,229.957,4.891
2025/10/05 09:20:56.194,230.539,4.891
2025/10/05 09:20:57.734,231.011,4.891
2025/10/05 09:20:59.116,231.462,4.891
2025/10/05 09:21:00.506,232.022,4.891
2025/10/05 09:21:01.877,232.528,4.891
2025/10/05 09:21:03.469,232.997,4.891
2025/10/05 09:21:04.855,233.533,4.891
2025/10/05 09:21:06.264,233.989,4.891
2025/10/05 09:21:07.851,234.519,4.891
2025/10/05 09:21:09.237,234.986,4.891
2025/10/05 09:21:10.624,235.499,4.891
2025/10/05 09:21:12.000,236.027,4.891
2025/10/05 09:21:13.364,236.507,4.891
2025/10/05 09:21:14.834,237.054,4.891
2025/10/05 09:21:16.194,237.438,4.891
2025/10/05 09:21:17.590,238.158,4.891
2025/10/05 09:21:18.947,238.471,4.891
2025/10/05 09:21:20.504,238.905,4.891
2025/10/05 09:21:21.934,239.526,4.891
2025/10/05 09:21:23.278,240.004,4.891
2025/10/05 09:21:24.617,240.586,4.891
2025/10/05 09:21:26.214,241.053,4.891
2025/10/05 09:21:27.591,241.407,4.891
2025/10/05 09:21:28.996,242.014,4.891
2025/10/05 09:21:30.347,242.52,4.891
2025/10/05 09:21:31.816,243.017,4.891
2025/10/05 09:21:33.191,243.475,4.891
2025/10/05 09:21:34.572,244.005,4.891
2025/10/05 09:21:35.908,244.448,4.891
2025/10/05 09:21:37.549,244.994,4.891
2025/10/05 09:21:40.030,228.973,4.276
2025/10/05 09:21:41.384,229.32,4.276
2025/10/05 09:21:42.956,230.031,4.276
2025/10/05 09:21:44.360,230.421,4.276
2025/10/05 09:21:45.749,230.965,4.276
2025/10/05 09:21:47.133,231.536,4.276
2025/10/05 09:21:48.758,232.03,4.276
2025/10/05 09:21:50.177,232.566,4.276
2025/10/05 09:21:51.563,232.992,4.276
2025/10/05 09:21:52.942,233.503,4.276
2025/10/05 09:21:54.548,233.964,4.276
2025/10/05 09:21:55.923,234.527,4.276
2025/10/05 09:21:57.296,235.027,4.276
2025/10/05 09:21:58.897,235.466,4.276
2025/10/05 09:22:00.293,235.92,4.276
2025/10/05 09:22:01.660,236.549,4.276
2025/10/05 09:22:03.015,237.021,4.276
2025/10/05 09:22:04.411,237.529,4.276
2025/10/05 09:22:05.977,237.979,4.276
2025/10/05 09:22:07.343,238.49,4.276
2025/10/05 09:22:08.740,238.998,4.276
2025/10/05 09:22:10.104,239.531,4.276
2025/10/05 09:22:11.564,239.941,4.276
2025/10/05 09:22:12.950,240.537,4.276
2025/10/05 09:22:14.284,241.023,4.276
2025/10/05 09:22:15.674,241.492,4.276
2025/10/05 09:22:17.262,241.979,4.276
2025/10/05 09:22:18.706,242.52,4.276
2025/10/05 09:22:20.065,243.008,4.276
2025/10/05 09:22:21.429,243.539,4.276
2025/10/05 09:22:23.014,243.986,4.276
2025/10/05 09:22:24.388,244.464,4.276
2025/10/05 09:22:25.747,244.983,4.276
2025/10/05 09:22:28.859,223.082,11.208
2025/10/05 09:22:30.267,223.977,11.208
2025/10/05 09:22:31.825,224.988,11.208
2025/10/05 09:22:33.432,225.985,11.208
2025/10/05 09:22:34.918,227.059,11.208
2025/10/05 09:22:36.287,227.993,11.208
2025/10/05 09:22:37.857,229.004,11.208
2025/10/05 09:22:39.322,229.959,11.208
2025/10/05 09:22:40.761,231.113,11.208
2025/10/05 09:22:42.326,231.893,11.208
2025/10/05 09:22:43.779,233.058,11.208
2025/10/05 09:22:45.179,233.964,11.208
2025/10/05 09:22:46.751,235.057,11.208
2025/10/05 09:22:48.177,235.903,11.208
2025/10/05 09:22:49.573,237.09,11.208
2025/10/05 09:22:50.981,237.963,11.208
2025/10/05 09:22:52.555,238.976,11.208
2025/10/05 09:22:53.975,239.998,11.208
2025/10/05 09:22:55.411,241.069,11.208
2025/10/05 09:22:57.023,241.951,11.208
2025/10/05 09:22:58.455,242.995,11.208
2025/10/05 09:23:00.025,244.085,11.208
2025/10/05 09:23:01.475,244.981,11.208
2025/10/05 09:23:02.945,245.967,11.208
2025/10/05 09:23:04.355,247.057,11.208
2025/10/05 09:23:05.885,248.013,11.208
2025/10/05 09:23:07.360,248.974,11.208
2025/10/05 09:23:08.797,249.955,11.208
2025/10/05 09:23:10.419,251.031,11.208
2025/10/05 09:23:13.264,226.99,6.773
2025/10/05 09:23:14.803,227.468,6.773
2025/10/05 09:23:16.219,228.081,6.773
2025/10/05 09:23:17.563,228.435,6.773
2025/10/05 09:23:18.972,228.864,6.773
2025/10/05 09:23:20.572,229.547,6.773
2025/10/05 09:23:21.983,229.984,6.773
2025/10/05 09:23:23.376,230.547,6.773
2025/10/05 09:23:24.950,231.033,6.773
2025/10/05 09:23:26.360,231.492,6.773
2025/10/05 09:23:27.716,232.0,6.773
2025/10/05 09:23:29.126,232.473,6.773
2025/10/05 09:23:30.574,233.096,6.773
2025/10/05 09:23:31.983,233.434,6.773
2025/10/05 09:23:33.369,234.085,6.773
2025/10/05 09:23:34.738,234.505,6.773
2025/10/05 09:23:36.380,234.983,6.773
2025/10/05 09:23:37.790,235.499,6.773
2025/10/05 09:23:39.167,236.046,6.773
2025/10/05 09:23:40.697,236.474,6.773
2025/10/05 09:23:42.135,237.024,6.773
2025/10/05 09:23:43.479,237.513,6.773
2025/10/05 09:23:44.868,237.982,6.773
2025/10/05 09:23:46.287,238.51,6.773
2025/10/05 09:23:47.688,238.998,6.773
2025/10/05 09:23:49.042,239.482,6.773
2025/10/05 09:23:50.428,240.056,6.773
2025/10/05 09:23:51.797,240.495,6.773
2025/10/05 09:23:53.377,240.984,6.773
2025/10/05 09:23:54.751,241.509,6.773
2025/10/05 09:23:56.116,241.995,6.773
2025/10/05 09:23:57.508,242.509,6.773
2025/10/05 09:23:59.152,243.039,6.773
2025/10/05 09:24:00.587,243.497,6.773
2025/10/05 09:24:01.942,243.975,6.773
2025/10/05 09:24:03.320,244.533,6.773
2025/10/05 09:24:04.957,245.027,6.773
2025/10/05 09:24:06.365,245.475,6.773
2025/10/05 09:24:07.737,245.986,6.773
2025/10/05 09:24:09.092,246.532,6.773
2025/10/05 09:24:10.458,247.016,6.773
2025/10/05 09:24:13.511,229.053,4.886
2025/10/05 09:24:14.924,229.523,4.886
2025/10/05 09:24:16.305,229.957,4.886
2025/10/05 09:24:17.684,230.506,4.886
2025/10/05 09:24:19.225,231.028,4.886
2025/10/05 09:24:20.634,231.498,4.886
2025/10/05 09:24:21.989,232.03,4.886
2025/10/05 09:24:23.420,232.379,4.886
2025/10/05 09:24:24.894,233.178,4.886
2025/10/05 09:24:26.270,233.437,4.886
2025/10/05 09:24:27.659,233.934,4.886
2025/10/05 09:24:29.060,234.467,4.886
2025/10/05 09:24:30.644,235.074,4.886
2025/10/05 09:24:32.007,235.505,4.886
2025/10/05 09:24:33.377,235.911,4.886
2025/10/05 09:24:35.017,236.516,4.886
2025/10/05 09:24:36.405,237.07,4.886
2025/10/05 09:24:37.782,237.449,4.886
2025/10/05 09:24:39.168,238.065,4.886
2025/10/05 09:24:40.616,238.46,4.886
2025/10/05 09:24:42.023,239.034,4.886
2025/10/05 09:24:43.379,239.435,4.886
2025/10/05 09:24:44.748,240.02,4.886
2025/10/05 09:24:46.323,240.493,4.886
2025/10/05 09:24:47.763,241.006,4.886
2025/10/05 09:24:49.152,241.52,4.886
2025/10/05 09:24:50.519,242.022,4.886
2025/10/05 09:24:52.077,242.522,4.886
2025/10/05 09:24:53.419,243.028,4.886
2025/10/05 09:24:54.816,243.473,4.886
2025/10/05 09:24:56.180,244.063,4.886
2025/10/05 09:24:57.789,244.442,4.886
2025/10/05 09:24:59.144,245.027,4.886
2025/10/05 09:25:01.908,229.015,4.287
2025/10/05 09:25:03.501,229.479,4.287
2025/10/05 09:25:04.870,229.951,4.287
2025/10/05 09:25:06.235,230.544,4.287
2025/10/05 09:25:07.603,230.989,4.287
2025/10/05 09:25:09.188,231.465,4.287
2025/10/05 09:25:10.597,231.978,4.287
2025/10/05 09:25:11.949,232.514,4.287
2025/10/05 09:25:13.322,233.033,4.287
2025/10/05 09:25:14.827,233.47,4.287
2025/10/05 09:25:16.231,233.931,4.287
2025/10/05 09:25:17.617,234.555,4.287
2025/10/05 09:25:19.042,235.03,4.287
2025/10/05 09:25:20.612,235.45,4.287
2025/10/05 09:25:22.000,235.977,4.287
2025/10/05 09:25:23.366,236.48,4.287
2025/10/05 09:25:24.718,236.919,4.287
2025/10/05 09:25:26.307,237.51,4.287
2025/10/05 09:25:27.680,238.04,4.287
2025/10/05 09:25:29.029,238.452,4.287
2025/10/05 09:25:30.402,238.974,4.287
2025/10/05 09:25:31.767,239.471,4.287
2025/10/05 09:25:33.184,239.976,4.287
2025/10/05 09:25:34.584,240.501,4.287
2025/10/05 09:25:36.163,241.045,4.287
2025/10/05 09:25:37.599,241.396,4.287
2025/10/05 09:25:38.980,242.05,4.287
2025/10/05 09:25:40.352,242.5,4.287
2025/10/05 09:25:41.985,243.006,4.287
2025/10/05 09:25:43.385,243.481,4.287
2025/10/05 09:25:44.772,244.014,4.287
2025/10/05 09:25:46.168,244.514,4.287
2025/10/05 09:25:47.553,244.992,4.287
2025/10/05 09:25:50.643,222.989,11.203
2025/10/05 09:25:52.069,223.909,11.203
2025/10/05 09:25:53.672,225.013,11.203
2025/10/05 09:25:55.109,225.991,11.203
2025/10/05 09:25:56.531,227.034,11.203
2025/10/05 09:25:58.162,228.001,11.203
2025/10/05 09:25:59.587,229.015,11.203
2025/10/05 09:26:00.981,229.987,11.203
2025/10/05 09:26:02.624,231.053,11.203
2025/10/05 09:26:04.075,231.997,11.203
2025/10/05 09:26:05.490,233.0,11.203
2025/10/05 09:26:07.124,233.994,11.203
2025/10/05 09:26:08.574,235.032,11.203
2025/10/05 09:26:09.992,235.988,11.203
2025/10/05 09:26:11.600,237.048,11.203
2025/10/05 09:26:14.159,238.01,11.203
2025/10/05 09:26:15.593,238.971,11.203
2025/10/05 09:26:17.020,239.954,11.203
2025/10/05 09:26:18.663,241.012,11.203
2025/10/05 09:26:20.094,242.02,11.203
2025/10/05 09:26:21.517,242.989,11.203
2025/10/05 09:26:23.140,244.03,11.203
2025/10/05 09:26:24.582,244.937,11.203
2025/10/05 09:26:25.979,246.002,11.203
2025/10/05 09:26:27.583,246.964,11.203
2025/10/05 09:26:29.035,247.994,11.203
2025/10/05 09:26:30.554,249.045,11.203
2025/10/05 09:26:32.155,250.026,11.203
2025/10/05 09:26:33.662,250.987,11.203
2025/10/05 09:26:36.755,227.012,6.781
2025/10/05 09:26:38.166,227.51,6.781
2025/10/05 09:26:39.528,227.924,6.781
2025/10/05 09:26:41.098,228.616,6.781
2025/10/05 09:26:42.471,228.913,6.781
2025/10/05 09:26:43.831,229.63,6.781
2025/10/05 09:26:45.210,229.998,6.781
2025/10/05 09:26:46.617,230.404,6.781
2025/10/05 09:26:48.003,230.992,6.781
2025/10/05 09:26:49.389,231.542,6.781
2025/10/05 09:26:50.762,231.975,6.781
2025/10/05 09:26:52.150,232.574,6.781
2025/10/05 09:26:53.746,232.923,6.781
2025/10/05 09:26:55.136,233.505,6.781
2025/10/05 09:26:56.498,234.027,6.781
2025/10/05 09:26:57.860,234.406,6.781
2025/10/05 09:26:59.495,235.021,6.781
2025/10/05 09:27:00.897,235.554,6.781
2025/10/05 09:27:02.285,235.95,6.781
2025/10/05 09:27:03.873,236.499,6.781
2025/10/05 09:27:05.290,236.993,6.781
2025/10/05 09:27:06.633,237.532,6.781
2025/10/05 09:27:08.011,237.974,6.781
2025/10/05 09:27:09.623,238.479,6.781
2025/10/05 09:27:10.994,238.996,6.781
2025/10/05 09:27:12.426,239.504,6.781
2025/10/05 09:27:13.781,240.048,6.781
2025/10/05 09:27:15.385,240.44,6.781
2025/10/05 09:27:16.752,240.968,6.781
2025/10/05 09:27:18.093,241.553,6.781
2025/10/05 09:27:19.488,242.022,6.781
2025/10/05 09:27:21.177,242.429,6.781
2025/10/05 09:27:22.570,243.011,6.781
2025/10/05 09:27:23.951,243.577,6.781
2025/10/05 09:27:25.345,243.942,6.781
2025/10/05 09:27:26.947,244.486,6.781
2025/10/05 09:27:28.324,244.997,6.781
2025/10/05 09:27:29.707,245.566,6.781
2025/10/05 09:27:31.062,245.936,6.781
2025/10/05 09:27:32.661,246.516,6.781
2025/10/05 09:27:34.042,247.024,6.781
2025/10/05 09:27:36.893,229.067,4.883
2025/10/05 09:27:38.272,229.49,4.883
2025/10/05 09:27:39.640,230.028,4.883
2025/10/05 09:27:41.014,230.531,4.883
2025/10/05 09:27:42.606,231.014,4.883
2025/10/05 09:27:43.956,231.473,4.883
2025/10/05 09:27:45.328,232.168,4.883
2025/10/05 09:27:46.700,232.434,4.883
2025/10/05 09:27:48.212,233.047,4.883
2025/10/05 09:27:49.607,233.456,4.883
2025/10/05 09:27:51.013,233.967,4.883
2025/10/05 09:27:52.407,234.491,4.883
2025/10/05 09:27:54.069,235.024,4.883
2025/10/05 09:27:55.561,235.48,4.883
2025/10/05 09:27:56.923,236.007,4.883
2025/10/05 09:27:58.281,236.521,4.883
2025/10/05 09:27:59.888,237.15,4.883
2025/10/05 09:28:01.271,237.312,4.883
2025/10/05 09:28:02.680,237.993,4.883
2025/10/05 09:28:04.037,238.614,4.883
2025/10/05 09:28:05.644,238.924,4.883
2025/10/05 09:28:07.008,239.512,4.883
2025/10/05 09:28:08.422,239.99,4.883
2025/10/05 09:28:09.776,240.534,4.883
2025/10/05 09:28:11.328,241.025,4.883
2025/10/05 09:28:12.730,241.462,4.883
2025/10/05 09:28:14.084,241.973,4.883
2025/10/05 09:28:15.453,242.555,4.883
2025/10/05 09:28:16.980,242.926,4.883
2025/10/05 09:28:18.367,243.517,4.883
2025/10/05 09:28:19.770,243.97,4.883
2025/10/05 09:28:21.141,244.541,4.883
2025/10/05 09:28:22.726,245.0,4.883
2025/10/05 09:28:25.293,229.072,4.281
2025/10/05 09:28:26.906,229.451,4.281
2025/10/05 09:28:28.293,230.017,4.281
2025/10/05 09:28:29.691,230.503,4.281
2025/10/05 09:28:31.059,230.989,4.281
2025/10/05 09:28:32.413,231.585,4.281
2025/10/05 09:28:33.991,231.945,4.281
2025/10/05 09:28:35.360,232.544,4.281
2025/10/05 09:28:36.745,232.95,4.281
2025/10/05 09:28:38.119,233.538,4.281
2025/10/05 09:28:39.736,233.917,4.281
2025/10/05 09:28:41.107,234.544,4.281
2025/10/05 09:28:42.465,234.964,4.281
2025/10/05 09:28:43.828,235.486,4.281
2025/10/05 09:28:45.579,235.931,4.281
2025/10/05 09:28:46.948,236.452,4.281
2025/10/05 09:28:48.309,236.971,4.281
2025/10/05 09:28:49.866,237.441,4.281
2025/10/05 09:28:51.273,238.007,4.281
2025/10/05 09:28:52.660,238.625,4.281
2025/10/05 09:28:54.055,239.053,4.281
2025/10/05 09:28:55.433,239.476,4.281
2025/10/05 09:28:57.100,239.946,4.281
2025/10/05 09:28:58.495,240.542,4.281
2025/10/05 09:28:59.854,240.976,4.281
2025/10/05 09:29:01.235,241.567,4.281
2025/10/05 09:29:02.612,241.984,4.281
2025/10/05 09:29:04.238,242.481,4.281
2025/10/05 09:29:05.653,242.921,4.281
2025/10/05 09:29:07.036,243.525,4.281
2025/10/05 09:29:08.410,244.033,4.281
2025/10/05 09:29:09.978,244.511,4.281
2025/10/05 09:29:11.373,244.97,4.281
2025/10/05 09:29:14.387,223.068,11.208
2025/10/05 09:29:15.853,223.95,11.208
2025/10/05 09:29:17.285,224.972,11.208
2025/10/05 09:29:18.898,226.059,11.208
2025/10/05 09:29:20.326,227.01,11.208
2025/10/05 09:29:21.790,227.911,11.208
2025/10/05 09:29:23.217,229.006,11.208
2025/10/05 09:29:24.809,230.014,11.208
2025/10/05 09:29:26.239,231.02,11.208
2025/10/05 09:29:27.645,231.975,11.208
2025/10/05 09:29:29.064,233.019,11.208
2025/10/05 09:29:30.500,233.978,11.208
2025/10/05 09:29:32.088,235.016,11.208
2025/10/05 09:29:33.484,236.043,11.208
2025/10/05 09:29:34.870,236.999,11.208
2025/10/05 09:29:36.317,237.971,11.208
2025/10/05 09:29:37.916,239.034,11.208
2025/10/05 09:29:39.336,239.949,11.208
2025/10/05 09:29:40.768,241.042,11.208
2025/10/05 09:29:42.204,241.962,11.208
2025/10/05 09:29:43.827,242.943,11.208
2025/10/05 09:29:45.304,244.063,11.208
2025/10/05 09:29:46.875,244.986,11.208
2025/10/05 09:29:48.303,245.967,11.208
2025/10/05 09:29:49.755,247.01,11.208
2025/10/05 09:29:51.146,248.018,11.208
2025/10/05 09:29:52.781,249.004,11.208
2025/10/05 09:29:54.239,249.993,11.208
2025/10/05 09:29:55.618,250.998,11.208
2025/10/05 09:29:58.790,227.056,6.784
2025/10/05 09:30:00.193,227.468,6.784
2025/10/05 09:30:01.579,228.051,6.784
2025/10/05 09:30:03.050,228.441,6.784
2025/10/05 09:30:04.418,229.05,6.784
2025/10/05 09:30:05.803,229.498,6.784
2025/10/05 09:30:07.184,230.031,6.784
2025/10/05 09:30:08.764,230.451,6.784
2025/10/05 09:30:10.147,231.014,6.784
2025/10/05 09:30:11.515,231.495,6.784
2025/10/05 09:30:12.924,232.019,6.784
2025/10/05 09:30:14.482,232.475,6.784
2025/10/05 09:30:15.881,233.025,6.784
2025/10/05 09:30:17.265,233.522,6.784
2025/10/05 09:30:18.640,234.002,6.784
2025/10/05 09:30:20.201,234.456,6.784
2025/10/05 09:30:21.671,235.052,6.784
2025/10/05 09:30:23.023,235.472,6.784
2025/10/05 09:30:24.381,236.104,6.784
2025/10/05 09:30:25.937,236.436,6.784
2025/10/05 09:30:27.310,236.98,6.784
2025/10/05 09:30:28.717,237.603,6.784
2025/10/05 09:30:30.218,237.894,6.784
2025/10/05 09:30:31.836,238.471,6.784
2025/10/05 09:30:33.215,239.062,6.784
2025/10/05 09:30:34.568,239.498,6.784
2025/10/05 09:30:36.155,239.993,6.784
2025/10/05 09:30:37.539,240.476,6.784
2025/10/05 09:30:38.928,240.987,6.784
2025/10/05 09:30:40.283,241.484,6.784
2025/10/05 09:30:41.975,242.066,6.784
2025/10/05 09:30:43.326,242.503,6.784
2025/10/05 09:30:44.722,242.943,6.784
2025/10/05 09:30:46.092,243.514,6.784
2025/10/05 09:30:47.472,244.038,6.784
2025/10/05 09:30:49.086,244.464,6.784
2025/10/05 09:30:50.459,244.981,6.784
2025/10/05 09:30:51.848,245.494,6.784
2025/10/05 09:30:53.234,245.991,6.784
2025/10/05 09:30:54.815,246.486,6.784
2025/10/05 09:30:56.183,247.06,6.784
2025/10/05 09:30:59.151,229.05,4.886
2025/10/05 09:31:00.563,229.457,4.886
2025/10/05 09:31:01.949,229.987,4.886
2025/10/05 09:31:03.336,230.531,4.886
2025/10/05 09:31:04.940,230.951,4.886
2025/10/05 09:31:06.329,231.506,4.886
2025/10/05 09:31:07.721,232.019,4.886
2025/10/05 09:31:09.114,232.475,4.886
2025/10/05 09:31:10.470,233.022,4.886
2025/10/05 09:31:12.019,233.527,4.886
2025/10/05 09:31:13.400,233.997,4.886
2025/10/05 09:31:14.778,234.524,4.886
2025/10/05 09:31:16.145,234.947,4.886
2025/10/05 09:31:17.733,235.494,4.886
2025/10/05 09:31:19.092,236.06,4.886
2025/10/05 09:31:20.474,236.483,4.886
2025/10/05 09:31:21.886,237.079,4.886
2025/10/05 09:31:23.434,237.416,4.886
2025/10/05 09:31:24.829,238.073,4.886
2025/10/05 09:31:26.199,238.43,4.886
2025/10/05 09:31:27.581,239.026,4.886
2025/10/05 09:31:29.104,239.564,4.886
2025/10/05 09:31:30.488,239.946,4.886
2025/10/05 09:31:31.872,240.528,4.886
2025/10/05 09:31:33.244,240.979,4.886
2025/10/05 09:31:34.825,241.517,4.886
2025/10/05 09:31:36.203,242.011,4.886
2025/10/05 09:31:37.579,242.509,4.886
2025/10/05 09:31:39.171,243.03,4.886
2025/10/05 09:31:40.543,243.517,4.886
2025/10/05 09:31:41.926,243.931,4.886
2025/10/05 09:31:43.312,244.527,4.886
2025/10/05 09:31:44.691,245.046,4.886
2025/10/05 09:31:47.461,229.064,4.29
2025/10/05 09:31:48.853,229.413,4.29
2025/10/05 09:31:50.223,230.08,4.29
2025/10/05 09:31:51.819,230.492,4.29
2025/10/05 09:31:53.206,230.995,4.29
2025/10/05 09:31:54.585,231.495,4.29
2025/10/05 09:31:56.122,232.011,4.29
2025/10/05 09:31:57.527,232.536,4.29
2025/10/05 09:31:58.887,233.027,4.29
2025/10/05 09:32:00.286,233.467,4.29
2025/10/05 09:32:01.655,234.008,4.29
2025/10/05 09:32:03.241,234.497,4.29
2025/10/05 09:32:04.730,234.95,4.29
2025/10/05 09:32:06.137,235.568,4.29
2025/10/05 09:32:07.464,235.914,4.29
2025/10/05 09:32:09.046,236.565,4.29
2025/10/05 09:32:10.441,237.057,4.29
2025/10/05 09:32:11.822,237.471,4.29
2025/10/05 09:32:13.233,237.988,4.29
2025/10/05 09:32:14.832,238.554,4.29
2025/10/05 09:32:16.231,238.979,4.29
2025/10/05 09:32:17.590,239.537,4.29
2025/10/05 09:32:18.950,239.938,4.29
2025/10/05 09:32:20.411,240.567,4.29
2025/10/05 09:32:21.787,240.995,4.29
2025/10/05 09:32:23.179,241.459,4.29
2025/10/05 09:32:24.568,242.061,4.29
2025/10/05 09:32:26.118,242.506,4.29
2025/10/05 09:32:27.474,242.992,4.29
2025/10/05 09:32:28.888,243.412,4.29
2025/10/05 09:32:30.253,244.041,4.29
2025/10/05 09:32:31.864,244.577,4.29
2025/10/05 09:32:33.227,244.983,4.29
2025/10/05 09:32:36.322,223.093,11.217
2025/10/05 09:32:37.751,224.008,11.217
2025/10/05 09:32:39.159,224.985,11.217
2025/10/05 09:32:40.847,225.952,11.217
2025/10/05 09:32:42.274,226.993,11.217
2025/10/05 09:32:43.685,227.979,11.217
2025/10/05 09:32:45.298,229.067,11.217
2025/10/05 09:32:46.709,230.023,11.217
2025/10/05 09:32:48.129,230.965,11.217
2025/10/05 09:32:49.531,231.989,11.217
2025/10/05 09:32:51.131,233.096,11.217
2025/10/05 09:32:52.533,233.884,11.217
2025/10/05 09:32:53.975,235.013,11.217
2025/10/05 09:32:55.563,236.076,11.217
2025/10/05 09:32:56.974,236.928,11.217
2025/10/05 09:32:58.437,238.004,11.217
2025/10/05 09:33:00.009,239.02,11.217
2025/10/05 09:33:01.442,239.968,11.217
2025/10/05 09:33:02.884,241.028,11.217
2025/10/05 09:33:04.347,241.998,11.217
2025/10/05 09:33:05.961,242.997,11.217
2025/10/05 09:33:07.369,244.0,11.217
2025/10/05 09:33:08.749,245.09,11.217
2025/10/05 09:33:10.349,245.917,11.217
2025/10/05 09:33:11.796,246.991,11.217
2025/10/05 09:33:13.207,248.005,11.217
2025/10/05 09:33:14.862,249.04,11.217
2025/10/05 09:33:16.320,249.938,11.217
2025/10/05 09:33:17.713,251.163,11.217
2025/10/05 09:33:20.756,227.084,6.784
2025/10/05 09:33:22.101,227.584,6.784
2025/10/05 09:33:23.450,227.952,6.784
2025/10/05 09:33:25.029,228.482,6.784
2025/10/05 09:33:26.369,229.064,6.784
2025/10/05 09:33:27.777,229.443,6.784
2025/10/05 09:33:29.146,230.143,6.784
2025/10/05 09:33:30.500,230.415,6.784
2025/10/05 09:33:32.101,230.759,6.784
2025/10/05 09:33:33.476,231.613,6.784
2025/10/05 09:33:34.848,232.047,6.784
2025/10/05 09:33:36.317,232.478,6.784
2025/10/05 09:33:37.890,233.027,6.784
2025/10/05 09:33:39.296,233.464,6.784
2025/10/05 09:33:40.695,233.989,6.784
2025/10/05 09:33:42.088,234.524,6.784
2025/10/05 09:33:43.666,234.961,6.784
2025/10/05 09:33:45.075,235.461,6.784
2025/10/05 09:33:46.482,236.013,6.784
2025/10/05 09:33:48.070,236.507,6.784
2025/10/05 09:33:49.483,237.035,6.784
2025/10/05 09:33:50.851,237.441,6.784
2025/10/05 09:33:52.224,238.089,6.784
2025/10/05 09:33:53.576,238.49,6.784
2025/10/05 09:33:55.240,238.987,6.784
2025/10/05 09:33:56.670,239.372,6.784
2025/10/05 09:33:58.071,240.037,6.784
2025/10/05 09:33:59.467,240.537,6.784
2025/10/05 09:34:00.882,240.976,6.784
2025/10/05 09:34:02.291,241.501,6.784
2025/10/05 09:34:03.682,241.962,6.784
2025/10/05 09:34:05.028,242.577,6.784
2025/10/05 09:34:06.600,242.987,6.784
2025/10/05 09:34:08.021,243.456,6.784
2025/10/05 09:34:09.406,244.033,6.784
2025/10/05 09:34:10.805,244.508,6.784
2025/10/05 09:34:12.401,245.066,6.784
2025/10/05 09:34:13.778,245.522,6.784
2025/10/05 09:34:15.154,245.964,6.784
2025/10/05 09:34:16.526,246.494,6.784
2025/10/05 09:34:18.079,246.961,6.784
2025/10/05 09:34:20.759,229.097,4.886
2025/10/05 09:34:22.135,229.556,4.886
2025/10/05 09:34:23.703,230.001,4.886
2025/10/05 09:34:25.097,230.495,4.886
2025/10/05 09:34:26.452,230.989,4.886
2025/10/05 09:34:28.012,231.423,4.886
2025/10/05 09:34:29.400,232.162,4.886
2025/10/05 09:34:30.818,232.42,4.886
2025/10/05 09:34:32.223,233.041,4.886
2025/10/05 09:34:33.588,233.5,4.886
2025/10/05 09:34:35.182,233.975,4.886
2025/10/05 09:34:36.611,234.56,4.886
2025/10/05 09:34:37.972,234.961,4.886
2025/10/05 09:34:39.365,235.549,4.886
2025/10/05 09:34:40.990,236.117,4.886
2025/10/05 09:34:42.322,236.386,4.886
2025/10/05 09:34:43.733,236.991,4.886
2025/10/05 09:34:45.304,237.595,4.886
2025/10/05 09:34:46.701,237.944,4.886
2025/10/05 09:34:48.074,238.477,4.886
2025/10/05 09:34:49.443,239.04,4.886
2025/10/05 09:34:50.870,239.512,4.886
2025/10/05 09:34:52.228,240.042,4.886
2025/10/05 09:34:53.616,240.484,4.886
2025/10/05 09:34:55.021,241.02,4.886
2025/10/05 09:34:56.391,241.558,4.886
2025/10/05 09:34:57.952,241.973,4.886
2025/10/05 09:34:59.325,242.432,4.886
2025/10/05 09:35:00.716,243.0,4.886
2025/10/05 09:35:02.289,243.511,4.886
2025/10/05 09:35:03.663,244.0,4.886
2025/10/05 09:35:05.023,244.5,4.886
2025/10/05 09:35:06.436,245.068,4.886
2025/10/05 09:35:09.274,229.028,4.29
2025/10/05 09:35:10.680,229.424,4.29
2025/10/05 09:35:12.077,230.036,4.29
2025/10/05 09:35:13.441,230.495,4.29
2025/10/05 09:35:14.881,230.992,4.29
2025/10/05 09:35:16.218,231.561,4.29
2025/10/05 09:35:17.625,231.97,4.29
2025/10/05 09:35:19.010,232.539,4.29
2025/10/05 09:35:20.373,232.934,4.29
2025/10/05 09:35:21.928,233.486,4.29
2025/10/05 09:35:23.329,234.052,4.29
2025/10/05 09:35:24.729,234.472,4.29
2025/10/05 09:35:26.327,234.991,4.29
2025/10/05 09:35:27.725,235.461,4.29
2025/10/05 09:35:29.092,236.029,4.29
2025/10/05 09:35:30.478,236.499,4.29
2025/10/05 09:35:32.039,236.982,4.29
2025/10/05 09:35:33.413,237.526,4.29
2025/10/05 09:35:34.792,238.018,4.29
2025/10/05 09:35:36.175,238.449,4.29
2025/10/05 09:35:37.541,238.976,4.29
2025/10/05 09:35:38.928,239.567,4.29
2025/10/05 09:35:40.291,239.976,4.29
2025/10/05 09:35:41.692,240.462,4.29
2025/10/05 09:35:43.096,241.003,4.29
2025/10/05 09:35:44.639,241.523,4.29
2025/10/05 09:35:46.043,241.976,4.29
2025/10/05 09:35:47.428,242.624,4.29
2025/10/05 09:35:48.778,242.973,4.29
2025/10/05 09:35:50.391,243.437,4.29
2025/10/05 09:35:51.750,244.066,4.29
2025/10/05 09:35:53.101,244.5,4.29
2025/10/05 09:35:54.483,244.92,4.29
2025/10/05 09:35:57.589,223.104,11.208
2025/10/05 09:35:59.015,223.966,11.208
2025/10/05 09:36:00.643,225.038,11.208
2025/10/05 09:36:02.049,226.032,11.208
2025/10/05 09:36:03.454,226.897,11.208
2025/10/05 09:36:04.934,227.985,11.208
2025/10/05 09:36:06.526,229.026,11.208
2025/10/05 09:36:07.932,230.009,11.208
2025/10/05 09:36:09.348,231.003,11.208
2025/10/05 09:36:10.758,232.006,11.208
2025/10/05 09:36:12.241,233.003,11.208
2025/10/05 09:36:13.660,234.005,11.208
2025/10/05 09:36:15.105,234.986,11.208
2025/10/05 09:36:16.699,236.005,11.208
2025/10/05 09:36:18.134,236.971,11.208
2025/10/05 09:36:19.547,238.012,11.208
2025/10/05 09:36:21.180,239.018,11.208
2025/10/05 09:36:22.623,240.061,11.208
2025/10/05 09:36:24.045,240.916,11.208
2025/10/05 09:36:25.421,242.094,11.208
2025/10/05 09:36:27.055,242.951,11.208
2025/10/05 09:36:28.503,244.077,11.208
2025/10/05 09:36:30.118,244.948,11.208
2025/10/05 09:36:31.499,245.994,11.208
2025/10/05 09:36:32.981,246.994,11.208
2025/10/05 09:36:34.399,248.015,11.208
2025/10/05 09:36:35.999,249.092,11.208
2025/10/05 09:36:37.429,249.908,11.208
2025/10/05 09:36:38.815,251.105,11.208
2025/10/05 09:36:42.024,227.054,6.789
2025/10/05 09:36:43.424,227.501,6.789
2025/10/05 09:36:44.828,227.935,6.789
2025/10/05 09:36:46.394,228.498,6.789
2025/10/05 09:36:47.842,229.081,6.789
2025/10/05 09:36:49.225,229.468,6.789
2025/10/05 09:36:50.603,230.014,6.789
2025/10/05 09:36:52.188,230.47,6.789
2025/10/05 09:36:53.585,231.028,6.789
2025/10/05 09:36:54.977,231.489,6.789
2025/10/05 09:36:56.358,232.044,6.789
2025/10/05 09:36:57.919,232.448,6.789
2025/10/05 09:36:59.323,233.025,6.789
2025/10/05 09:37:00.693,233.492,6.789
2025/10/05 09:37:02.080,234.035,6.789
2025/10/05 09:37:03.652,234.431,6.789
2025/10/05 09:37:05.047,234.98,6.789
2025/10/05 09:37:06.456,235.502,6.789
2025/10/05 09:37:07.815,235.936,6.789
2025/10/05 09:37:09.483,236.54,6.789
2025/10/05 09:37:10.829,236.988,6.789
2025/10/05 09:37:12.223,237.491,6.789
2025/10/05 09:37:13.589,238.032,6.789
2025/10/05 09:37:14.965,238.51,6.789
2025/10/05 09:37:16.332,238.996,6.789
2025/10/05 09:37:17.719,239.512,6.789
2025/10/05 09:37:19.095,239.993,6.789
2025/10/05 09:37:20.460,240.509,6.789
2025/10/05 09:37:22.021,240.982,6.789
2025/10/05 09:37:23.437,241.495,6.789
2025/10/05 09:37:24.797,242.039,6.789
2025/10/05 09:37:26.159,242.484,6.789
2025/10/05 09:37:27.748,242.965,6.789
2025/10/05 09:37:29.120,243.596,6.789
2025/10/05 09:37:30.500,243.923,6.789
2025/10/05 09:37:31.880,244.514,6.789
2025/10/05 09:37:33.434,245.063,6.789
2025/10/05 09:37:34.804,245.387,6.789
2025/10/05 09:37:36.166,246.019,6.789
2025/10/05 09:37:37.512,246.486,6.789
2025/10/05 09:37:38.940,247.062,6.789
2025/10/05 09:37:41.691,228.995,4.883
2025/10/05 09:37:43.089,229.46,4.883
2025/10/05 09:37:44.787,230.014,4.883
2025/10/05 09:37:46.161,230.55,4.883
2025/10/05 09:37:47.537,230.932,4.883
2025/10/05 09:37:48.924,231.467,4.883
2025/10/05 09:37:50.517,232.052,4.883
2025/10/05 09:37:51.900,232.618,4.883
2025/10/05 09:37:53.320,232.986,4.883
2025/10/05 09:37:54.694,233.601,4.883
2025/10/05 09:37:56.370,233.937,4.883
2025/10/05 09:37:57.752,234.555,4.883
2025/10/05 09:37:59.131,234.969,4.883
2025/10/05 09:38:00.515,235.587,4.883
2025/10/05 09:38:01.897,235.906,4.883
2025/10/05 09:38:03.516,236.557,4.883
2025/10/05 09:38:04.896,236.966,4.883
2025/10/05 09:38:06.295,237.491,4.883
2025/10/05 09:38:07.704,237.936,4.883
2025/10/05 09:38:09.393,238.54,4.883
2025/10/05 09:38:10.774,239.001,4.883
2025/10/05 09:38:12.129,239.531,4.883
2025/10/05 09:38:13.546,239.99,4.883
2025/10/05 09:38:14.949,240.556,4.883
2025/10/05 09:38:16.304,240.995,4.883
2025/10/05 09:38:17.706,241.479,4.883
2025/10/05 09:38:19.108,242.02,4.883
2025/10/05 09:38:20.497,242.451,4.883
2025/10/05 09:38:22.105,243.025,4.883
2025/10/05 09:38:23.455,243.525,4.883
2025/10/05 09:38:24.836,243.97,4.883
2025/10/05 09:38:26.397,244.508,4.883
2025/10/05 09:38:27.811,244.994,4.883
2025/10/05 09:38:30.363,229.064,4.287
2025/10/05 09:38:31.956,229.49,4.287
2025/10/05 09:38:33.366,229.981,4.287
2025/10/05 09:38:34.734,230.575,4.287
2025/10/05 09:38:36.088,230.885,4.287
2025/10/05 09:38:37.499,231.522,4.287
2025/10/05 09:38:39.079,232.028,4.287
2025/10/05 09:38:40.442,232.547,4.287
2025/10/05 09:38:41.840,232.918,4.287
2025/10/05 09:38:43.426,233.508,4.287
2025/10/05 09:38:44.811,233.978,4.287
2025/10/05 09:38:46.179,234.695,4.287
2025/10/05 09:38:47.570,235.041,4.287
2025/10/05 09:38:48.995,235.348,4.287
2025/10/05 09:38:50.369,236.002,4.287
2025/10/05 09:38:51.744,236.516,4.287
2025/10/05 09:38:53.151,237.04,4.287
2025/10/05 09:38:54.517,237.43,4.287
2025/10/05 09:38:56.097,237.988,4.287
2025/10/05 09:38:57.470,238.496,4.287
2025/10/05 09:38:58.891,239.004,4.287
2025/10/05 09:39:00.467,239.515,4.287
2025/10/05 09:39:01.867,239.932,4.287
2025/10/05 09:39:03.222,240.531,4.287
2025/10/05 09:39:04.595,240.96,4.287
2025/10/05 09:39:06.053,241.512,4.287
2025/10/05 09:39:07.452,242.011,4.287
2025/10/05 09:39:08.832,242.522,4.287
2025/10/05 09:39:10.201,243.028,4.287
2025/10/05 09:39:11.767,243.5,4.287
2025/10/05 09:39:13.188,244.041,4.287
2025/10/05 09:39:14.577,244.467,4.287
2025/10/05 09:39:15.947,245.082,4.287
2025/10/05 09:39:19.289,222.98,11.219
2025/10/05 09:39:20.971,223.933,11.219
2025/10/05 09:39:22.393,225.01,11.219
2025/10/05 09:39:23.803,226.007,11.219
2025/10/05 09:39:25.419,226.946,11.219
2025/10/05 09:39:26.865,228.031,11.219
2025/10/05 09:39:28.317,228.998,11.219
2025/10/05 09:39:29.961,229.948,11.219
2025/10/05 09:39:31.382,231.031,11.219
2025/10/05 09:39:32.802,231.934,11.219
2025/10/05 09:39:34.457,233.047,11.219
2025/10/05 09:39:35.866,234.019,11.219
2025/10/05 09:39:37.298,235.041,11.219
2025/10/05 09:39:38.676,236.021,11.219
2025/10/05 09:39:40.283,236.947,11.219
2025/10/05 09:39:41.712,237.977,11.219
2025/10/05 09:39:43.170,239.07,11.219
2025/10/05 09:39:44.765,239.965,11.219
2025/10/05 09:39:46.172,241.034,11.219
2025/10/05 09:39:47.604,242.05,11.219
2025/10/05 09:39:49.239,242.97,11.219
2025/10/05 09:39:50.670,243.964,11.219
2025/10/05 09:39:52.064,245.016,11.219
2025/10/05 09:39:53.490,245.975,11.219
2025/10/05 09:39:55.105,247.01,11.219
2025/10/05 09:39:56.519,247.994,11.219
2025/10/05 09:39:57.977,249.01,11.219
2025/10/05 09:39:59.621,250.04,11.219
2025/10/05 09:40:01.073,251.015,11.219
2025/10/05 09:40:04.088,227.048,6.786
2025/10/05 09:40:05.470,227.468,6.786
2025/10/05 09:40:06.845,228.001,6.786
2025/10/05 09:40:08.257,228.474,6.786
2025/10/05 09:40:09.835,229.02,6.786
2025/10/05 09:40:11.215,229.465,6.786
2025/10/05 09:40:12.615,230.053,6.786
2025/10/05 09:40:13.974,230.52,6.786
2025/10/05 09:40:15.561,231.017,6.786
2025/10/05 09:40:16.937,231.459,6.786
2025/10/05 09:40:18.309,231.997,6.786
2025/10/05 09:40:19.658,232.577,6.786
2025/10/05 09:40:21.216,232.95,6.786
2025/10/05 09:40:22.615,233.461,6.786
2025/10/05 09:40:23.995,234.046,6.786
2025/10/05 09:40:25.355,234.456,6.786
2025/10/05 09:40:26.713,234.98,6.786
2025/10/05 09:40:28.268,235.508,6.786
2025/10/05 09:40:29.662,236.035,6.786
2025/10/05 09:40:31.044,236.406,6.786
2025/10/05 09:40:32.435,237.032,6.786
2025/10/05 09:40:33.993,237.491,6.786
2025/10/05 09:40:35.449,238.004,6.786
2025/10/05 09:40:36.845,238.485,6.786
2025/10/05 09:40:38.445,239.073,6.786
2025/10/05 09:40:39.842,239.438,6.786
2025/10/05 09:40:41.234,240.042,6.786
2025/10/05 09:40:42.583,240.506,6.786
2025/10/05 09:40:43.952,241.045,6.786
2025/10/05 09:40:45.506,241.512,6.786
2025/10/05 09:40:46.855,242.022,6.786
2025/10/05 09:40:48.249,242.404,6.786
2025/10/05 09:40:49.661,243.124,6.786
2025/10/05 09:40:51.247,243.42,6.786
2025/10/05 09:40:52.647,243.986,6.786
2025/10/05 09:40:54.005,244.497,6.786
2025/10/05 09:40:55.433,244.989,6.786
2025/10/05 09:40:57.031,245.546,6.786
2025/10/05 09:40:58.439,246.046,6.786
2025/10/05 09:40:59.803,246.422,6.786
2025/10/05 09:41:01.161,247.032,6.786
2025/10/05 09:41:04.341,229.015,4.883
2025/10/05 09:41:05.728,229.471,4.883
2025/10/05 09:41:07.255,230.003,4.883
2025/10/05 09:41:08.656,230.517,4.883
2025/10/05 09:41:10.019,231.011,4.883
2025/10/05 09:41:11.368,231.495,4.883
2025/10/05 09:41:12.781,232.028,4.883
2025/10/05 09:41:14.448,232.489,4.883
2025/10/05 09:41:15.855,232.959,4.883
2025/10/05 09:41:17.237,233.536,4.883
2025/10/05 09:41:18.606,233.989,4.883
2025/10/05 09:41:19.977,234.527,4.883
2025/10/05 09:41:21.405,234.936,4.883
2025/10/05 09:41:22.813,235.587,4.883
2025/10/05 09:41:24.195,236.054,4.883
2025/10/05 09:41:25.576,236.458,4.883
2025/10/05 09:41:27.152,237.032,4.883
2025/10/05 09:41:28.526,237.573,4.883
2025/10/05 09:41:29.871,237.958,4.883
2025/10/05 09:41:31.495,238.449,4.883
2025/10/05 09:41:32.878,238.955,4.883
2025/10/05 09:41:34.233,239.493,4.883
2025/10/05 09:41:35.646,239.976,4.883
2025/10/05 09:41:37.207,240.556,4.883
2025/10/05 09:41:38.611,240.951,4.883
2025/10/05 09:41:39.982,241.564,4.883
2025/10/05 09:41:41.364,242.017,4.883
2025/10/05 09:41:42.716,242.536,4.883
2025/10/05 09:41:44.284,242.907,4.883
2025/10/05 09:41:45.653,243.511,4.883
2025/10/05 09:41:47.034,244.047,4.883
2025/10/05 09:41:48.397,244.527,4.883
2025/10/05 09:41:49.778,245.011,4.883
2025/10/05 09:41:52.626,229.048,4.268
2025/10/05 09:41:53.982,229.438,4.268
2025/10/05 09:41:55.378,230.067,4.268
2025/10/05 09:41:56.765,230.457,4.268
2025/10/05 09:41:58.163,230.992,4.268
2025/10/05 09:41:59.528,231.473,4.268
2025/10/05 09:42:00.927,232.025,4.268
2025/10/05 09:42:02.301,232.547,4.268
2025/10/05 09:42:03.835,233.008,4.268
2025/10/05 09:42:05.247,233.519,4.268
2025/10/05 09:42:06.632,233.969,4.268
2025/10/05 09:42:08.012,234.5,4.268
2025/10/05 09:42:09.362,235.016,4.268
2025/10/05 09:42:10.955,235.497,4.268
2025/10/05 09:42:12.318,236.007,4.268
2025/10/05 09:42:13.727,236.584,4.268
2025/10/05 09:42:15.231,236.966,4.268
2025/10/05 09:42:16.636,237.51,4.268
2025/10/05 09:42:18.029,238.032,4.268
2025/10/05 09:42:19.373,238.488,4.268
2025/10/05 09:42:20.758,238.966,4.268
2025/10/05 09:42:22.288,239.531,4.268
2025/10/05 09:42:23.718,240.009,4.268
2025/10/05 09:42:25.062,240.482,4.268
2025/10/05 09:42:26.453,240.976,4.268
2025/10/05 09:42:28.051,241.459,4.268
2025/10/05 09:42:29.466,241.992,4.268
2025/10/05 09:42:30.851,242.522,4.268
2025/10/05 09:42:32.193,243.03,4.268
2025/10/05 09:42:33.584,243.426,4.268
2025/10/05 09:42:35.143,244.058,4.268
2025/10/05 09:42:36.506,244.552,4.268
2025/10/05 09:42:37.901,244.906,4.268
2025/10/05 09:42:41.017,222.975,11.211
2025/10/05 09:42:42.431,223.84,11.211
2025/10/05 09:42:43.904,224.98,11.211
2025/10/05 09:42:45.419,226.07,11.211
2025/10/05 09:42:46.875,226.93,11.211
2025/10/05 09:42:48.296,227.993,11.211
2025/10/05 09:42:50.015,229.042,11.211
2025/10/05 09:42:51.431,229.968,11.211
2025/10/05 09:42:52.885,231.16,11.211
2025/10/05 09:42:54.444,231.934,11.211
2025/10/05 09:42:55.896,233.041,11.211
2025/10/05 09:42:57.299,234.024,11.211
2025/10/05 09:42:58.946,235.01,11.211
2025/10/05 09:43:00.377,235.994,11.211
2025/10/05 09:43:01.866,236.977,11.211
2025/10/05 09:43:03.427,238.01,11.211
2025/10/05 09:43:04.871,238.952,11.211
2025/10/05 09:43:06.337,240.086,11.211
2025/10/05 09:43:07.987,240.938,11.211
2025/10/05 09:43:09.406,242.006,11.211
2025/10/05 09:43:10.812,242.997,11.211
2025/10/05 09:43:12.417,243.992,11.211
2025/10/05 09:43:13.879,245.049,11.211
2025/10/05 09:43:15.282,245.958,11.211
2025/10/05 09:43:16.945,247.082,11.211
2025/10/05 09:43:18.388,247.878,11.211
2025/10/05 09:43:19.854,249.043,11.211
2025/10/05 09:43:21.234,249.979,11.211
2025/10/05 09:43:22.823,251.018,11.211
2025/10/05 09:43:25.646,227.045,6.784
2025/10/05 09:43:27.136,227.435,6.784
2025/10/05 09:43:28.532,228.034,6.784
2025/10/05 09:43:29.892,228.479,6.784
2025/10/05 09:43:31.273,229.026,6.784
2025/10/05 09:43:32.634,229.547,6.784
2025/10/05 09:43:34.265,229.97,6.784
2025/10/05 09:43:35.652,230.481,6.784
2025/10/05 09:43:37.086,231.025,6.784
2025/10/05 09:43:38.747,231.64,6.784
2025/10/05 09:43:40.111,232.006,6.784
2025/10/05 09:43:41.491,232.467,6.784
2025/10/05 09:43:42.902,232.983,6.784
2025/10/05 09:43:44.458,233.522,6.784
2025/10/05 09:43:45.805,234.022,6.784
2025/10/05 09:43:47.250,234.511,6.784
2025/10/05 09:43:48.609,234.934,6.784
2025/10/05 09:43:50.176,235.541,6.784
2025/10/05 09:43:51.547,235.969,6.784
2025/10/05 09:43:52.923,236.502,6.784
2025/10/05 09:43:54.292,236.985,6.784
2025/10/05 09:43:55.890,237.447,6.784
2025/10/05 09:43:57.279,238.015,6.784
2025/10/05 09:43:58.685,238.501,6.784
2025/10/05 09:44:00.047,238.944,6.784
2025/10/05 09:44:01.640,239.463,6.784
2025/10/05 09:44:03.058,240.026,6.784
2025/10/05 09:44:04.448,240.515,6.784
2025/10/05 09:44:05.785,240.976,6.784
2025/10/05 09:44:07.232,241.531,6.784
2025/10/05 09:44:08.597,242.031,6.784
2025/10/05 09:44:09.978,242.533,6.784
2025/10/05 09:44:11.364,242.992,6.784
2025/10/05 09:44:12.930,243.481,6.784
2025/10/05 09:44:14.311,243.975,6.784
2025/10/05 09:44:15.709,244.45,6.784
2025/10/05 09:44:17.301,244.997,6.784
2025/10/05 09:44:18.726,245.511,6.784
2025/10/05 09:44:20.089,245.967,6.784
2025/10/05 09:44:21.456,246.491,6.784
2025/10/05 09:44:22.816,246.975,6.784
2025/10/05 09:44:25.663,229.028,4.886
2025/10/05 09:44:27.026,229.512,4.886
2025/10/05 09:44:28.434,229.979,4.886
2025/10/05 09:44:29.798,230.643,4.886
2025/10/05 09:44:31.388,230.962,4.886
2025/10/05 09:44:32.763,231.432,4.886
2025/10/05 09:44:34.134,231.915,4.886
2025/10/05 09:44:35.526,232.574,4.886
2025/10/05 09:44:36.873,232.983,4.886
2025/10/05 09:44:38.503,233.566,4.886
2025/10/05 09:44:39.880,233.98,4.886
2025/10/05 09:44:41.256,234.483,4.886
2025/10/05 09:44:42.832,235.043,4.886
2025/10/05 09:44:44.216,235.431,4.886
2025/10/05 09:44:45.603,236.021,4.886
2025/10/05 09:44:46.983,236.48,4.886
2025/10/05 09:44:48.486,237.021,4.886
2025/10/05 09:44:49.862,237.496,4.886
2025/10/05 09:44:51.250,237.963,4.886
2025/10/05 09:44:52.611,238.551,4.886
2025/10/05 09:44:54.195,238.993,4.886
2025/10/05 09:44:55.601,239.46,4.886
2025/10/05 09:44:56.982,240.067,4.886
2025/10/05 09:44:58.603,240.534,4.886
2025/10/05 09:45:00.021,240.971,4.886
2025/10/05 09:45:01.378,241.539,4.886
2025/10/05 09:45:02.763,242.0,4.886
2025/10/05 09:45:04.175,242.514,4.886
2025/10/05 09:45:05.601,243.036,4.886
2025/10/05 09:45:06.955,243.489,4.886
2025/10/05 09:45:08.323,244.005,4.886
2025/10/05 09:45:09.937,244.494,4.886
2025/10/05 09:45:11.331,245.033,4.886
2025/10/05 09:45:13.872,229.028,4.284
2025/10/05 09:45:15.399,229.476,4.284
2025/10/05 09:45:16.802,229.987,4.284
2025/10/05 09:45:18.171,230.558,4.284
2025/10/05 09:45:19.539,230.998,4.284
2025/10/05 09:45:21.120,231.509,4.284
2025/10/05 09:45:22.491,232.003,4.284
2025/10/05 09:45:23.874,232.44,4.284
2025/10/05 09:45:25.237,233.124,4.284
2025/10/05 09:45:26.815,233.508,4.284
2025/10/05 09:45:28.175,234.184,4.284
2025/10/05 09:45:29.523,234.395,4.284
2025/10/05 09:45:30.922,235.046,4.284
2025/10/05 09:45:32.442,235.505,4.284
2025/10/05 09:45:33.826,235.936,4.284
2025/10/05 09:45:35.211,236.524,4.284
2025/10/05 09:45:36.603,236.961,4.284
2025/10/05 09:45:38.215,237.578,4.284
2025/10/05 09:45:39.575,237.963,4.284
2025/10/05 09:45:40.953,238.496,4.284
2025/10/05 09:45:42.531,239.015,4.284
2025/10/05 09:45:43.917,239.534,4.284
2025/10/05 09:45:45.318,239.938,4.284
2025/10/05 09:45:46.717,240.594,4.284
2025/10/05 09:45:48.095,241.02,4.284
2025/10/05 09:45:49.668,241.539,4.284
2025/10/05 09:45:51.066,241.926,4.284
2025/10/05 09:45:52.430,242.5,4.284
2025/10/05 09:45:53.845,243.041,4.284
2025/10/05 09:45:55.393,243.517,4.284
2025/10/05 09:45:56.796,243.953,4.284
2025/10/05 09:45:58.151,244.489,4.284
2025/10/05 09:45:59.494,245.019,4.284
2025/10/05 09:46:02.624,223.013,11.206
2025/10/05 09:46:04.088,223.922,11.206
2025/10/05 09:46:05.710,225.087,11.206
2025/10/05 09:46:07.170,225.947,11.206
2025/10/05 09:46:08.593,226.999,11.206
2025/10/05 09:46:10.240,227.987,11.206
2025/10/05 09:46:11.665,229.026,11.206
2025/10/05 09:46:13.089,230.017,11.206
2025/10/05 09:46:14.527,231.033,11.206
2025/10/05 09:46:16.209,232.017,11.206
2025/10/05 09:46:17.629,232.874,11.206
2025/10/05 09:46:19.115,234.14,11.206
2025/10/05 09:46:20.778,234.98,11.206
2025/10/05 09:46:22.261,235.942,11.206
2025/10/05 09:46:23.693,236.991,11.206
2025/10/05 09:46:25.100,238.034,11.206
2025/10/05 09:46:26.715,238.985,11.206
2025/10/05 09:46:28.154,240.023,11.206
2025/10/05 09:46:29.561,241.031,11.206
2025/10/05 09:46:31.173,242.069,11.206
2025/10/05 09:46:32.579,242.978,11.206
2025/10/05 09:46:34.014,244.005,11.206
2025/10/05 09:46:35.663,244.981,11.206
2025/10/05 09:46:37.161,245.989,11.206
2025/10/05 09:46:38.589,246.977,11.206
2025/10/05 09:46:40.210,248.026,11.206
2025/10/05 09:46:41.689,248.96,11.206
2025/10/05 09:46:43.131,250.007,11.206
2025/10/05 09:46:44.746,251.05,11.206
2025/10/05 09:46:47.747,226.988,6.781
2025/10/05 09:46:49.150,227.471,6.781
2025/10/05 09:46:50.738,228.056,6.781
2025/10/05 09:46:52.109,228.457,6.781
2025/10/05 09:46:53.517,229.015,6.781
2025/10/05 09:46:54.881,229.482,6.781
2025/10/05 09:46:56.281,229.951,6.781
2025/10/05 09:46:57.659,230.495,6.781
2025/10/05 09:46:59.053,231.02,6.781
2025/10/05 09:47:00.408,231.509,6.781
2025/10/05 09:47:01.742,232.006,6.781
2025/10/05 09:47:03.421,232.544,6.781
2025/10/05 09:47:04.803,232.879,6.781
2025/10/05 09:47:06.197,233.516,6.781
2025/10/05 09:47:07.569,233.986,6.781
2025/10/05 09:47:08.943,234.598,6.781
2025/10/05 09:47:10.352,234.977,6.781
2025/10/05 09:47:11.735,235.453,6.781
2025/10/05 09:47:13.133,235.983,6.781
2025/10/05 09:47:14.501,236.513,6.781
2025/10/05 09:47:16.067,237.004,6.781
2025/10/05 09:47:17.448,237.499,6.781
2025/10/05 09:47:18.813,237.99,6.781
2025/10/05 09:47:20.378,238.515,6.781
2025/10/05 09:47:21.750,238.993,6.781
2025/10/05 09:47:23.136,239.526,6.781
2025/10/05 09:47:24.523,239.976,6.781
2025/10/05 09:47:25.901,240.517,6.781
2025/10/05 09:47:27.477,240.995,6.781
2025/10/05 09:47:28.852,241.501,6.781
2025/10/05 09:47:30.222,242.02,6.781
2025/10/05 09:47:31.591,242.531,6.781
2025/10/05 09:47:32.961,242.934,6.781
2025/10/05 09:47:34.542,243.525,6.781
2025/10/05 09:47:35.924,243.986,6.781
2025/10/05 09:47:37.319,244.514,6.781
2025/10/05 09:47:38.682,244.983,6.781
2025/10/05 09:47:40.273,245.527,6.781
2025/10/05 09:47:41.660,245.95,6.781
2025/10/05 09:47:43.047,246.48,6.781
2025/10/05 09:47:44.601,247.062,6.781
2025/10/05 09:47:47.405,228.957,4.883
2025/10/05 09:47:48.764,229.484,4.883
2025/10/05 09:47:50.409,229.976,4.883
2025/10/05 09:47:51.798,230.476,4.883
2025/10/05 09:47:53.163,231.02,4.883
2025/10/05 09:47:54.538,231.487,4.883
2025/10/05 09:47:55.903,232.028,4.883
2025/10/05 09:47:57.478,232.517,4.883
2025/10/05 09:47:58.822,233.077,4.883
2025/10/05 09:48:00.185,233.459,4.883
2025/10/05 09:48:01.615,233.912,4.883
2025/10/05 09:48:02.978,234.549,4.883
2025/10/05 09:48:04.570,234.991,4.883
2025/10/05 09:48:05.919,235.444,4.883
2025/10/05 09:48:07.296,235.991,4.883
2025/10/05 09:48:08.714,236.513,4.883
2025/10/05 09:48:10.244,237.048,4.883
2025/10/05 09:48:11.669,237.455,4.883
2025/10/05 09:48:13.038,238.034,4.883
2025/10/05 09:48:14.609,238.49,4.883
2025/10/05 09:48:15.980,239.004,4.883
2025/10/05 09:48:17.339,239.529,4.883
2025/10/05 09:48:18.745,239.974,4.883
2025/10/05 09:48:20.119,240.498,4.883
2025/10/05 09:48:21.795,241.031,4.883
2025/10/05 09:48:23.164,241.476,4.883
2025/10/05 09:48:24.545,242.031,4.883
2025/10/05 09:48:25.918,242.473,4.883
2025/10/05 09:48:27.318,243.003,4.883
2025/10/05 09:48:28.710,243.456,4.883
2025/10/05 09:48:30.082,244.041,4.883
2025/10/05 09:48:31.454,244.577,4.883
2025/10/05 09:48:33.069,244.904,4.883
2025/10/05 09:48:35.632,228.96,4.281
2025/10/05 09:48:37.044,229.465,4.281
2025/10/05 09:48:38.598,229.957,4.281
2025/10/05 09:48:39.989,230.498,4.281
2025/10/05 09:48:41.376,231.009,4.281
2025/10/05 09:48:42.716,231.613,4.281
2025/10/05 09:48:44.285,231.852,4.281
2025/10/05 09:48:45.677,232.519,4.281
2025/10/05 09:48:47.067,233.069,4.281
2025/10/05 09:48:48.669,233.579,4.281
2025/10/05 09:48:50.046,233.909,4.281
2025/10/05 09:48:51.438,234.467,4.281
2025/10/05 09:48:52.845,235.164,4.281
2025/10/05 09:48:54.319,235.367,4.281
2025/10/05 09:48:55.698,236.029,4.281
2025/10/05 09:48:57.043,236.521,4.281
2025/10/05 09:48:58.438,236.985,4.281
2025/10/05 09:48:59.805,237.535,4.281
2025/10/05 09:49:01.408,237.966,4.281
2025/10/05 09:49:02.790,238.463,4.281
2025/10/05 09:49:04.197,238.971,4.281
2025/10/05 09:49:05.599,239.504,4.281
2025/10/05 09:49:07.208,239.99,4.281
2025/10/05 09:49:08.684,240.506,4.281
2025/10/05 09:49:10.098,241.072,4.281
2025/10/05 09:49:11.604,241.487,4.281
2025/10/05 09:49:13.048,241.995,4.281
2025/10/05 09:49:14.414,242.481,4.281
2025/10/05 09:49:15.797,243.028,4.281
2025/10/05 09:49:17.410,243.536,4.281
2025/10/05 09:49:18.807,244.003,4.281
2025/10/05 09:49:20.184,244.431,4.281
2025/10/05 09:49:21.777,244.997,4.281
2025/10/05 09:49:24.675,223.038,11.211
2025/10/05 09:49:26.324,223.944,11.211
2025/10/05 09:49:27.825,224.98,11.211
2025/10/05 09:49:29.442,226.142,11.211
2025/10/05 09:49:30.837,227.026,11.211
2025/10/05 09:49:32.264,228.056,11.211
2025/10/05 09:49:33.662,228.858,11.211
2025/10/05 09:49:35.328,230.061,11.211
2025/10/05 09:49:36.806,231.028,11.211
2025/10/05 09:49:38.245,231.907,11.211
2025/10/05 09:49:39.875,232.978,11.211
2025/10/05 09:49:41.299,234.011,11.211
2025/10/05 09:49:42.721,234.997,11.211
2025/10/05 09:49:44.141,235.988,11.211
2025/10/05 09:49:45.634,237.057,11.211
2025/10/05 09:49:47.025,238.012,11.211
2025/10/05 09:49:48.464,238.946,11.211
2025/10/05 09:49:50.076,240.017,11.211
2025/10/05 09:49:51.528,241.02,11.211
2025/10/05 09:49:52.964,241.951,11.211
2025/10/05 09:49:54.569,243.0,11.211
2025/10/05 09:49:56.021,243.975,11.211
2025/10/05 09:49:57.453,245.002,11.211
2025/10/05 09:49:59.084,246.041,11.211
2025/10/05 09:50:00.543,246.986,11.211
2025/10/05 09:50:02.012,248.005,11.211
2025/10/05 09:50:03.429,249.065,11.211
2025/10/05 09:50:05.032,249.971,11.211
2025/10/05 09:50:06.458,251.042,11.211
2025/10/05 09:50:09.347,227.034,6.778
2025/10/05 09:50:10.756,227.611,6.778
2025/10/05 09:50:12.106,227.9,6.778
2025/10/05 09:50:13.477,228.589,6.778
2025/10/05 09:50:14.848,228.99,6.778
2025/10/05 09:50:16.361,229.528,6.778
2025/10/05 09:50:17.756,229.932,6.778
2025/10/05 09:50:19.116,230.649,6.778
2025/10/05 09:50:20.538,230.899,6.778
2025/10/05 09:50:22.111,231.528,6.778
2025/10/05 09:50:23.497,232.028,6.778
2025/10/05 09:50:24.853,232.415,6.778
2025/10/05 09:50:26.208,232.92,6.778
2025/10/05 09:50:27.782,233.456,6.778
2025/10/05 09:50:29.196,234.016,6.778
2025/10/05 09:50:30.550,234.585,6.778
2025/10/05 09:50:31.937,234.934,6.778
2025/10/05 09:50:33.372,235.538,6.778
2025/10/05 09:50:34.769,236.049,6.778
2025/10/05 09:50:36.230,236.447,6.778
2025/10/05 09:50:37.592,236.933,6.778
2025/10/05 09:50:39.172,237.51,6.778
2025/10/05 09:50:40.590,237.99,6.778
2025/10/05 09:50:41.972,238.507,6.778
2025/10/05 09:50:43.361,239.053,6.778
2025/10/05 09:50:44.961,239.515,6.778
2025/10/05 09:50:46.326,240.031,6.778
2025/10/05 09:50:47.743,240.501,6.778
2025/10/05 09:50:49.116,241.003,6.778
2025/10/05 09:50:50.667,241.542,6.778
2025/10/05 09:50:52.063,242.0,6.778
2025/10/05 09:50:53.442,242.492,6.778
2025/10/05 09:50:54.791,242.984,6.778
2025/10/05 09:50:56.333,243.514,6.778
2025/10/05 09:50:57.733,244.011,6.778
2025/10/05 09:50:59.088,244.514,6.778
2025/10/05 09:51:00.491,244.978,6.778
2025/10/05 09:51:02.085,245.546,6.778
2025/10/05 09:51:03.466,246.035,6.778
2025/10/05 09:51:04.898,246.453,6.778
2025/10/05 09:51:06.239,246.983,6.778
2025/10/05 09:51:09.405,229.042,4.883
2025/10/05 09:51:10.816,229.493,4.883
2025/10/05 09:51:12.188,230.001,4.883
2025/10/05 09:51:13.784,230.514,4.883
2025/10/05 09:51:15.129,230.981,4.883
2025/10/05 09:51:16.511,231.429,4.883
2025/10/05 09:51:17.974,232.107,4.883
2025/10/05 09:51:19.351,232.497,4.883
2025/10/05 09:51:20.772,233.03,4.883
2025/10/05 09:51:22.127,233.599,4.883
2025/10/05 09:51:23.496,233.958,4.883
2025/10/05 09:51:24.879,234.48,4.883
2025/10/05 09:51:26.485,234.964,4.883
2025/10/05 09:51:27.951,235.549,4.883
2025/10/05 09:51:29.497,235.974,4.883
2025/10/05 09:51:30.932,236.505,4.883
2025/10/05 09:51:32.289,237.051,4.883
2025/10/05 09:51:33.666,237.515,4.883
2025/10/05 09:51:35.326,238.001,4.883
2025/10/05 09:51:36.737,238.485,4.883
2025/10/05 09:51:38.135,239.037,4.883
2025/10/05 09:51:39.691,239.474,4.883
2025/10/05 09:51:41.135,239.976,4.883
2025/10/05 09:51:42.499,240.509,4.883
2025/10/05 09:51:43.882,241.009,4.883
2025/10/05 09:51:45.329,241.437,4.883
2025/10/05 09:51:46.738,242.091,4.883
2025/10/05 09:51:48.099,242.577,4.883
2025/10/05 09:51:49.504,242.901,4.883
2025/10/05 09:51:51.109,243.528,4.883
2025/10/05 09:51:52.520,244.027,4.883
2025/10/05 09:51:53.908,244.53,4.883
2025/10/05 09:51:55.270,244.92,4.883
2025/10/05 09:51:58.066,229.061,4.292
2025/10/05 09:51:59.412,229.479,4.292
2025/10/05 09:52:00.818,229.987,4.292
2025/10/05 09:52:02.442,230.588,4.292
2025/10/05 09:52:03.807,230.94,4.292
2025/10/05 09:52:05.213,231.618,4.292
2025/10/05 09:52:06.781,231.866,4.292
2025/10/05 09:52:08.218,232.536,4.292
2025/10/05 09:52:09.576,233.033,4.292
2025/10/05 09:52:10.943,233.475,4.292
2025/10/05 09:52:12.544,233.972,4.292
2025/10/05 09:52:13.931,234.464,4.292
2025/10/05 09:52:15.334,235.085,4.292
2025/10/05 09:52:16.676,235.524,4.292
2025/10/05 09:52:18.050,235.925,4.292
2025/10/05 09:52:19.504,236.606,4.292
2025/10/05 09:52:20.868,237.051,4.292
2025/10/05 09:52:22.280,237.458,4.292
2025/10/05 09:52:23.675,237.993,4.292
2025/10/05 09:52:25.257,238.477,4.292
2025/10/05 09:52:26.632,239.007,4.292
2025/10/05 09:52:28.010,239.638,4.292
2025/10/05 09:52:29.588,239.877,4.292
2025/10/05 09:52:30.980,240.479,4.292
2025/10/05 09:52:32.383,241.124,4.292
2025/10/05 09:52:33.787,241.484,4.292
2025/10/05 09:52:35.372,242.053,4.292
2025/10/05 09:52:36.792,242.594,4.292
2025/10/05 09:52:38.127,242.937,4.292
2025/10/05 09:52:39.820,243.497,4.292
2025/10/05 09:52:41.222,244.052,4.292
2025/10/05 09:52:42.617,244.42,4.292
2025/10/05 09:52:44.030,244.992,4.292
2025/10/05 09:52:47.175,222.994,11.208
2025/10/05 09:52:48.598,223.964,11.208
2025/10/05 09:52:50.194,225.013,11.208
2025/10/05 09:52:51.626,225.895,11.208
2025/10/05 09:52:53.022,226.952,11.208
2025/10/05 09:52:54.427,227.976,11.208
2025/10/05 09:52:56.074,229.075,11.208
2025/10/05 09:52:57.577,230.045,11.208
2025/10/05 09:52:58.984,230.932,11.208
2025/10/05 09:53:00.590,232.033,11.208
2025/10/05 09:53:02.011,232.959,11.208
2025/10/05 09:53:03.422,233.98,11.208
2025/10/05 09:53:04.858,235.057,11.208
2025/10/05 09:53:06.533,235.947,11.208
2025/10/05 09:53:07.956,236.969,11.208
2025/10/05 09:53:09.379,237.999,11.208
2025/10/05 09:53:10.985,239.034,11.208
2025/10/05 09:53:12.410,240.05,11.208
2025/10/05 09:53:13.835,240.916,11.208
2025/10/05 09:53:15.238,242.022,11.208
2025/10/05 09:53:16.740,242.997,11.208
2025/10/05 09:53:18.140,244.049,11.208
2025/10/05 09:53:19.555,244.945,11.208
2025/10/05 09:53:21.164,245.994,11.208
2025/10/05 09:53:22.575,246.986,11.208
2025/10/05 09:53:23.988,247.996,11.208
2025/10/05 09:53:25.389,249.023,11.208
2025/10/05 09:53:27.023,249.999,11.208
2025/10/05 09:53:28.424,251.053,11.208
2025/10/05 09:53:31.401,227.012,6.781
2025/10/05 09:53:32.825,227.518,6.781
2025/10/05 09:53:34.190,227.968,6.781
2025/10/05 09:53:35.568,228.542,6.781
2025/10/05 09:53:37.168,228.968,6.781
2025/10/05 09:53:38.577,229.534,6.781
2025/10/05 09:53:39.961,229.962,6.781
2025/10/05 09:53:41.316,230.451,6.781
2025/10/05 09:53:42.699,231.086,6.781
2025/10/05 09:53:44.229,231.517,6.781
2025/10/05 09:53:45.598,231.929,6.781
2025/10/05 09:53:46.998,232.599,6.781
2025/10/05 09:53:48.374,233.016,6.781
2025/10/05 09:53:49.735,233.621,6.781
2025/10/05 09:53:51.442,233.887,6.781
2025/10/05 09:53:52.859,234.472,6.781
2025/10/05 09:53:54.231,235.032,6.781
2025/10/05 09:53:55.835,235.502,6.781
2025/10/05 09:53:57.227,236.029,6.781
2025/10/05 09:53:58.632,236.422,6.781
2025/10/05 09:54:00.034,237.024,6.781
2025/10/05 09:54:01.610,237.603,6.781
2025/10/05 09:54:03.008,237.897,6.781
2025/10/05 09:54:04.399,238.521,6.781
2025/10/05 09:54:05.764,239.089,6.781
2025/10/05 09:54:07.140,239.509,6.781
2025/10/05 09:54:08.591,240.004,6.781
2025/10/05 09:54:09.958,240.421,6.781
2025/10/05 09:54:11.347,241.067,6.781
2025/10/05 09:54:12.740,241.451,6.781
2025/10/05 09:54:14.288,241.965,6.781
2025/10/05 09:54:15.699,242.476,6.781
2025/10/05 09:54:17.070,243.058,6.781
2025/10/05 09:54:18.659,243.528,6.781
2025/10/05 09:54:20.054,243.964,6.781
2025/10/05 09:54:21.513,244.544,6.781
2025/10/05 09:54:22.892,245.06,6.781
2025/10/05 09:54:24.493,245.379,6.781
2025/10/05 09:54:25.871,246.013,6.781
2025/10/05 09:54:27.286,246.505,6.781
2025/10/05 09:54:28.882,247.021,6.781
2025/10/05 09:54:31.588,229.05,4.888
2025/10/05 09:54:33.192,229.611,4.888
2025/10/05 09:54:34.587,229.896,4.888
2025/10/05 09:54:35.986,230.506,4.888
2025/10/05 09:54:37.358,230.973,4.888
2025/10/05 09:54:38.897,231.487,4.888
2025/10/05 09:54:40.267,232.083,4.888
2025/10/05 09:54:41.642,232.503,4.888
2025/10/05 09:54:42.993,233.011,4.888
2025/10/05 09:54:44.409,233.525,4.888
2025/10/05 09:54:45.794,234.008,4.888
2025/10/05 09:54:47.172,234.516,4.888
2025/10/05 09:54:48.545,235.12,4.888
2025/10/05 09:54:49.894,235.398,4.888
2025/10/05 09:54:51.488,236.211,4.888
2025/10/05 09:54:52.862,236.354,4.888
2025/10/05 09:54:54.249,236.928,4.888
2025/10/05 09:54:55.635,237.57,4.888
2025/10/05 09:54:57.183,237.947,4.888
2025/10/05 09:54:58.626,238.471,4.888
2025/10/05 09:54:59.976,239.199,4.888
2025/10/05 09:55:01.312,239.399,4.888
2025/10/05 09:55:02.962,240.18,4.888
2025/10/05 09:55:04.322,240.35,4.888
2025/10/05 09:55:05.744,241.003,4.888
2025/10/05 09:55:07.120,241.492,4.888
2025/10/05 09:55:08.546,242.031,4.888
2025/10/05 09:55:09.932,242.52,4.888
2025/10/05 09:55:11.305,243.044,4.888
2025/10/05 09:55:12.673,243.517,4.888
2025/10/05 09:55:14.249,243.978,4.888
2025/10/05 09:55:15.629,244.442,4.888
2025/10/05 09:55:17.000,245.074,4.888
2025/10/05 09:55:19.851,229.064,4.284
2025/10/05 09:55:21.268,229.451,4.284
2025/10/05 09:55:22.640,230.064,4.284
2025/10/05 09:55:23.995,230.542,4.284
2025/10/05 09:55:25.372,230.871,4.284
2025/10/05 09:55:26.792,231.698,4.284
2025/10/05 09:55:28.155,231.926,4.284
2025/10/05 09:55:29.598,232.481,4.284
2025/10/05 09:55:30.947,233.049,4.284
2025/10/05 09:55:32.536,233.481,4.284
2025/10/05 09:55:33.919,233.923,4.284
2025/10/05 09:55:35.318,234.464,4.284
2025/10/05 09:55:36.910,235.118,4.284
2025/10/05 09:55:38.409,235.606,4.284
2025/10/05 09:55:39.775,235.928,4.284
2025/10/05 09:55:41.197,236.595,4.284
2025/10/05 09:55:42.759,236.903,4.284
2025/10/05 09:55:44.154,237.57,4.284
2025/10/05 09:55:45.537,237.927,4.284
2025/10/05 09:55:47.253,238.636,4.284
2025/10/05 09:55:48.635,238.916,4.284
2025/10/05 09:55:50.027,239.479,4.284
2025/10/05 09:55:51.617,239.842,4.284
2025/10/05 09:55:52.992,240.44,4.284
2025/10/05 09:55:54.355,241.138,4.284
2025/10/05 09:55:55.696,241.418,4.284
2025/10/05 09:55:57.101,242.124,4.284
2025/10/05 09:55:58.498,242.421,4.284
2025/10/05 09:55:59.887,242.962,4.284
2025/10/05 09:56:01.283,243.423,4.284
2025/10/05 09:56:02.655,244.003,4.284
2025/10/05 09:56:04.292,244.533,4.284
2025/10/05 09:56:05.685,244.983,4.284
2025/10/05 09:56:08.848,223.063,11.214
2025/10/05 09:56:10.281,223.966,11.214
2025/10/05 09:56:11.721,225.01,11.214
2025/10/05 09:56:13.110,226.057,11.214
2025/10/05 09:56:14.563,226.946,11.214
2025/10/05 09:56:15.979,228.026,11.214
2025/10/05 09:56:17.439,228.982,11.214
2025/10/05 09:56:19.065,230.091,11.214
2025/10/05 09:56:20.482,230.915,11.214
2025/10/05 09:56:21.880,231.992,11.214
2025/10/05 09:56:23.271,233.014,11.214
2025/10/05 09:56:24.809,233.978,11.214
2025/10/05 09:56:26.228,235.035,11.214
2025/10/05 09:56:27.646,235.95,11.214
2025/10/05 09:56:29.255,236.98,11.214
2025/10/05 09:56:30.706,238.07,11.214
2025/10/05 09:56:32.118,238.996,11.214
2025/10/05 09:56:33.731,239.976,11.214
2025/10/05 09:56:35.222,241.069,11.214
2025/10/05 09:56:36.634,241.918,11.214
2025/10/05 09:56:38.305,243.028,11.214
2025/10/05 09:56:39.722,244.033,11.214
2025/10/05 09:56:41.134,244.956,11.214
2025/10/05 09:56:42.742,245.991,11.214
2025/10/05 09:56:44.211,246.991,11.214
2025/10/05 09:56:45.623,247.977,11.214
2025/10/05 09:56:47.227,248.988,11.214
2025/10/05 09:56:48.653,250.042,11.214
2025/10/05 09:56:50.055,250.965,11.214
2025/10/05 09:56:53.065,227.018,6.781
2025/10/05 09:56:54.440,227.435,6.781
2025/10/05 09:56:55.836,227.987,6.781
2025/10/05 09:56:57.194,228.515,6.781
2025/10/05 09:56:58.621,229.031,6.781
2025/10/05 09:57:00.044,229.454,6.781
2025/10/05 09:57:01.431,230.039,6.781
2025/10/05 09:57:02.778,230.47,6.781
2025/10/05 09:57:04.297,231.105,6.781
2025/10/05 09:57:05.687,231.382,6.781
2025/10/05 09:57:07.098,231.964,6.781
2025/10/05 09:57:08.510,232.429,6.781
2025/10/05 09:57:10.141,232.997,6.781
2025/10/05 09:57:11.517,233.439,6.781
2025/10/05 09:57:12.890,234.046,6.781
2025/10/05 09:57:14.252,234.497,6.781
2025/10/05 09:57:15.843,235.057,6.781
2025/10/05 09:57:17.228,235.488,6.781
2025/10/05 09:57:18.624,235.983,6.781
2025/10/05 09:57:20.060,236.474,6.781
2025/10/05 09:57:21.418,237.051,6.781
2025/10/05 09:57:22.949,237.54,6.781
2025/10/05 09:57:24.351,238.007,6.781
2025/10/05 09:57:25.718,238.488,6.781
2025/10/05 09:57:27.085,239.056,6.781
2025/10/05 09:57:28.476,239.482,6.781
2025/10/05 09:57:29.873,239.941,6.781
2025/10/05 09:57:31.318,240.586,6.781
2025/10/05 09:57:32.690,240.935,6.781
2025/10/05 09:57:34.277,241.608,6.781
2025/10/05 09:57:35.650,241.893,6.781
2025/10/05 09:57:37.067,242.47,6.781
2025/10/05 09:57:38.447,243.047,6.781
2025/10/05 09:57:40.039,243.572,6.781
2025/10/05 09:57:41.397,243.992,6.781
2025/10/05 09:57:42.845,244.5,6.781
2025/10/05 09:57:44.178,245.016,6.781
2025/10/05 09:57:45.760,245.593,6.781
2025/10/05 09:57:47.151,245.972,6.781
2025/10/05 09:57:48.534,246.453,6.781
2025/10/05 09:57:49.933,247.062,6.781
2025/10/05 09:57:53.014,228.976,4.872
2025/10/05 09:57:54.404,229.479,4.872
2025/10/05 09:57:55.772,230.061,4.872
2025/10/05 09:57:57.358,230.437,4.872
2025/10/05 09:57:58.745,230.962,4.872
2025/10/05 09:58:00.104,231.52,4.872
2025/10/05 09:58:01.470,231.926,4.872
2025/10/05 09:58:02.852,232.451,4.872
2025/10/05 09:58:04.525,233.047,4.872
2025/10/05 09:58:05.905,233.5,4.872
2025/10/05 09:58:07.288,234.099,4.872
2025/10/05 09:58:08.875,234.376,4.872
2025/10/05 09:58:10.298,235.013,4.872
2025/10/05 09:58:11.673,235.461,4.872
2025/10/05 09:58:13.054,236.029,4.872
2025/10/05 09:58:14.454,236.546,4.872
2025/10/05 09:58:15.878,236.993,4.872
2025/10/05 09:58:17.272,237.482,4.872
2025/10/05 09:58:18.656,238.007,4.872
2025/10/05 09:58:20.014,238.51,4.872
2025/10/05 09:58:21.601,239.122,4.872
2025/10/05 09:58:22.971,239.479,4.872
2025/10/05 09:58:24.344,240.064,4.872
2025/10/05 09:58:25.962,240.383,4.872
2025/10/05 09:58:27.356,240.982,4.872
2025/10/05 09:58:28.739,241.567,4.872
2025/10/05 09:58:30.101,241.962,4.872
2025/10/05 09:58:31.587,242.539,4.872
2025/10/05 09:58:32.954,243.0,4.872
2025/10/05 09:58:34.376,243.577,4.872
2025/10/05 09:58:35.737,243.942,4.872
2025/10/05 09:58:37.338,244.448,4.872
2025/10/05 09:58:38.724,245.022,4.872
2025/10/05 09:58:41.318,229.012,4.284
2025/10/05 09:58:42.901,229.416,4.284
2025/10/05 09:58:44.328,229.995,4.284
2025/10/05 09:58:45.683,230.52,4.284
2025/10/05 09:58:47.064,231.0,4.284
2025/10/05 09:58:48.471,231.525,4.284
2025/10/05 09:58:49.890,231.964,4.284
2025/10/05 09:58:51.292,232.53,4.284
2025/10/05 09:58:52.719,233.088,4.284
2025/10/05 09:58:54.296,233.511,4.284
2025/10/05 09:58:55.678,233.906,4.284
2025/10/05 09:58:57.043,234.472,4.284
2025/10/05 09:58:58.508,235.03,4.284
2025/10/05 09:59:00.105,235.571,4.284
2025/10/05 09:59:01.497,235.996,4.284
2025/10/05 09:59:02.910,236.315,4.284
2025/10/05 09:59:04.302,237.035,4.284
2025/10/05 09:59:05.899,237.507,4.284
2025/10/05 09:59:07.325,237.971,4.284
2025/10/05 09:59:08.703,238.512,4.284
2025/10/05 09:59:10.085,238.993,4.284
2025/10/05 09:59:11.472,239.542,4.284
2025/10/05 09:59:13.080,240.004,4.284
2025/10/05 09:59:14.442,240.471,4.284
2025/10/05 09:59:15.795,241.017,4.284
2025/10/05 09:59:17.211,241.484,4.284
2025/10/05 09:59:18.618,242.047,4.284
2025/10/05 09:59:20.030,242.429,4.284
2025/10/05 09:59:21.386,242.965,4.284
2025/10/05 09:59:22.762,243.544,4.284
2025/10/05 09:59:24.357,244.027,4.284
2025/10/05 09:59:25.750,244.464,4.284
2025/10/05 09:59:27.126,245.046,4.284
2025/10/05 09:59:30.190,223.008,11.203
2025/10/05 09:59:31.596,224.03,11.203
2025/10/05 09:59:33.016,224.985,11.203
2025/10/05 09:59:34.658,225.988,11.203
2025/10/05 09:59:36.072,227.045,11.203
2025/10/05 09:59:37.483,227.976,11.203
2025/10/05 09:59:39.091,228.946,11.203
2025/10/05 09:59:40.505,230.042,11.203
2025/10/05 09:59:41.970,230.998,11.203
2025/10/05 09:59:43.633,231.945,11.203
2025/10/05 09:59:45.042,232.948,11.203
2025/10/05 09:59:46.509,234.066,11.203
2025/10/05 09:59:47.888,235.024,11.203
2025/10/05 09:59:49.464,235.974,11.203
2025/10/05 09:59:50.939,237.004,11.203
2025/10/05 09:59:52.410,237.977,11.203
2025/10/05 09:59:53.897,239.015,11.203
2025/10/05 09:59:55.291,240.023,11.203
2025/10/05 09:59:56.715,241.028,11.203
2025/10/05 09:59:58.393,242.146,11.203
2025/10/05 09:59:59.799,242.954,11.203
2025/10/05 10:00:01.187,243.959,11.203
2025/10/05 10:00:02.866,244.898,11.203
2025/10/05 10:00:04.339,246.0,11.203
2025/10/05 10:00:05.764,247.038,11.203
2025/10/05 10:00:07.436,247.98,11.203
2025/10/05 10:00:08.848,248.985,11.203
2025/10/05 10:00:10.250,250.012,11.203
2025/10/05 10:00:11.839,250.971,11.203
2025/10/05 10:00:14.660,227.051,6.786
2025/10/05 10:00:16.208,227.504,6.786
2025/10/05 10:00:17.611,227.96,6.786
2025/10/05 10:00:18.975,228.55,6.786
2025/10/05 10:00:20.375,228.971,6.786
2025/10/05 10:00:21.943,229.476,6.786
2025/10/05 10:00:23.353,230.058,6.786
2025/10/05 10:00:24.716,230.459,6.786
2025/10/05 10:00:26.094,231.009,6.786
2025/10/05 10:00:27.513,231.583,6.786
2025/10/05 10:00:29.110,231.981,6.786
2025/10/05 10:00:30.458,232.407,6.786
2025/10/05 10:00:32.058,232.937,6.786
2025/10/05 10:00:33.579,233.533,6.786
2025/10/05 10:00:35.010,234.115,6.786
2025/10/05 10:00:36.346,234.544,6.786
2025/10/05 10:00:37.715,234.884,6.786
2025/10/05 10:00:39.312,235.568,6.786
2025/10/05 10:00:40.680,235.955,6.786
2025/10/05 10:00:42.065,236.494,6.786
2025/10/05 10:00:43.822,237.013,6.786
2025/10/05 10:00:45.192,237.449,6.786
2025/10/05 10:00:46.559,238.015,6.786
2025/10/05 10:00:48.049,238.435,6.786
2025/10/05 10:00:49.635,239.122,6.786
2025/10/05 10:00:51.008,239.529,6.786
2025/10/05 10:00:52.391,239.924,6.786
2025/10/05 10:00:53.801,240.526,6.786
2025/10/05 10:00:55.393,240.924,6.786
2025/10/05 10:00:56.792,241.701,6.786
2025/10/05 10:00:58.143,241.871,6.786
2025/10/05 10:00:59.540,242.506,6.786
2025/10/05 10:01:01.112,243.028,6.786
2025/10/05 10:01:02.481,243.511,6.786
2025/10/05 10:01:03.856,243.959,6.786
2025/10/05 10:01:05.257,244.5,6.786
2025/10/05 10:01:06.673,245.046,6.786
2025/10/05 10:01:08.080,245.604,6.786
2025/10/05 10:01:09.549,245.972,6.786
2025/10/05 10:01:11.186,246.535,6.786
2025/10/05 10:01:12.619,247.002,6.786
2025/10/05 10:01:15.577,229.039,4.886
2025/10/05 10:01:16.988,229.399,4.886
2025/10/05 10:01:18.365,229.99,4.886
2025/10/05 10:01:19.745,230.459,4.886
2025/10/05 10:01:21.318,231.05,4.886
2025/10/05 10:01:22.733,231.522,4.886
2025/10/05 10:01:24.135,231.978,4.886
2025/10/05 10:01:25.532,232.555,4.886
2025/10/05 10:01:27.171,232.986,4.886
2025/10/05 10:01:28.554,233.461,4.886
2025/10/05 10:01:29.939,234.008,4.886
2025/10/05 10:01:31.315,234.483,4.886
2025/10/05 10:01:32.926,235.087,4.886
2025/10/05 10:01:34.295,235.4,4.886
2025/10/05 10:01:35.675,236.029,4.886
2025/10/05 10:01:37.065,236.513,4.886
2025/10/05 10:01:38.628,236.98,4.886
2025/10/05 10:01:40.028,237.485,4.886
2025/10/05 10:01:41.415,237.894,4.886
2025/10/05 10:01:43.030,238.54,4.886
2025/10/05 10:01:44.489,239.084,4.886
2025/10/05 10:01:45.889,239.383,4.886
2025/10/05 10:01:47.271,240.023,4.886
2025/10/05 10:01:48.643,240.539,4.886
2025/10/05 10:01:50.055,241.069,4.886
2025/10/05 10:01:51.427,241.528,4.886
2025/10/05 10:01:52.779,242.036,4.886
2025/10/05 10:01:54.397,242.434,4.886
2025/10/05 10:01:55.767,243.074,4.886
2025/10/05 10:01:57.187,243.478,4.886
2025/10/05 10:01:58.772,244.047,4.886
2025/10/05 10:02:00.185,244.481,4.886
2025/10/05 10:02:01.576,244.97,4.886
2025/10/05 10:02:04.612,229.089,4.284
2025/10/05 10:02:06.008,229.526,4.284
2025/10/05 10:02:07.426,229.91,4.284
2025/10/05 10:02:08.998,230.566,4.284
2025/10/05 10:02:10.427,230.951,4.284
2025/10/05 10:02:11.812,231.536,4.284
2025/10/05 10:02:13.183,232.022,4.284
2025/10/05 10:02:14.534,232.626,4.284
2025/10/05 10:02:15.947,232.865,4.284
2025/10/05 10:02:17.351,233.67,4.284
2025/10/05 10:02:18.704,233.967,4.284
2025/10/05 10:02:20.368,234.535,4.284
2025/10/05 10:02:21.792,234.95,4.284
2025/10/05 10:02:23.238,235.455,4.284
2025/10/05 10:02:24.817,236.101,4.284
2025/10/05 10:02:26.188,236.469,4.284
2025/10/05 10:02:27.589,236.963,4.284
2025/10/05 10:02:28.972,237.642,4.284
2025/10/05 10:02:30.613,237.905,4.284
2025/10/05 10:02:31.993,238.532,4.284
2025/10/05 10:02:33.376,238.908,4.284
2025/10/05 10:02:34.800,239.52,4.284
2025/10/05 10:02:36.383,240.061,4.284
2025/10/05 10:02:37.742,240.41,4.284
2025/10/05 10:02:39.069,240.976,4.284
2025/10/05 10:02:40.466,241.525,4.284
2025/10/05 10:02:42.037,242.075,4.284
2025/10/05 10:02:43.437,242.564,4.284
2025/10/05 10:02:44.752,242.995,4.284
2025/10/05 10:02:46.256,243.319,4.284
2025/10/05 10:02:47.841,244.025,4.284
2025/10/05 10:02:49.232,244.445,4.284
2025/10/05 10:02:50.586,244.906,4.284
2025/10/05 10:02:53.683,223.022,11.206
2025/10/05 10:02:55.097,224.027,11.206
2025/10/05 10:02:56.531,224.933,11.206
2025/10/05 10:02:58.179,226.004,11.206
2025/10/05 10:02:59.626,227.01,11.206
2025/10/05 10:03:01.099,228.064,11.206
2025/10/05 10:03:02.516,229.105,11.206
2025/10/05 10:03:04.105,229.874,11.206
2025/10/05 10:03:05.641,231.066,11.206
2025/10/05 10:03:07.077,231.964,11.206
2025/10/05 10:03:08.718,233.041,11.206
2025/10/05 10:03:10.149,234.024,11.206
2025/10/05 10:03:11.779,235.002,11.206
2025/10/05 10:03:13.219,236.002,11.206
2025/10/05 10:03:14.647,237.029,11.206
2025/10/05 10:03:16.080,238.109,11.206
2025/10/05 10:03:17.707,238.974,11.206
2025/10/05 10:03:19.218,240.059,11.206
2025/10/05 10:03:20.865,241.001,11.206
2025/10/05 10:03:22.331,242.0,11.206
2025/10/05 10:03:23.792,243.017,11.206
2025/10/05 10:03:25.411,243.92,11.206
2025/10/05 10:03:26.889,245.077,11.206
2025/10/05 10:03:28.295,245.975,11.206
2025/10/05 10:03:29.900,247.013,11.206
2025/10/05 10:03:31.342,247.95,11.206
2025/10/05 10:03:32.781,248.991,11.206
2025/10/05 10:03:34.385,250.029,11.206
2025/10/05 10:03:35.824,250.946,11.206
2025/10/05 10:03:38.869,227.043,6.784
2025/10/05 10:03:40.227,227.54,6.784
2025/10/05 10:03:41.623,227.957,6.784
2025/10/05 10:03:42.979,228.567,6.784
2025/10/05 10:03:44.352,229.045,6.784
2025/10/05 10:03:45.914,229.383,6.784
2025/10/05 10:03:47.322,230.036,6.784
2025/10/05 10:03:48.713,230.534,6.784
2025/10/05 10:03:50.092,231.11,6.784
2025/10/05 10:03:51.675,231.585,6.784
2025/10/05 10:03:53.074,231.984,6.784
2025/10/05 10:03:54.426,232.519,6.784
2025/10/05 10:03:56.020,233.063,6.784
2025/10/05 10:03:57.527,233.401,6.784
2025/10/05 10:03:58.994,234.137,6.784
2025/10/05 10:04:00.358,234.524,6.784
2025/10/05 10:04:01.727,235.093,6.784
2025/10/05 10:04:03.127,235.519,6.784
2025/10/05 10:04:04.490,236.04,6.784
2025/10/05 10:04:05.891,236.57,6.784
2025/10/05 10:04:07.493,237.029,6.784
2025/10/05 10:04:08.901,237.636,6.784
2025/10/05 10:04:10.274,237.872,6.784
2025/10/05 10:04:11.876,238.477,6.784
2025/10/05 10:04:13.267,239.001,6.784
2025/10/05 10:04:14.622,239.443,6.784
2025/10/05 10:04:16.024,240.001,6.784
2025/10/05 10:04:17.643,240.63,6.784
2025/10/05 10:04:19.040,241.001,6.784
2025/10/05 10:04:20.449,241.498,6.784
2025/10/05 10:04:22.061,241.902,6.784
2025/10/05 10:04:23.440,242.542,6.784
2025/10/05 10:04:24.784,243.003,6.784
2025/10/05 10:04:26.215,243.5,6.784
2025/10/05 10:04:27.653,244.008,6.784
2025/10/05 10:04:29.075,244.483,6.784
2025/10/05 10:04:30.457,245.011,6.784
2025/10/05 10:04:31.847,245.483,6.784
2025/10/05 10:04:33.463,246.06,6.784
2025/10/05 10:04:34.884,246.541,6.784
2025/10/05 10:04:36.309,246.972,6.784
2025/10/05 10:04:39.223,229.034,4.894
2025/10/05 10:04:40.579,229.602,4.894
2025/10/05 10:04:41.969,229.819,4.894
2025/10/05 10:04:43.366,230.481,4.894
2025/10/05 10:04:44.967,231.102,4.894
2025/10/05 10:04:46.350,231.366,4.894
2025/10/05 10:04:47.734,232.085,4.894
2025/10/05 10:04:49.181,232.555,4.894
2025/10/05 10:04:50.708,232.964,4.894
2025/10/05 10:04:52.156,233.659,4.894
2025/10/05 10:04:53.582,233.958,4.894
2025/10/05 10:04:55.199,234.412,4.894
2025/10/05 10:04:56.652,235.013,4.894
2025/10/05 10:04:58.047,235.384,4.894
2025/10/05 10:04:59.406,235.955,4.894
2025/10/05 10:05:00.977,236.565,4.894
2025/10/05 10:05:02.407,237.054,4.894
2025/10/05 10:05:03.780,237.46,4.894
2025/10/05 10:05:05.149,238.04,4.894
2025/10/05 10:05:06.749,238.548,4.894
2025/10/05 10:05:08.091,239.018,4.894
2025/10/05 10:05:09.457,239.575,4.894
2025/10/05 10:05:11.069,239.913,4.894
2025/10/05 10:05:12.487,240.418,4.894
2025/10/05 10:05:13.859,241.028,4.894
2025/10/05 10:05:15.228,241.542,4.894
2025/10/05 10:05:16.610,242.031,4.894
2025/10/05 10:05:18.170,242.382,4.894
2025/10/05 10:05:19.551,242.948,4.894
2025/10/05 10:05:20.946,243.486,4.894
2025/10/05 10:05:22.305,244.162,4.894
2025/10/05 10:05:23.883,244.47,4.894
2025/10/05 10:05:25.289,244.945,4.894
2025/10/05 10:05:27.865,228.946,4.312
2025/10/05 10:05:29.237,229.385,4.312
2025/10/05 10:05:30.653,230.017,4.312
2025/10/05 10:05:32.017,230.624,4.312
2025/10/05 10:05:33.387,231.072,4.312
2025/10/05 10:05:34.739,231.286,4.312
2025/10/05 10:05:36.121,232.063,4.312
2025/10/05 10:05:37.724,232.585,4.312
2025/10/05 10:05:39.136,233.014,4.312
2025/10/05 10:05:40.580,233.428,4.312
2025/10/05 10:05:42.143,233.983,4.312
2025/10/05 10:05:43.542,234.538,4.312
2025/10/05 10:05:45.015,235.079,4.312
2025/10/05 10:05:46.404,235.519,4.312
2025/10/05 10:05:47.808,236.216,4.312
2025/10/05 10:05:49.165,236.257,4.312
2025/10/05 10:05:50.593,236.996,4.312
2025/10/05 10:05:51.962,237.581,4.312
2025/10/05 10:05:53.511,237.927,4.312
2025/10/05 10:05:54.923,238.54,4.312
2025/10/05 10:05:56.295,239.015,4.312
2025/10/05 10:05:57.919,239.446,4.312
2025/10/05 10:05:59.311,240.037,4.312
2025/10/05 10:06:00.770,240.375,4.312
2025/10/05 10:06:02.151,241.003,4.312
2025/10/05 10:06:03.736,241.509,4.312
2025/10/05 10:06:05.141,241.973,4.312
2025/10/05 10:06:06.553,242.566,4.312
2025/10/05 10:06:08.179,243.151,4.312
2025/10/05 10:06:09.617,243.53,4.312
2025/10/05 10:06:10.978,244.027,4.312
2025/10/05 10:06:12.352,244.497,4.312
2025/10/05 10:06:13.923,244.915,4.312
2025/10/05 10:06:16.999,222.986,11.206
2025/10/05 10:06:18.624,223.955,11.206
2025/10/05 10:06:20.030,224.966,11.206
2025/10/05 10:06:21.454,226.026,11.206
2025/10/05 10:06:23.154,226.982,11.206
2025/10/05 10:06:24.579,227.965,11.206
2025/10/05 10:06:26.013,229.004,11.206
2025/10/05 10:06:27.405,229.995,11.206
2025/10/05 10:06:28.874,230.981,11.206
2025/10/05 10:06:30.301,232.006,11.206
2025/10/05 10:06:31.708,232.989,11.206
2025/10/05 10:06:33.333,234.002,11.206
2025/10/05 10:06:34.750,235.079,11.206
2025/10/05 10:06:36.138,235.966,11.206
2025/10/05 10:06:37.612,237.057,11.206
2025/10/05 10:06:39.214,238.001,11.206
2025/10/05 10:06:40.642,239.007,11.206
2025/10/05 10:06:42.047,240.012,11.206
2025/10/05 10:06:43.655,241.072,11.206
2025/10/05 10:06:45.098,241.998,11.206
2025/10/05 10:06:46.501,242.954,11.206
2025/10/05 10:06:48.150,244.027,11.206
2025/10/05 10:06:49.574,244.97,11.206
2025/10/05 10:06:50.966,246.052,11.206
2025/10/05 10:06:52.396,247.018,11.206
2025/10/05 10:06:53.834,248.007,11.206
2025/10/05 10:06:55.284,249.054,11.206
2025/10/05 10:06:56.743,250.021,11.206
2025/10/05 10:06:58.378,250.987,11.206
2025/10/05 10:07:01.266,227.067,6.784
2025/10/05 10:07:02.634,227.455,6.784
2025/10/05 10:07:04.055,227.998,6.784
2025/10/05 10:07:05.423,228.647,6.784
2025/10/05 10:07:06.755,228.968,6.784
2025/10/05 10:07:08.182,229.471,6.784
2025/10/05 10:07:09.776,229.954,6.784
2025/10/05 10:07:11.184,230.542,6.784
2025/10/05 10:07:12.537,230.978,6.784
2025/10/05 10:07:14.092,231.525,6.784
2025/10/05 10:07:15.489,231.992,6.784
2025/10/05 10:07:16.842,232.536,6.784
2025/10/05 10:07:18.221,232.953,6.784
2025/10/05 10:07:19.580,233.508,6.784
2025/10/05 10:07:21.074,233.964,6.784
2025/10/05 10:07:22.465,234.527,6.784
2025/10/05 10:07:23.854,234.986,6.784
2025/10/05 10:07:25.256,235.543,6.784
2025/10/05 10:07:26.757,236.051,6.784
2025/10/05 10:07:28.150,236.474,6.784
2025/10/05 10:07:29.505,236.993,6.784
2025/10/05 10:07:30.877,237.535,6.784
2025/10/05 10:07:32.497,238.034,6.784
2025/10/05 10:07:33.895,238.507,6.784
2025/10/05 10:07:35.294,238.985,6.784
2025/10/05 10:07:36.640,239.52,6.784
2025/10/05 10:07:38.224,239.965,6.784
2025/10/05 10:07:39.608,240.512,6.784
2025/10/05 10:07:40.963,241.053,6.784
2025/10/05 10:07:42.347,241.451,6.784
2025/10/05 10:07:43.753,241.962,6.784
2025/10/05 10:07:45.171,242.52,6.784
2025/10/05 10:07:46.582,242.987,6.784
2025/10/05 10:07:47.950,243.602,6.784
2025/10/05 10:07:49.548,243.948,6.784
2025/10/05 10:07:50.931,244.478,6.784
2025/10/05 10:07:52.337,244.992,6.784
2025/10/05 10:07:53.929,245.497,6.784
2025/10/05 10:07:55.359,246.005,6.784
2025/10/05 10:07:56.727,246.505,6.784
2025/10/05 10:07:58.103,247.046,6.784
2025/10/05 10:08:01.044,229.064,4.88
2025/10/05 10:08:02.399,229.487,4.88
2025/10/05 10:08:03.793,229.973,4.88
2025/10/05 10:08:05.328,230.517,4.88
2025/10/05 10:08:06.731,230.987,4.88
2025/10/05 10:08:08.088,231.481,4.88
2025/10/05 10:08:09.535,232.069,4.88
2025/10/05 10:08:11.073,232.429,4.88
2025/10/05 10:08:12.473,233.022,4.88
2025/10/05 10:08:13.885,233.486,4.88
2025/10/05 10:08:15.294,233.997,4.88
2025/10/05 10:08:16.787,234.494,4.88
2025/10/05 10:08:18.178,235.008,4.88
2025/10/05 10:08:19.571,235.524,4.88
2025/10/05 10:08:20.934,236.021,4.88
2025/10/05 10:08:22.546,236.43,4.88
2025/10/05 10:08:23.938,237.013,4.88
2025/10/05 10:08:25.301,237.491,4.88
2025/10/05 10:08:26.655,238.04,4.88
2025/10/05 10:08:28.202,238.526,4.88
2025/10/05 10:08:29.605,239.015,4.88
2025/10/05 10:08:30.968,239.515,4.88
2025/10/05 10:08:32.332,239.905,4.88
2025/10/05 10:08:33.950,240.553,4.88
2025/10/05 10:08:35.348,240.987,4.88
2025/10/05 10:08:36.703,241.492,4.88
2025/10/05 10:08:38.080,242.047,4.88
2025/10/05 10:08:39.474,242.443,4.88
2025/10/05 10:08:40.907,243.0,4.88
2025/10/05 10:08:42.318,243.508,4.88
2025/10/05 10:08:43.668,243.959,4.88
2025/10/05 10:08:45.061,244.593,4.88
2025/10/05 10:08:46.632,245.055,4.88
2025/10/05 10:08:49.202,229.111,4.29
2025/10/05 10:08:50.598,229.476,4.29
2025/10/05 10:08:52.188,230.023,4.29
2025/10/05 10:08:53.618,230.49,4.29
2025/10/05 10:08:55.003,231.02,4.29
2025/10/05 10:08:56.367,231.544,4.29
2025/10/05 10:08:57.800,232.022,4.29
2025/10/05 10:08:59.181,232.459,4.29
2025/10/05 10:09:00.537,233.058,4.29
2025/10/05 10:09:01.918,233.505,4.29
2025/10/05 10:09:03.323,233.983,4.29
2025/10/05 10:09:04.729,234.571,4.29
2025/10/05 10:09:06.116,234.928,4.29
2025/10/05 10:09:07.517,235.494,4.29
2025/10/05 10:09:09.094,235.958,4.29
2025/10/05 10:09:10.490,236.518,4.29
2025/10/05 10:09:11.885,236.944,4.29
2025/10/05 10:09:13.244,237.507,4.29
2025/10/05 10:09:14.781,238.056,4.29
2025/10/05 10:09:16.194,238.512,4.29
2025/10/05 10:09:17.569,239.037,4.29
2025/10/05 10:09:19.164,239.49,4.29
2025/10/05 10:09:20.561,239.941,4.29
2025/10/05 10:09:21.925,240.548,4.29
2025/10/05 10:09:23.295,240.971,4.29
2025/10/05 10:09:24.742,241.451,4.29
2025/10/05 10:09:26.157,242.075,4.29
2025/10/05 10:09:27.526,242.536,4.29
2025/10/05 10:09:28.913,243.039,4.29
2025/10/05 10:09:30.311,243.5,4.29
2025/10/05 10:09:31.828,244.016,4.29
2025/10/05 10:09:33.204,244.459,4.29
2025/10/05 10:09:34.597,244.986,4.29
2025/10/05 10:09:37.695,223.016,11.203
2025/10/05 10:09:39.127,223.909,11.203
2025/10/05 10:09:40.588,225.032,11.203
2025/10/05 10:09:42.118,225.96,11.203
2025/10/05 10:09:43.545,226.955,11.203
2025/10/05 10:09:44.975,228.081,11.203
2025/10/05 10:09:46.579,229.009,11.203
2025/10/05 10:09:48.029,229.981,11.203
2025/10/05 10:09:49.490,231.025,11.203
2025/10/05 10:09:51.111,231.981,11.203
2025/10/05 10:09:52.510,233.011,11.203
2025/10/05 10:09:53.915,233.994,11.203
2025/10/05 10:09:55.323,234.975,11.203
2025/10/05 10:09:56.803,236.09,11.203
2025/10/05 10:09:58.290,236.84,11.203
2025/10/05 10:09:59.670,238.059,11.203
2025/10/05 10:10:01.114,239.023,11.203
2025/10/05 10:10:02.720,239.963,11.203
2025/10/05 10:10:04.131,241.047,11.203
2025/10/05 10:10:05.554,241.976,11.203
2025/10/05 10:10:07.134,243.05,11.203
2025/10/05 10:10:08.571,243.959,11.203
2025/10/05 10:10:10.102,244.981,11.203
2025/10/05 10:10:11.723,245.936,11.203
2025/10/05 10:10:13.195,247.008,11.203
2025/10/05 10:10:14.641,248.01,11.203
2025/10/05 10:10:16.217,249.04,11.203
2025/10/05 10:10:17.637,249.963,11.203
2025/10/05 10:10:19.096,250.985,11.203
2025/10/05 10:10:22.096,227.021,6.786
2025/10/05 10:10:23.467,227.455,6.786
2025/10/05 10:10:24.854,227.998,6.786
2025/10/05 10:10:26.417,228.528,6.786
2025/10/05 10:10:27.782,228.993,6.786
2025/10/05 10:10:29.191,229.526,6.786
2025/10/05 10:10:30.564,229.979,6.786
2025/10/05 10:10:31.946,230.484,6.786
2025/10/05 10:10:33.564,230.981,6.786
2025/10/05 10:10:34.947,231.484,6.786
2025/10/05 10:10:36.363,232.03,6.786
2025/10/05 10:10:37.708,232.582,6.786
2025/10/05 10:10:39.151,232.788,6.786
2025/10/05 10:10:40.556,233.494,6.786
2025/10/05 10:10:41.935,233.958,6.786
2025/10/05 10:10:43.333,234.524,6.786
2025/10/05 10:10:44.885,235.109,6.786
2025/10/05 10:10:46.321,235.381,6.786
2025/10/05 10:10:47.686,236.013,6.786
2025/10/05 10:10:49.266,236.494,6.786
2025/10/05 10:10:50.636,236.917,6.786
2025/10/05 10:10:51.985,237.521,6.786
2025/10/05 10:10:53.373,237.971,6.786
2025/10/05 10:10:54.728,238.54,6.786
2025/10/05 10:10:56.145,238.941,6.786
2025/10/05 10:10:57.517,239.397,6.786
2025/10/05 10:10:58.891,240.039,6.786
2025/10/05 10:11:00.264,240.553,6.786
2025/10/05 10:11:01.804,240.894,6.786
2025/10/05 10:11:03.194,241.473,6.786
2025/10/05 10:11:04.597,241.935,6.786
2025/10/05 10:11:05.944,242.47,6.786
2025/10/05 10:11:07.490,242.984,6.786
2025/10/05 10:11:08.875,243.574,6.786
2025/10/05 10:11:10.245,243.997,6.786
2025/10/05 10:11:11.601,244.577,6.786
2025/10/05 10:11:13.150,244.953,6.786
2025/10/05 10:11:14.510,245.497,6.786
2025/10/05 10:11:15.931,245.98,6.786
2025/10/05 10:11:17.339,246.488,6.786
2025/10/05 10:11:18.932,247.087,6.786
2025/10/05 10:11:21.639,229.048,4.883
2025/10/05 10:11:23.154,229.44,4.883
2025/10/05 10:11:24.581,230.023,4.883
2025/10/05 10:11:25.942,230.47,4.883
2025/10/05 10:11:27.308,231.044,4.883
2025/10/05 10:11:28.912,231.503,4.883
2025/10/05 10:11:30.303,231.97,4.883
2025/10/05 10:11:31.693,232.596,4.883
2025/10/05 10:11:33.257,232.945,4.883
2025/10/05 10:11:34.674,233.45,4.883
2025/10/05 10:11:36.038,234.107,4.883
2025/10/05 10:11:37.417,234.475,4.883
2025/10/05 10:11:39.034,234.994,4.883
2025/10/05 10:11:40.431,235.557,4.883
2025/10/05 10:11:41.822,235.92,4.883
2025/10/05 10:11:43.158,236.625,4.883
2025/10/05 10:11:44.503,237.068,4.883
2025/10/05 10:11:46.070,237.304,4.883
2025/10/05 10:11:47.448,237.999,4.883
2025/10/05 10:11:48.889,238.515,4.883
2025/10/05 10:11:50.289,239.023,4.883
2025/10/05 10:11:51.886,239.504,4.883
2025/10/05 10:11:53.273,240.078,4.883
2025/10/05 10:11:54.632,240.471,4.883
2025/10/05 10:11:56.191,241.067,4.883
2025/10/05 10:11:57.603,241.432,4.883
2025/10/05 10:11:58.991,242.006,4.883
2025/10/05 10:12:00.374,242.522,4.883
2025/10/05 10:12:01.768,242.978,4.883
2025/10/05 10:12:03.395,243.517,4.883
2025/10/05 10:12:04.769,243.967,4.883
2025/10/05 10:12:06.160,244.494,4.883
2025/10/05 10:12:07.528,245.035,4.883
2025/10/05 10:12:10.393,229.067,4.284
2025/10/05 10:12:11.789,229.429,4.284
2025/10/05 10:12:13.184,229.968,4.284
2025/10/05 10:12:14.598,230.547,4.284
2025/10/05 10:12:16.274,231.138,4.284
2025/10/05 10:12:17.657,231.407,4.284
2025/10/05 10:12:19.047,232.036,4.284
2025/10/05 10:12:20.442,232.371,4.284
2025/10/05 10:12:22.041,233.113,4.284
2025/10/05 10:12:23.435,233.417,4.284
2025/10/05 10:12:24.813,234.044,4.284
2025/10/05 10:12:26.180,234.533,4.284
2025/10/05 10:12:27.571,234.925,4.284
2025/10/05 10:12:29.156,235.527,4.284
2025/10/05 10:12:30.531,236.049,4.284
2025/10/05 10:12:31.882,236.48,4.284
2025/10/05 10:12:33.329,236.999,4.284
2025/10/05 10:12:34.882,237.537,4.284
2025/10/05 10:12:36.290,237.974,4.284
2025/10/05 10:12:37.667,238.471,4.284
2025/10/05 10:12:39.230,238.96,4.284
2025/10/05 10:12:40.627,239.54,4.284
2025/10/05 10:12:41.945,240.001,4.284
2025/10/05 10:12:43.344,240.482,4.284
2025/10/05 10:12:44.739,240.998,4.284
2025/10/05 10:12:46.193,241.525,4.284
2025/10/05 10:12:47.557,241.962,4.284
2025/10/05 10:12:48.983,242.478,4.284
2025/10/05 10:12:50.383,243.03,4.284
2025/10/05 10:12:51.949,243.528,4.284
2025/10/05 10:12:53.358,243.945,4.284
2025/10/05 10:12:54.735,244.505,4.284
2025/10/05 10:12:56.115,245.041,4.284
2025/10/05 10:12:59.201,223.077,11.208
2025/10/05 10:13:00.845,223.933,11.208
2025/10/05 10:13:02.290,224.994,11.208
2025/10/05 10:13:03.752,225.958,11.208
2025/10/05 10:13:05.356,226.996,11.208
2025/10/05 10:13:06.877,228.073,11.208
2025/10/05 10:13:08.326,229.012,11.208
2025/10/05 10:13:09.924,229.946,11.208
2025/10/05 10:13:11.356,230.959,11.208
2025/10/05 10:13:12.789,232.019,11.208
2025/10/05 10:13:14.430,232.983,11.208
2025/10/05 10:13:15.840,234.013,11.208
2025/10/05 10:13:17.301,234.999,11.208
2025/10/05 10:13:18.918,235.991,11.208
2025/10/05 10:13:20.349,237.007,11.208
2025/10/05 10:13:21.772,237.958,11.208
2025/10/05 10:13:23.370,239.073,11.208
2025/10/05 10:13:24.879,239.93,11.208
2025/10/05 10:13:26.307,240.987,11.208
2025/10/05 10:13:27.929,241.943,11.208
2025/10/05 10:13:29.385,242.937,11.208
2025/10/05 10:13:30.784,244.066,11.208
2025/10/05 10:13:32.379,244.95,11.208
2025/10/05 10:13:34.013,246.027,11.208
2025/10/05 10:13:35.445,247.049,11.208
2025/10/05 10:13:37.054,247.933,11.208
2025/10/05 10:13:38.453,249.032,11.208
2025/10/05 10:13:39.907,249.919,11.208
2025/10/05 10:13:41.293,250.957,11.208
2025/10/05 10:13:44.345,227.065,6.756
2025/10/05 10:13:45.714,227.378,6.756
2025/10/05 10:13:47.344,227.845,6.756
2025/10/05 10:13:48.951,228.578,6.756
2025/10/05 10:13:50.408,229.086,6.756
2025/10/05 10:13:51.977,229.528,6.756
2025/10/05 10:13:53.341,229.929,6.756
2025/10/05 10:13:54.722,230.501,6.756
2025/10/05 10:13:56.320,231.039,6.756
2025/10/05 10:13:57.744,231.566,6.756
2025/10/05 10:13:59.089,232.025,6.756
2025/10/05 10:14:00.468,232.448,6.756
2025/10/05 10:14:01.874,232.992,6.756
2025/10/05 10:14:03.271,233.456,6.756
2025/10/05 10:14:04.664,234.038,6.756
2025/10/05 10:14:06.067,234.417,6.756
2025/10/05 10:14:07.664,235.06,6.756
2025/10/05 10:14:09.083,235.431,6.756
2025/10/05 10:14:10.456,235.963,6.756
2025/10/05 10:14:11.834,236.516,6.756
2025/10/05 10:14:13.211,237.117,6.756
2025/10/05 10:14:14.777,237.394,6.756
2025/10/05 10:14:16.159,237.993,6.756
2025/10/05 10:14:17.542,238.554,6.756
2025/10/05 10:14:19.127,239.075,6.756
2025/10/05 10:14:20.514,239.498,6.756
2025/10/05 10:14:21.876,240.045,6.756
2025/10/05 10:14:23.226,240.471,6.756
2025/10/05 10:14:24.582,240.943,6.756
2025/10/05 10:14:26.177,241.534,6.756
2025/10/05 10:14:27.574,242.011,6.756
2025/10/05 10:14:28.953,242.542,6.756
2025/10/05 10:14:30.319,242.97,6.756
2025/10/05 10:14:31.907,243.456,6.756
2025/10/05 10:14:34.444,243.97,6.756
2025/10/05 10:14:35.848,244.519,6.756
2025/10/05 10:14:37.227,245.013,6.756
2025/10/05 10:14:38.635,245.434,6.756
2025/10/05 10:14:40.240,246.002,6.756
2025/10/05 10:14:41.574,246.546,6.756
2025/10/05 10:14:42.948,246.977,6.756
2025/10/05 10:14:45.937,229.037,4.877
2025/10/05 10:14:47.342,229.487,4.877
2025/10/05 10:14:48.729,229.99,4.877
2025/10/05 10:14:50.358,230.536,4.877
2025/10/05 10:14:51.751,230.915,4.877
2025/10/05 10:14:53.109,231.638,4.877
2025/10/05 10:14:54.495,231.874,4.877
2025/10/05 10:14:55.895,232.506,4.877
2025/10/05 10:14:57.263,232.983,4.877
2025/10/05 10:14:58.634,233.538,4.877
2025/10/05 10:14:59.987,233.942,4.877
2025/10/05 10:15:01.326,234.555,4.877
2025/10/05 10:15:02.887,234.958,4.877
2025/10/05 10:15:04.317,235.472,4.877
2025/10/05 10:15:05.681,236.007,4.877
2025/10/05 10:15:07.057,236.518,4.877
2025/10/05 10:15:08.405,237.002,4.877
2025/10/05 10:15:09.975,237.499,4.877
2025/10/05 10:15:11.361,237.958,4.877
2025/10/05 10:15:12.734,238.501,4.877
2025/10/05 10:15:14.289,238.985,4.877
2025/10/05 10:15:15.672,239.531,4.877
2025/10/05 10:15:17.083,240.006,4.877
2025/10/05 10:15:18.481,240.611,4.877
2025/10/05 10:15:19.838,240.951,4.877
2025/10/05 10:15:21.282,241.462,4.877
2025/10/05 10:15:22.678,241.981,4.877
2025/10/05 10:15:24.054,242.514,4.877
2025/10/05 10:15:25.426,242.978,4.877
2025/10/05 10:15:27.038,243.481,4.877
2025/10/05 10:15:28.469,243.989,4.877
2025/10/05 10:15:29.837,244.467,4.877
2025/10/05 10:15:31.419,245.016,4.877
2025/10/05 10:15:34.056,229.061,4.292
2025/10/05 10:15:35.435,229.479,4.292
2025/10/05 10:15:36.805,230.047,4.292
2025/10/05 10:15:38.280,230.457,4.292
2025/10/05 10:15:39.644,230.978,4.292
2025/10/05 10:15:41.051,231.52,4.292
2025/10/05 10:15:42.482,232.011,4.292
2025/10/05 10:15:43.999,232.547,4.292
2025/10/05 10:15:45.423,232.907,4.292
2025/10/05 10:15:46.826,233.53,4.292
2025/10/05 10:15:48.210,234.008,4.292
2025/10/05 10:15:49.761,234.555,4.292
2025/10/05 10:15:51.164,234.999,4.292
2025/10/05 10:15:52.551,235.433,4.292
2025/10/05 10:15:53.924,236.04,4.292
2025/10/05 10:15:55.551,236.614,4.292
2025/10/05 10:15:56.958,236.933,4.292
2025/10/05 10:15:58.361,237.559,4.292
2025/10/05 10:15:59.748,237.886,4.292
2025/10/05 10:16:01.364,238.463,4.292
2025/10/05 10:16:02.738,239.02,4.292
2025/10/05 10:16:04.126,239.509,4.292
2025/10/05 10:16:05.528,239.993,4.292
2025/10/05 10:16:06.887,240.509,4.292
2025/10/05 10:16:08.431,241.039,4.292
2025/10/05 10:16:09.818,241.473,4.292
2025/10/05 10:16:11.208,241.94,4.292
2025/10/05 10:16:12.602,242.498,4.292
2025/10/05 10:16:14.162,243.03,4.292
2025/10/05 10:16:15.562,243.497,4.292
2025/10/05 10:16:16.926,244.104,4.292
2025/10/05 10:16:18.328,244.36,4.292
2025/10/05 10:16:19.693,245.077,4.292
2025/10/05 10:16:22.770,222.972,11.206
2025/10/05 10:16:24.406,223.955,11.206
2025/10/05 10:16:25.833,225.029,11.206
2025/10/05 10:16:27.275,225.955,11.206
2025/10/05 10:16:28.657,227.043,11.206
2025/10/05 10:16:30.068,227.982,11.206
2025/10/05 10:16:31.471,229.015,11.206
2025/10/05 10:16:32.848,230.014,11.206
2025/10/05 10:16:34.250,230.945,11.206
2025/10/05 10:16:35.843,232.072,11.206
2025/10/05 10:16:37.322,232.986,11.206
2025/10/05 10:16:38.775,234.066,11.206
2025/10/05 10:16:40.404,234.947,11.206
2025/10/05 10:16:41.846,236.002,11.206
2025/10/05 10:16:43.270,237.032,11.206
2025/10/05 10:16:44.692,237.971,11.206
2025/10/05 10:16:46.135,238.957,11.206
2025/10/05 10:16:47.550,240.02,11.206
2025/10/05 10:16:48.970,241.036,11.206
2025/10/05 10:16:50.576,242.069,11.206
2025/10/05 10:16:52.014,242.973,11.206
2025/10/05 10:16:53.452,243.942,11.206
2025/10/05 10:16:54.858,244.953,11.206
2025/10/05 10:16:56.309,246.03,11.206
2025/10/05 10:16:57.757,247.079,11.206
2025/10/05 10:16:59.176,247.889,11.206
2025/10/05 10:17:00.835,249.026,11.206
2025/10/05 10:17:02.350,250.045,11.206
2025/10/05 10:17:03.839,250.976,11.206
2025/10/05 10:17:06.970,227.023,6.781
2025/10/05 10:17:08.375,227.49,6.781
2025/10/05 10:17:09.984,228.009,6.781
2025/10/05 10:17:11.349,228.539,6.781
2025/10/05 10:17:12.751,228.987,6.781
2025/10/05 10:17:14.111,229.526,6.781
2025/10/05 10:17:15.738,229.943,6.781
2025/10/05 10:17:17.118,230.534,6.781
2025/10/05 10:17:18.495,231.0,6.781
2025/10/05 10:17:19.930,231.465,6.781
2025/10/05 10:17:21.319,232.003,6.781
2025/10/05 10:17:22.672,232.544,6.781
2025/10/05 10:17:24.098,232.986,6.781
2025/10/05 10:17:25.478,233.516,6.781
2025/10/05 10:17:27.068,234.002,6.781
2025/10/05 10:17:28.444,234.428,6.781
2025/10/05 10:17:29.843,235.052,6.781
2025/10/05 10:17:31.435,235.527,6.781
2025/10/05 10:17:32.785,236.123,6.781
2025/10/05 10:17:34.157,236.406,6.781
2025/10/05 10:17:35.530,237.043,6.781
2025/10/05 10:17:37.181,237.48,6.781
2025/10/05 10:17:38.575,237.993,6.781
2025/10/05 10:17:39.972,238.556,6.781
2025/10/05 10:17:41.336,238.955,6.781
2025/10/05 10:17:42.982,239.482,6.781
2025/10/05 10:17:44.370,240.006,6.781
2025/10/05 10:17:45.748,240.515,6.781
2025/10/05 10:17:47.082,240.932,6.781
2025/10/05 10:17:48.679,241.512,6.781
2025/10/05 10:17:50.069,241.962,6.781
2025/10/05 10:17:51.457,242.591,6.781
2025/10/05 10:17:52.844,242.937,6.781
2025/10/05 10:17:54.343,243.495,6.781
2025/10/05 10:17:55.738,244.063,6.781
2025/10/05 10:17:57.102,244.437,6.781
2025/10/05 10:17:58.489,245.049,6.781
2025/10/05 10:18:00.036,245.497,6.781
2025/10/05 10:18:01.460,245.969,6.781
2025/10/05 10:18:02.794,246.576,6.781
2025/10/05 10:18:04.400,246.92,6.781
2025/10/05 10:18:07.099,229.028,4.872
2025/10/05 10:18:08.464,229.46,4.872
2025/10/05 10:18:09.861,230.053,4.872
2025/10/05 10:18:11.340,230.503,4.872
2025/10/05 10:18:12.683,231.132,4.872
2025/10/05 10:18:14.063,231.357,4.872
2025/10/05 10:18:15.456,232.05,4.872
2025/10/05 10:18:17.061,232.506,4.872
2025/10/05 10:18:18.448,232.948,4.872
2025/10/05 10:18:19.807,233.662,4.872
2025/10/05 10:18:21.371,233.942,4.872
2025/10/05 10:18:22.814,234.445,4.872
2025/10/05 10:18:24.213,235.057,4.872
2025/10/05 10:18:25.586,235.568,4.872
2025/10/05 10:18:27.189,235.988,4.872
2025/10/05 10:18:28.597,236.403,4.872
2025/10/05 10:18:29.971,237.013,4.872
2025/10/05 10:18:31.338,237.458,4.872
2025/10/05 10:18:32.750,238.122,4.872
2025/10/05 10:18:34.347,238.446,4.872
2025/10/05 10:18:35.710,239.119,4.872
2025/10/05 10:18:37.072,239.353,4.872
2025/10/05 10:18:38.459,240.009,4.872
2025/10/05 10:18:40.064,240.512,4.872
2025/10/05 10:18:41.444,240.96,4.872
2025/10/05 10:18:42.844,241.528,4.872
2025/10/05 10:18:44.373,241.959,4.872
2025/10/05 10:18:45.785,242.533,4.872
2025/10/05 10:18:47.152,243.036,4.872
2025/10/05 10:18:48.543,243.5,4.872
2025/10/05 10:18:49.883,244.099,4.872
2025/10/05 10:18:51.499,244.365,4.872
2025/10/05 10:18:52.853,245.044,4.872
2025/10/05 10:18:55.397,229.034,4.287
2025/10/05 10:18:57.011,229.534,4.287
2025/10/05 10:18:58.433,230.006,4.287
2025/10/05 10:18:59.792,230.479,4.287
2025/10/05 10:19:01.410,230.992,4.287
2025/10/05 10:19:02.840,231.577,4.287
2025/10/05 10:19:04.202,231.932,4.287
2025/10/05 10:19:05.595,232.547,4.287
2025/10/05 10:19:06.970,233.102,4.287
2025/10/05 10:19:08.398,233.401,4.287
2025/10/05 10:19:09.742,233.934,4.287
2025/10/05 10:19:11.140,234.5,4.287
2025/10/05 10:19:12.511,235.079,4.287
2025/10/05 10:19:14.052,235.444,4.287
2025/10/05 10:19:15.491,235.963,4.287
2025/10/05 10:19:16.870,236.565,4.287
2025/10/05 10:19:18.503,236.996,4.287
2025/10/05 10:19:19.876,237.513,4.287
2025/10/05 10:19:21.258,238.073,4.287
2025/10/05 10:19:22.623,238.482,4.287
2025/10/05 10:19:24.236,238.93,4.287
2025/10/05 10:19:25.662,239.457,4.287
2025/10/05 10:19:27.016,240.048,4.287
2025/10/05 10:19:28.411,240.559,4.287
2025/10/05 10:19:29.793,240.96,4.287
2025/10/05 10:19:31.375,241.481,4.287
2025/10/05 10:19:32.786,242.033,4.287
2025/10/05 10:19:34.148,242.536,4.287
2025/10/05 10:19:35.536,242.978,4.287
2025/10/05 10:19:37.100,243.506,4.287
2025/10/05 10:19:38.519,243.992,4.287
2025/10/05 10:19:39.907,244.505,4.287
2025/10/05 10:19:41.492,244.901,4.287
2025/10/05 10:19:44.377,223.046,11.208
2025/10/05 10:19:45.803,223.939,11.208
2025/10/05 10:19:47.384,225.095,11.208
2025/10/05 10:19:48.847,225.947,11.208
2025/10/05 10:19:50.247,226.996,11.208
2025/10/05 10:19:51.854,228.1,11.208
2025/10/05 10:19:53.273,228.954,11.208
2025/10/05 10:19:54.675,230.006,11.208
2025/10/05 10:19:56.276,230.995,11.208
2025/10/05 10:19:57.737,232.019,11.208
2025/10/05 10:19:59.177,233.055,11.208
2025/10/05 10:20:00.599,234.096,11.208
2025/10/05 10:20:02.079,235.098,11.208
2025/10/05 10:20:03.513,235.898,11.208
2025/10/05 10:20:04.942,237.084,11.208
2025/10/05 10:20:06.330,238.04,11.208
2025/10/05 10:20:07.956,239.004,11.208
2025/10/05 10:20:09.372,240.059,11.208
2025/10/05 10:20:10.854,241.058,11.208
2025/10/05 10:20:12.512,241.896,11.208
2025/10/05 10:20:14.009,242.995,11.208
2025/10/05 10:20:15.545,243.94,11.208
2025/10/05 10:20:17.169,245.027,11.208
2025/10/05 10:20:18.615,246.008,11.208
2025/10/05 10:20:20.109,246.961,11.208
2025/10/05 10:20:21.709,248.002,11.208
2025/10/05 10:20:23.142,249.007,11.208
2025/10/05 10:20:24.552,250.034,11.208
2025/10/05 10:20:26.221,250.902,11.208
2025/10/05 10:20:29.064,227.01,6.784
2025/10/05 10:20:30.620,227.416,6.784
2025/10/05 10:20:32.058,228.023,6.784
2025/10/05 10:20:33.422,228.46,6.784
2025/10/05 10:20:34.821,229.045,6.784
2025/10/05 10:20:36.347,229.443,6.784
2025/10/05 10:20:37.770,229.979,6.784
2025/10/05 10:20:39.136,230.558,6.784
2025/10/05 10:20:40.505,231.006,6.784
2025/10/05 10:20:42.114,231.478,6.784
2025/10/05 10:20:43.496,231.986,6.784
2025/10/05 10:20:44.875,232.492,6.784
2025/10/05 10:20:46.427,233.091,6.784
2025/10/05 10:20:47.829,233.417,6.784
2025/10/05 10:20:49.202,233.975,6.784
2025/10/05 10:20:50.560,234.497,6.784
2025/10/05 10:20:51.929,235.046,6.784
2025/10/05 10:20:53.410,235.442,6.784
2025/10/05 10:20:54.814,236.002,6.784
2025/10/05 10:20:56.192,236.455,6.784
2025/10/05 10:20:57.608,237.065,6.784
2025/10/05 10:20:59.198,237.466,6.784
2025/10/05 10:21:00.599,238.032,6.784
2025/10/05 10:21:01.960,238.46,6.784
2025/10/05 10:21:03.515,239.023,6.784
2025/10/05 10:21:04.906,239.487,6.784
2025/10/05 10:21:06.261,240.05,6.784
2025/10/05 10:21:07.627,240.517,6.784
2025/10/05 10:21:09.013,240.96,6.784
2025/10/05 10:21:10.437,241.49,6.784
2025/10/05 10:21:11.846,242.097,6.784
2025/10/05 10:21:13.202,242.506,6.784
2025/10/05 10:21:14.589,242.893,6.784
2025/10/05 10:21:16.150,243.495,6.784
2025/10/05 10:21:17.569,244.022,6.784
2025/10/05 10:21:18.945,244.618,6.784
2025/10/05 10:21:20.559,244.882,6.784
2025/10/05 10:21:21.948,245.513,6.784
2025/10/05 10:21:23.383,245.994,6.784
2025/10/05 10:21:24.737,246.543,6.784
2025/10/05 10:21:26.173,246.997,6.784
2025/10/05 10:21:28.876,229.053,4.877
2025/10/05 10:21:30.533,229.427,4.877
2025/10/05 10:21:31.940,229.998,4.877
2025/10/05 10:21:33.333,230.498,4.877
2025/10/05 10:21:34.697,231.022,4.877
2025/10/05 10:21:36.117,231.544,4.877
2025/10/05 10:21:37.475,232.011,4.877
2025/10/05 10:21:38.854,232.508,4.877
2025/10/05 10:21:40.262,233.008,4.877
2025/10/05 10:21:41.635,233.511,4.877
2025/10/05 10:21:43.115,234.027,4.877
2025/10/05 10:21:44.473,234.648,4.877
2025/10/05 10:21:45.823,234.854,4.877
2025/10/05 10:21:47.225,235.483,4.877
2025/10/05 10:21:48.635,236.018,4.877
2025/10/05 10:21:50.261,236.554,4.877
2025/10/05 10:21:51.647,236.941,4.877
2025/10/05 10:21:53.042,237.559,4.877
2025/10/05 10:21:54.620,238.021,4.877
2025/10/05 10:21:55.990,238.597,4.877
2025/10/05 10:21:57.351,239.029,4.877
2025/10/05 10:21:58.719,239.501,4.877
2025/10/05 10:22:00.170,239.998,4.877
2025/10/05 10:22:01.528,240.44,4.877
2025/10/05 10:22:02.929,241.124,4.877
2025/10/05 10:22:04.300,241.437,4.877
2025/10/05 10:22:05.857,241.957,4.877
2025/10/05 10:22:07.250,242.577,4.877
2025/10/05 10:22:08.654,242.945,4.877
2025/10/05 10:22:10.076,243.561,4.877
2025/10/05 10:22:11.711,243.926,4.877
2025/10/05 10:22:13.107,244.497,4.877
2025/10/05 10:22:14.535,245.011,4.877
2025/10/05 10:22:17.515,228.897,4.287
2025/10/05 10:22:18.913,229.536,4.287
2025/10/05 10:22:20.306,229.852,4.287
2025/10/05 10:22:21.703,230.44,4.287
2025/10/05 10:22:23.144,231.108,4.287
2025/10/05 10:22:24.522,231.566,4.287
2025/10/05 10:22:25.906,231.981,4.287
2025/10/05 10:22:27.341,232.39,4.287
2025/10/05 10:22:28.930,233.137,4.287
2025/10/05 10:22:30.412,233.552,4.287
2025/10/05 10:22:31.786,234.063,4.287
2025/10/05 10:22:33.340,234.478,4.287
2025/10/05 10:22:34.726,235.063,4.287
2025/10/05 10:22:36.082,235.513,4.287
2025/10/05 10:22:37.448,236.126,4.287
2025/10/05 10:22:38.849,236.34,4.287
2025/10/05 10:22:40.280,237.04,4.287
2025/10/05 10:22:41.684,237.458,4.287
2025/10/05 10:22:43.075,237.985,4.287
2025/10/05 10:22:44.437,238.499,4.287
2025/10/05 10:22:46.004,238.982,4.287
2025/10/05 10:22:47.408,239.49,4.287
2025/10/05 10:22:48.771,240.028,4.287
2025/10/05 10:22:50.112,240.55,4.287
2025/10/05 10:22:51.738,240.943,4.287
2025/10/05 10:22:53.124,241.501,4.287
2025/10/05 10:22:54.513,241.976,4.287
2025/10/05 10:22:55.895,242.434,4.287
2025/10/05 10:22:57.543,243.102,4.287
2025/10/05 10:22:58.893,243.453,4.287
2025/10/05 10:23:00.252,243.984,4.287
2025/10/05 10:23:01.692,244.439,4.287
2025/10/05 10:23:03.050,245.044,4.287
2025/10/05 10:23:06.223,222.991,11.222
2025/10/05 10:23:07.882,223.939,11.222
2025/10/05 10:23:09.483,225.051,11.222
2025/10/05 10:23:10.926,225.971,11.222
2025/10/05 10:23:12.581,227.078,11.222
2025/10/05 10:23:13.997,227.858,11.222
2025/10/05 10:23:15.511,229.056,11.222
2025/10/05 10:23:17.132,229.946,11.222
2025/10/05 10:23:18.589,231.003,11.222
2025/10/05 10:23:20.031,232.039,11.222
2025/10/05 10:23:21.661,232.986,11.222
2025/10/05 10:23:23.061,234.024,11.222
2025/10/05 10:23:24.471,235.035,11.222
2025/10/05 10:23:26.140,235.972,11.222
2025/10/05 10:23:27.571,236.971,11.222
2025/10/05 10:23:28.973,238.048,11.222
2025/10/05 10:23:30.579,238.836,11.222
2025/10/05 10:23:32.076,240.089,11.222
2025/10/05 10:23:33.477,240.976,11.222
2025/10/05 10:23:35.167,242.168,11.222
2025/10/05 10:23:36.566,242.877,11.222
2025/10/05 10:23:38.019,243.975,11.222
2025/10/05 10:23:39.420,245.03,11.222
2025/10/05 10:23:41.088,245.92,11.222
2025/10/05 10:23:42.529,247.104,11.222
2025/10/05 10:23:43.935,248.002,11.222
2025/10/05 10:23:45.569,248.894,11.222
2025/10/05 10:23:46.992,250.084,11.222
2025/10/05 10:23:48.438,250.938,11.222
2025/10/05 10:23:51.456,226.955,6.775
2025/10/05 10:23:52.819,227.441,6.775
2025/10/05 10:23:54.238,227.974,6.775
2025/10/05 10:23:55.783,228.493,6.775
2025/10/05 10:23:57.169,228.993,6.775
2025/10/05 10:23:58.565,229.501,6.775
2025/10/05 10:23:59.936,229.979,6.775
2025/10/05 10:24:01.477,230.619,6.775
2025/10/05 10:24:02.859,230.967,6.775
2025/10/05 10:24:04.209,231.498,6.775
2025/10/05 10:24:05.586,232.039,6.775
2025/10/05 10:24:07.187,232.47,6.775
2025/10/05 10:24:08.579,233.022,6.775
2025/10/05 10:24:09.940,233.494,6.775
2025/10/05 10:24:11.337,233.948,6.775
2025/10/05 10:24:12.968,234.519,6.775
2025/10/05 10:24:14.348,234.999,6.775
2025/10/05 10:24:15.750,235.519,6.775
2025/10/05 10:24:17.108,236.049,6.775
2025/10/05 10:24:18.703,236.414,6.775
2025/10/05 10:24:20.073,236.947,6.775
2025/10/05 10:24:21.479,237.463,6.775
2025/10/05 10:24:22.890,238.021,6.775
2025/10/05 10:24:24.427,238.529,6.775
2025/10/05 10:24:25.815,238.976,6.775
2025/10/05 10:24:27.172,239.432,6.775
2025/10/05 10:24:28.536,240.039,6.775
2025/10/05 10:24:30.130,240.528,6.775
2025/10/05 10:24:31.540,240.965,6.775
2025/10/05 10:24:32.885,241.605,6.775
2025/10/05 10:24:34.215,241.902,6.775
2025/10/05 10:24:35.594,242.451,6.775
2025/10/05 10:24:37.239,242.973,6.775
2025/10/05 10:24:38.611,243.552,6.775
2025/10/05 10:24:39.983,244.047,6.775
2025/10/05 10:24:41.563,244.492,6.775
2025/10/05 10:24:42.963,245.0,6.775
2025/10/05 10:24:44.336,245.511,6.775
2025/10/05 10:24:45.702,245.98,6.775
2025/10/05 10:24:47.056,246.453,6.775
2025/10/05 10:24:48.523,246.961,6.775
2025/10/05 10:24:51.186,229.031,4.883
2025/10/05 10:24:52.809,229.44,4.883
2025/10/05 10:24:54.173,230.067,4.883
2025/10/05 10:24:55.558,230.473,4.883
2025/10/05 10:24:56.970,231.017,4.883
2025/10/05 10:24:58.333,231.517,4.883
2025/10/05 10:24:59.715,232.0,4.883
2025/10/05 10:25:01.102,232.467,4.883
2025/10/05 10:25:02.466,233.03,4.883
2025/10/05 10:25:04.008,233.434,4.883
2025/10/05 10:25:05.396,234.013,4.883
2025/10/05 10:25:06.834,234.494,4.883
2025/10/05 10:25:08.412,234.956,4.883
2025/10/05 10:25:09.845,235.472,4.883
2025/10/05 10:25:11.215,236.079,4.883
2025/10/05 10:25:12.547,236.549,4.883
2025/10/05 10:25:14.159,236.98,4.883
2025/10/05 10:25:15.534,237.463,4.883
2025/10/05 10:25:16.876,237.979,4.883
2025/10/05 10:25:18.221,238.545,4.883
2025/10/05 10:25:19.803,239.02,4.883
2025/10/05 10:25:21.228,239.504,4.883
2025/10/05 10:25:22.575,240.136,4.883
2025/10/05 10:25:23.919,240.454,4.883
2025/10/05 10:25:25.509,241.001,4.883
2025/10/05 10:25:26.883,241.545,4.883
2025/10/05 10:25:28.247,242.009,4.883
2025/10/05 10:25:29.645,242.564,4.883
2025/10/05 10:25:31.211,242.948,4.883
2025/10/05 10:25:32.600,243.572,4.883
2025/10/05 10:25:33.963,243.948,4.883
2025/10/05 10:25:35.323,244.547,4.883
2025/10/05 10:25:36.692,244.959,4.883
2025/10/05 10:25:39.445,229.105,4.287
2025/10/05 10:25:40.813,229.517,4.287
2025/10/05 10:25:42.214,230.034,4.287
2025/10/05 10:25:43.767,230.484,4.287
2025/10/05 10:25:45.171,230.929,4.287
2025/10/05 10:25:46.554,231.517,4.287
2025/10/05 10:25:47.933,232.072,4.287
2025/10/05 10:25:49.479,232.456,4.287
2025/10/05 10:25:50.865,233.014,4.287
2025/10/05 10:25:52.256,233.582,4.287
2025/10/05 10:25:53.602,233.917,4.287
2025/10/05 10:25:55.215,234.431,4.287
2025/10/05 10:25:56.586,235.038,4.287
2025/10/05 10:25:58.004,235.455,4.287
2025/10/05 10:25:59.601,236.005,4.287
2025/10/05 10:26:01.015,236.485,4.287
2025/10/05 10:26:02.363,236.982,4.287
2025/10/05 10:26:03.778,237.482,4.287
2025/10/05 10:26:05.219,237.9,4.287
2025/10/05 10:26:06.596,238.545,4.287
2025/10/05 10:26:07.977,239.07,4.287
2025/10/05 10:26:09.380,239.501,4.287
2025/10/05 10:26:10.972,240.026,4.287
2025/10/05 10:26:12.376,240.509,4.287
2025/10/05 10:26:13.753,240.992,4.287
2025/10/05 10:26:15.120,241.484,4.287
2025/10/05 10:26:16.723,242.006,4.287
2025/10/05 10:26:18.109,242.448,4.287
2025/10/05 10:26:19.512,243.124,4.287
2025/10/05 10:26:20.862,243.415,4.287
2025/10/05 10:26:22.304,243.995,4.287
2025/10/05 10:26:23.668,244.461,4.287
2025/10/05 10:26:25.028,244.97,4.287
2025/10/05 10:26:28.120,223.033,11.203
2025/10/05 10:26:29.540,223.994,11.203
2025/10/05 10:26:30.971,224.952,11.203
2025/10/05 10:26:32.582,225.947,11.203
2025/10/05 10:26:34.029,227.001,11.203
2025/10/05 10:26:35.449,228.015,11.203
2025/10/05 10:26:36.830,229.039,11.203
2025/10/05 10:26:38.409,230.097,11.203
2025/10/05 10:26:39.838,230.869,11.203
2025/10/05 10:26:41.274,232.083,11.203
2025/10/05 10:26:42.777,232.961,11.203
2025/10/05 10:26:44.313,234.024,11.203
2025/10/05 10:26:45.692,234.977,11.203
2025/10/05 10:26:47.096,235.983,11.203
2025/10/05 10:26:48.527,237.015,11.203
2025/10/05 10:26:50.162,238.07,11.203
2025/10/05 10:26:51.574,238.919,11.203
2025/10/05 10:26:53.020,239.993,11.203
2025/10/05 10:26:54.590,241.08,11.203
2025/10/05 10:26:56.011,241.948,11.203
2025/10/05 10:26:57.438,242.967,11.203
2025/10/05 10:26:59.076,244.06,11.203
2025/10/05 10:27:00.517,244.95,11.203
2025/10/05 10:27:01.912,246.074,11.203
2025/10/05 10:27:03.315,247.016,11.203
2025/10/05 10:27:04.896,247.974,11.203
2025/10/05 10:27:06.312,249.056,11.203
2025/10/05 10:27:07.773,250.012,11.203
2025/10/05 10:27:09.177,250.927,11.203
2025/10/05 10:27:12.446,227.043,6.784
2025/10/05 10:27:14.063,227.553,6.784
2025/10/05 10:27:15.446,227.919,6.784
2025/10/05 10:27:16.825,228.49,6.784
2025/10/05 10:27:18.439,229.083,6.784
2025/10/05 10:27:19.807,229.435,6.784
2025/10/05 10:27:21.218,230.009,6.784
2025/10/05 10:27:22.629,230.514,6.784
2025/10/05 10:27:23.992,230.965,6.784
2025/10/05 10:27:25.572,231.522,6.784
2025/10/05 10:27:26.958,232.011,6.784
2025/10/05 10:27:28.321,232.519,6.784
2025/10/05 10:27:29.689,232.975,6.784
2025/10/05 10:27:31.276,233.555,6.784
2025/10/05 10:27:32.676,234.011,6.784
2025/10/05 10:27:34.081,234.505,6.784
2025/10/05 10:27:35.647,235.06,6.784
2025/10/05 10:27:37.007,235.428,6.784
2025/10/05 10:27:38.398,236.018,6.784
2025/10/05 10:27:39.759,236.601,6.784
2025/10/05 10:27:41.152,236.892,6.784
2025/10/05 10:27:42.608,237.507,6.784
2025/10/05 10:27:44.038,238.015,6.784
2025/10/05 10:27:45.395,238.537,6.784
2025/10/05 10:27:46.798,238.976,6.784
2025/10/05 10:27:48.391,239.534,6.784
2025/10/05 10:27:49.786,239.927,6.784
2025/10/05 10:27:51.160,240.49,6.784
2025/10/05 10:27:52.753,241.009,6.784
2025/10/05 10:27:54.186,241.446,6.784
2025/10/05 10:27:55.553,242.108,6.784
2025/10/05 10:27:56.928,242.404,6.784
2025/10/05 10:27:58.523,242.967,6.784
2025/10/05 10:27:59.947,243.55,6.784
2025/10/05 10:28:01.312,243.945,6.784
2025/10/05 10:28:02.692,244.569,6.784
2025/10/05 10:28:04.309,244.931,6.784
2025/10/05 10:28:05.710,245.502,6.784
2025/10/05 10:28:07.073,245.978,6.784
2025/10/05 10:28:08.628,246.593,6.784
2025/10/05 10:28:10.031,246.922,6.784
2025/10/05 10:28:12.678,229.059,4.877
2025/10/05 10:28:14.031,229.471,4.877
2025/10/05 10:28:15.703,230.001,4.877
2025/10/05 10:28:17.073,230.44,4.877
2025/10/05 10:28:18.447,231.003,4.877
2025/10/05 10:28:19.820,231.528,4.877
2025/10/05 10:28:21.165,231.981,4.877
2025/10/05 10:28:22.822,232.539,4.877
2025/10/05 10:28:24.205,233.008,4.877
2025/10/05 10:28:25.548,233.579,4.877
2025/10/05 10:28:26.906,233.964,4.877
2025/10/05 10:28:28.333,234.472,4.877
2025/10/05 10:28:29.726,235.03,4.877
2025/10/05 10:28:31.107,235.521,4.877
2025/10/05 10:28:32.515,235.963,4.877
2025/10/05 10:28:34.108,236.494,4.877
2025/10/05 10:28:35.515,237.04,4.877
2025/10/05 10:28:36.937,237.6,4.877
2025/10/05 10:28:38.450,237.974,4.877
2025/10/05 10:28:39.844,238.515,4.877
2025/10/05 10:28:41.231,239.073,4.877
2025/10/05 10:28:42.564,239.443,4.877
2025/10/05 10:28:43.931,240.048,4.877
2025/10/05 10:28:45.512,240.55,4.877
2025/10/05 10:28:46.868,240.927,4.877
2025/10/05 10:28:48.281,241.514,4.877
2025/10/05 10:28:49.639,242.009,4.877
2025/10/05 10:28:51.264,242.58,4.877
2025/10/05 10:28:52.694,242.934,4.877
2025/10/05 10:28:54.192,243.407,4.877
2025/10/05 10:28:55.790,244.06,4.877
2025/10/05 10:28:57.230,244.47,4.877
2025/10/05 10:28:58.639,244.986,4.877
2025/10/05 10:29:01.503,229.133,4.284
2025/10/05 10:29:02.926,229.553,4.284
2025/10/05 10:29:04.297,229.883,4.284
2025/10/05 10:29:05.653,230.468,4.284
2025/10/05 10:29:07.033,230.954,4.284
2025/10/05 10:29:08.606,231.5,4.284
2025/10/05 10:29:09.978,231.992,4.284
2025/10/05 10:29:11.382,232.489,4.284
2025/10/05 10:29:12.763,233.025,4.284
